absolute_path,relative_path,class_label
F:\NTSE\lab02\output\class_named_dataset\cat_0000.jpg,output/class_named_dataset/cat_0000.jpg,cat
F:\NTSE\lab02\output\class_named_dataset\cat_0001.jpg,output/class_named_dataset/cat_0001.jpg,cat
F:\NTSE\lab02\output\class_named_dataset\cat_0002.jpg,output/class_named_dataset/cat_0002.jpg,cat
F:\NTSE\lab02\output\class_named_dataset\cat_0003.jpg,output/class_named_dataset/cat_0003.jpg,cat
F:\NTSE\lab02\output\class_named_dataset\cat_0004.jpg,output/class_named_dataset/cat_0004.jpg,cat
F:\NTSE\lab02\output\class_named_dataset\cat_0005.jpg,output/class_named_dataset/cat_0005.jpg,cat
F:\NTSE\lab02\output\class_named_dataset\cat_0006.jpg,output/class_named_dataset/cat_0006.jpg,cat
F:\NTSE\lab02\output\class_named_dataset\cat_0007.jpg,output/class_named_dataset/cat_0007.jpg,cat
F:\NTSE\lab02\output\class_named_dataset\cat_0008.jpg,output/class_named_dataset/cat_0008.jpg,cat
F:\NTSE\lab02\output\class_named_dataset\cat_0009.jpg,output/class_named_dataset/cat_0009.jpg,cat
F:\NTSE\lab02\output\class_named_dataset\cat_0010.jpg,output/class_named_dataset/cat_0010.jpg,cat
F:\NTSE\lab02\output\class_named_dataset\cat_0011.jpg,output/class_named_dataset/cat_0011.jpg,cat
F:\NTSE\lab02\output\class_named_dataset\cat_0012.jpg,output/class_named_dataset/cat_0012.jpg,cat
F:\NTSE\lab02\output\class_named_dataset\cat_0013.jpg,output/class_named_dataset/cat_0013.jpg,cat
F:\NTSE\lab02\output\class_named_dataset\cat_0014.jpg,output/class_named_dataset/cat_0014.jpg,cat
F:\NTSE\lab02\output\class_named_dataset\cat_0015.jpg,output/class_named_dataset/cat_0015.jpg,cat
F:\NTSE\lab02\output\class_named_dataset\cat_0016.jpg,output/class_named_dataset/cat_0016.jpg,cat
F:\NTSE\lab02\output\class_named_dataset\cat_0017.jpg,output/class_named_dataset/cat_0017.jpg,cat
F:\NTSE\lab02\output\class_named_dataset\cat_0018.jpg,output/class_named_dataset/cat_0018.jpg,cat
F:\NTSE\lab02\output\class_named_dataset\cat_0019.jpg,output/class_named_dataset/cat_0019.jpg,cat
F:\NTSE\lab02\output\class_named_dataset\cat_0020.jpg,output/class_named_dataset/cat_0020.jpg,cat
F:\NTSE\lab02\output\class_named_dataset\cat_0021.jpg,output/class_named_dataset/cat_0021.jpg,cat
F:\NTSE\lab02\output\class_named_dataset\cat_0022.jpg,output/class_named_dataset/cat_0022.jpg,cat
F:\NTSE\lab02\output\class_named_dataset\cat_0023.jpg,output/class_named_dataset/cat_0023.jpg,cat
F:\NTSE\lab02\output\class_named_dataset\cat_0024.jpg,output/class_named_dataset/cat_0024.jpg,cat
F:\NTSE\lab02\output\class_named_dataset\cat_0025.jpg,output/class_named_dataset/cat_0025.jpg,cat
F:\NTSE\lab02\output\class_named_dataset\cat_0026.jpg,output/class_named_dataset/cat_0026.jpg,cat
F:\NTSE\lab02\output\class_named_dataset\cat_0027.jpg,output/class_named_dataset/cat_0027.jpg,cat
F:\NTSE\lab02\output\class_named_dataset\cat_0028.jpg,output/class_named_dataset/cat_0028.jpg,cat
F:\NTSE\lab02\output\class_named_dataset\cat_0029.jpg,output/class_named_dataset/cat_0029.jpg,cat
F:\NTSE\lab02\output\class_named_dataset\cat_0030.jpg,output/class_named_dataset/cat_0030.jpg,cat
F:\NTSE\lab02\output\class_named_dataset\cat_0031.jpg,output/class_named_dataset/cat_0031.jpg,cat
F:\NTSE\lab02\output\class_named_dataset\cat_0032.jpg,output/class_named_dataset/cat_0032.jpg,cat
F:\NTSE\lab02\output\class_named_dataset\cat_0033.jpg,output/class_named_dataset/cat_0033.jpg,cat
F:\NTSE\lab02\output\class_named_dataset\cat_0034.jpg,output/class_named_dataset/cat_0034.jpg,cat
F:\NTSE\lab02\output\class_named_dataset\cat_0035.jpg,output/class_named_dataset/cat_0035.jpg,cat
F:\NTSE\lab02\output\class_named_dataset\cat_0036.jpg,output/class_named_dataset/cat_0036.jpg,cat
F:\NTSE\lab02\output\class_named_dataset\cat_0037.jpg,output/class_named_dataset/cat_0037.jpg,cat
F:\NTSE\lab02\output\class_named_dataset\cat_0038.jpg,output/class_named_dataset/cat_0038.jpg,cat
F:\NTSE\lab02\output\class_named_dataset\cat_0039.jpg,output/class_named_dataset/cat_0039.jpg,cat
F:\NTSE\lab02\output\class_named_dataset\cat_0040.jpg,output/class_named_dataset/cat_0040.jpg,cat
F:\NTSE\lab02\output\class_named_dataset\cat_0041.jpg,output/class_named_dataset/cat_0041.jpg,cat
F:\NTSE\lab02\output\class_named_dataset\cat_0042.jpg,output/class_named_dataset/cat_0042.jpg,cat
F:\NTSE\lab02\output\class_named_dataset\cat_0043.jpg,output/class_named_dataset/cat_0043.jpg,cat
F:\NTSE\lab02\output\class_named_dataset\cat_0044.jpg,output/class_named_dataset/cat_0044.jpg,cat
F:\NTSE\lab02\output\class_named_dataset\cat_0045.jpg,output/class_named_dataset/cat_0045.jpg,cat
F:\NTSE\lab02\output\class_named_dataset\cat_0046.jpg,output/class_named_dataset/cat_0046.jpg,cat
F:\NTSE\lab02\output\class_named_dataset\cat_0047.jpg,output/class_named_dataset/cat_0047.jpg,cat
F:\NTSE\lab02\output\class_named_dataset\cat_0048.jpg,output/class_named_dataset/cat_0048.jpg,cat
F:\NTSE\lab02\output\class_named_dataset\cat_0049.jpg,output/class_named_dataset/cat_0049.jpg,cat
F:\NTSE\lab02\output\class_named_dataset\cat_0050.jpg,output/class_named_dataset/cat_0050.jpg,cat
F:\NTSE\lab02\output\class_named_dataset\cat_0051.jpg,output/class_named_dataset/cat_0051.jpg,cat
F:\NTSE\lab02\output\class_named_dataset\cat_0052.jpg,output/class_named_dataset/cat_0052.jpg,cat
F:\NTSE\lab02\output\class_named_dataset\cat_0053.jpg,output/class_named_dataset/cat_0053.jpg,cat
F:\NTSE\lab02\output\class_named_dataset\cat_0054.jpg,output/class_named_dataset/cat_0054.jpg,cat
F:\NTSE\lab02\output\class_named_dataset\cat_0055.jpg,output/class_named_dataset/cat_0055.jpg,cat
F:\NTSE\lab02\output\class_named_dataset\cat_0056.jpg,output/class_named_dataset/cat_0056.jpg,cat
F:\NTSE\lab02\output\class_named_dataset\cat_0057.jpg,output/class_named_dataset/cat_0057.jpg,cat
F:\NTSE\lab02\output\class_named_dataset\cat_0058.jpg,output/class_named_dataset/cat_0058.jpg,cat
F:\NTSE\lab02\output\class_named_dataset\cat_0059.jpg,output/class_named_dataset/cat_0059.jpg,cat
F:\NTSE\lab02\output\class_named_dataset\cat_0060.jpg,output/class_named_dataset/cat_0060.jpg,cat
F:\NTSE\lab02\output\class_named_dataset\cat_0061.jpg,output/class_named_dataset/cat_0061.jpg,cat
F:\NTSE\lab02\output\class_named_dataset\cat_0062.jpg,output/class_named_dataset/cat_0062.jpg,cat
F:\NTSE\lab02\output\class_named_dataset\cat_0063.jpg,output/class_named_dataset/cat_0063.jpg,cat
F:\NTSE\lab02\output\class_named_dataset\cat_0064.jpg,output/class_named_dataset/cat_0064.jpg,cat
F:\NTSE\lab02\output\class_named_dataset\cat_0065.jpg,output/class_named_dataset/cat_0065.jpg,cat
F:\NTSE\lab02\output\class_named_dataset\cat_0066.jpg,output/class_named_dataset/cat_0066.jpg,cat
F:\NTSE\lab02\output\class_named_dataset\cat_0067.jpg,output/class_named_dataset/cat_0067.jpg,cat
F:\NTSE\lab02\output\class_named_dataset\cat_0068.jpg,output/class_named_dataset/cat_0068.jpg,cat
F:\NTSE\lab02\output\class_named_dataset\cat_0069.jpg,output/class_named_dataset/cat_0069.jpg,cat
F:\NTSE\lab02\output\class_named_dataset\cat_0070.jpg,output/class_named_dataset/cat_0070.jpg,cat
F:\NTSE\lab02\output\class_named_dataset\cat_0071.jpg,output/class_named_dataset/cat_0071.jpg,cat
F:\NTSE\lab02\output\class_named_dataset\cat_0072.jpg,output/class_named_dataset/cat_0072.jpg,cat
F:\NTSE\lab02\output\class_named_dataset\cat_0073.jpg,output/class_named_dataset/cat_0073.jpg,cat
F:\NTSE\lab02\output\class_named_dataset\cat_0074.jpg,output/class_named_dataset/cat_0074.jpg,cat
F:\NTSE\lab02\output\class_named_dataset\cat_0075.jpg,output/class_named_dataset/cat_0075.jpg,cat
F:\NTSE\lab02\output\class_named_dataset\cat_0076.jpg,output/class_named_dataset/cat_0076.jpg,cat
F:\NTSE\lab02\output\class_named_dataset\cat_0077.jpg,output/class_named_dataset/cat_0077.jpg,cat
F:\NTSE\lab02\output\class_named_dataset\cat_0078.jpg,output/class_named_dataset/cat_0078.jpg,cat
F:\NTSE\lab02\output\class_named_dataset\cat_0079.jpg,output/class_named_dataset/cat_0079.jpg,cat
F:\NTSE\lab02\output\class_named_dataset\cat_0080.jpg,output/class_named_dataset/cat_0080.jpg,cat
F:\NTSE\lab02\output\class_named_dataset\cat_0081.jpg,output/class_named_dataset/cat_0081.jpg,cat
F:\NTSE\lab02\output\class_named_dataset\cat_0082.jpg,output/class_named_dataset/cat_0082.jpg,cat
F:\NTSE\lab02\output\class_named_dataset\cat_0083.jpg,output/class_named_dataset/cat_0083.jpg,cat
F:\NTSE\lab02\output\class_named_dataset\cat_0084.jpg,output/class_named_dataset/cat_0084.jpg,cat
F:\NTSE\lab02\output\class_named_dataset\cat_0085.jpg,output/class_named_dataset/cat_0085.jpg,cat
F:\NTSE\lab02\output\class_named_dataset\cat_0086.jpg,output/class_named_dataset/cat_0086.jpg,cat
F:\NTSE\lab02\output\class_named_dataset\cat_0087.jpg,output/class_named_dataset/cat_0087.jpg,cat
F:\NTSE\lab02\output\class_named_dataset\cat_0088.jpg,output/class_named_dataset/cat_0088.jpg,cat
F:\NTSE\lab02\output\class_named_dataset\cat_0089.jpg,output/class_named_dataset/cat_0089.jpg,cat
F:\NTSE\lab02\output\class_named_dataset\cat_0090.jpg,output/class_named_dataset/cat_0090.jpg,cat
F:\NTSE\lab02\output\class_named_dataset\cat_0091.jpg,output/class_named_dataset/cat_0091.jpg,cat
F:\NTSE\lab02\output\class_named_dataset\cat_0092.jpg,output/class_named_dataset/cat_0092.jpg,cat
F:\NTSE\lab02\output\class_named_dataset\cat_0093.jpg,output/class_named_dataset/cat_0093.jpg,cat
F:\NTSE\lab02\output\class_named_dataset\cat_0094.jpg,output/class_named_dataset/cat_0094.jpg,cat
F:\NTSE\lab02\output\class_named_dataset\cat_0095.jpg,output/class_named_dataset/cat_0095.jpg,cat
F:\NTSE\lab02\output\class_named_dataset\cat_0096.jpg,output/class_named_dataset/cat_0096.jpg,cat
F:\NTSE\lab02\output\class_named_dataset\cat_0097.jpg,output/class_named_dataset/cat_0097.jpg,cat
F:\NTSE\lab02\output\class_named_dataset\cat_0098.jpg,output/class_named_dataset/cat_0098.jpg,cat
F:\NTSE\lab02\output\class_named_dataset\cat_0099.jpg,output/class_named_dataset/cat_0099.jpg,cat
F:\NTSE\lab02\output\class_named_dataset\cat_0100.jpg,output/class_named_dataset/cat_0100.jpg,cat
F:\NTSE\lab02\output\class_named_dataset\cat_0101.jpg,output/class_named_dataset/cat_0101.jpg,cat
F:\NTSE\lab02\output\class_named_dataset\cat_0102.jpg,output/class_named_dataset/cat_0102.jpg,cat
F:\NTSE\lab02\output\class_named_dataset\cat_0103.jpg,output/class_named_dataset/cat_0103.jpg,cat
F:\NTSE\lab02\output\class_named_dataset\cat_0104.jpg,output/class_named_dataset/cat_0104.jpg,cat
F:\NTSE\lab02\output\class_named_dataset\cat_0105.jpg,output/class_named_dataset/cat_0105.jpg,cat
F:\NTSE\lab02\output\class_named_dataset\cat_0106.jpg,output/class_named_dataset/cat_0106.jpg,cat
F:\NTSE\lab02\output\class_named_dataset\cat_0107.jpg,output/class_named_dataset/cat_0107.jpg,cat
F:\NTSE\lab02\output\class_named_dataset\cat_0108.jpg,output/class_named_dataset/cat_0108.jpg,cat
F:\NTSE\lab02\output\class_named_dataset\cat_0109.jpg,output/class_named_dataset/cat_0109.jpg,cat
F:\NTSE\lab02\output\class_named_dataset\cat_0110.jpg,output/class_named_dataset/cat_0110.jpg,cat
F:\NTSE\lab02\output\class_named_dataset\cat_0111.jpg,output/class_named_dataset/cat_0111.jpg,cat
F:\NTSE\lab02\output\class_named_dataset\cat_0112.jpg,output/class_named_dataset/cat_0112.jpg,cat
F:\NTSE\lab02\output\class_named_dataset\cat_0113.jpg,output/class_named_dataset/cat_0113.jpg,cat
F:\NTSE\lab02\output\class_named_dataset\cat_0114.jpg,output/class_named_dataset/cat_0114.jpg,cat
F:\NTSE\lab02\output\class_named_dataset\cat_0115.jpg,output/class_named_dataset/cat_0115.jpg,cat
F:\NTSE\lab02\output\class_named_dataset\cat_0116.jpg,output/class_named_dataset/cat_0116.jpg,cat
F:\NTSE\lab02\output\class_named_dataset\cat_0117.jpg,output/class_named_dataset/cat_0117.jpg,cat
F:\NTSE\lab02\output\class_named_dataset\cat_0118.jpg,output/class_named_dataset/cat_0118.jpg,cat
F:\NTSE\lab02\output\class_named_dataset\cat_0119.jpg,output/class_named_dataset/cat_0119.jpg,cat
F:\NTSE\lab02\output\class_named_dataset\cat_0120.jpg,output/class_named_dataset/cat_0120.jpg,cat
F:\NTSE\lab02\output\class_named_dataset\cat_0121.jpg,output/class_named_dataset/cat_0121.jpg,cat
F:\NTSE\lab02\output\class_named_dataset\cat_0122.jpg,output/class_named_dataset/cat_0122.jpg,cat
F:\NTSE\lab02\output\class_named_dataset\cat_0123.jpg,output/class_named_dataset/cat_0123.jpg,cat
F:\NTSE\lab02\output\class_named_dataset\cat_0124.jpg,output/class_named_dataset/cat_0124.jpg,cat
F:\NTSE\lab02\output\class_named_dataset\cat_0125.jpg,output/class_named_dataset/cat_0125.jpg,cat
F:\NTSE\lab02\output\class_named_dataset\cat_0126.jpg,output/class_named_dataset/cat_0126.jpg,cat
F:\NTSE\lab02\output\class_named_dataset\cat_0127.jpg,output/class_named_dataset/cat_0127.jpg,cat
F:\NTSE\lab02\output\class_named_dataset\cat_0128.jpg,output/class_named_dataset/cat_0128.jpg,cat
F:\NTSE\lab02\output\class_named_dataset\cat_0129.jpg,output/class_named_dataset/cat_0129.jpg,cat
F:\NTSE\lab02\output\class_named_dataset\cat_0130.jpg,output/class_named_dataset/cat_0130.jpg,cat
F:\NTSE\lab02\output\class_named_dataset\cat_0131.jpg,output/class_named_dataset/cat_0131.jpg,cat
F:\NTSE\lab02\output\class_named_dataset\cat_0132.jpg,output/class_named_dataset/cat_0132.jpg,cat
F:\NTSE\lab02\output\class_named_dataset\cat_0133.jpg,output/class_named_dataset/cat_0133.jpg,cat
F:\NTSE\lab02\output\class_named_dataset\cat_0134.jpg,output/class_named_dataset/cat_0134.jpg,cat
F:\NTSE\lab02\output\class_named_dataset\cat_0135.jpg,output/class_named_dataset/cat_0135.jpg,cat
F:\NTSE\lab02\output\class_named_dataset\cat_0136.jpg,output/class_named_dataset/cat_0136.jpg,cat
F:\NTSE\lab02\output\class_named_dataset\cat_0137.jpg,output/class_named_dataset/cat_0137.jpg,cat
F:\NTSE\lab02\output\class_named_dataset\cat_0138.jpg,output/class_named_dataset/cat_0138.jpg,cat
F:\NTSE\lab02\output\class_named_dataset\cat_0139.jpg,output/class_named_dataset/cat_0139.jpg,cat
F:\NTSE\lab02\output\class_named_dataset\cat_0140.jpg,output/class_named_dataset/cat_0140.jpg,cat
F:\NTSE\lab02\output\class_named_dataset\cat_0141.jpg,output/class_named_dataset/cat_0141.jpg,cat
F:\NTSE\lab02\output\class_named_dataset\cat_0142.jpg,output/class_named_dataset/cat_0142.jpg,cat
F:\NTSE\lab02\output\class_named_dataset\cat_0143.jpg,output/class_named_dataset/cat_0143.jpg,cat
F:\NTSE\lab02\output\class_named_dataset\cat_0144.jpg,output/class_named_dataset/cat_0144.jpg,cat
F:\NTSE\lab02\output\class_named_dataset\cat_0145.jpg,output/class_named_dataset/cat_0145.jpg,cat
F:\NTSE\lab02\output\class_named_dataset\cat_0146.jpg,output/class_named_dataset/cat_0146.jpg,cat
F:\NTSE\lab02\output\class_named_dataset\cat_0147.jpg,output/class_named_dataset/cat_0147.jpg,cat
F:\NTSE\lab02\output\class_named_dataset\cat_0148.jpg,output/class_named_dataset/cat_0148.jpg,cat
F:\NTSE\lab02\output\class_named_dataset\cat_0149.jpg,output/class_named_dataset/cat_0149.jpg,cat
F:\NTSE\lab02\output\class_named_dataset\cat_0150.jpg,output/class_named_dataset/cat_0150.jpg,cat
F:\NTSE\lab02\output\class_named_dataset\cat_0151.jpg,output/class_named_dataset/cat_0151.jpg,cat
F:\NTSE\lab02\output\class_named_dataset\cat_0152.jpg,output/class_named_dataset/cat_0152.jpg,cat
F:\NTSE\lab02\output\class_named_dataset\cat_0153.jpg,output/class_named_dataset/cat_0153.jpg,cat
F:\NTSE\lab02\output\class_named_dataset\cat_0154.jpg,output/class_named_dataset/cat_0154.jpg,cat
F:\NTSE\lab02\output\class_named_dataset\cat_0155.jpg,output/class_named_dataset/cat_0155.jpg,cat
F:\NTSE\lab02\output\class_named_dataset\cat_0156.jpg,output/class_named_dataset/cat_0156.jpg,cat
F:\NTSE\lab02\output\class_named_dataset\cat_0157.jpg,output/class_named_dataset/cat_0157.jpg,cat
F:\NTSE\lab02\output\class_named_dataset\cat_0158.jpg,output/class_named_dataset/cat_0158.jpg,cat
F:\NTSE\lab02\output\class_named_dataset\cat_0159.jpg,output/class_named_dataset/cat_0159.jpg,cat
F:\NTSE\lab02\output\class_named_dataset\cat_0160.jpg,output/class_named_dataset/cat_0160.jpg,cat
F:\NTSE\lab02\output\class_named_dataset\cat_0161.jpg,output/class_named_dataset/cat_0161.jpg,cat
F:\NTSE\lab02\output\class_named_dataset\cat_0162.jpg,output/class_named_dataset/cat_0162.jpg,cat
F:\NTSE\lab02\output\class_named_dataset\cat_0163.jpg,output/class_named_dataset/cat_0163.jpg,cat
F:\NTSE\lab02\output\class_named_dataset\cat_0164.jpg,output/class_named_dataset/cat_0164.jpg,cat
F:\NTSE\lab02\output\class_named_dataset\cat_0165.jpg,output/class_named_dataset/cat_0165.jpg,cat
F:\NTSE\lab02\output\class_named_dataset\cat_0166.jpg,output/class_named_dataset/cat_0166.jpg,cat
F:\NTSE\lab02\output\class_named_dataset\cat_0167.jpg,output/class_named_dataset/cat_0167.jpg,cat
F:\NTSE\lab02\output\class_named_dataset\cat_0168.jpg,output/class_named_dataset/cat_0168.jpg,cat
F:\NTSE\lab02\output\class_named_dataset\cat_0169.jpg,output/class_named_dataset/cat_0169.jpg,cat
F:\NTSE\lab02\output\class_named_dataset\cat_0170.jpg,output/class_named_dataset/cat_0170.jpg,cat
F:\NTSE\lab02\output\class_named_dataset\cat_0171.jpg,output/class_named_dataset/cat_0171.jpg,cat
F:\NTSE\lab02\output\class_named_dataset\cat_0172.jpg,output/class_named_dataset/cat_0172.jpg,cat
F:\NTSE\lab02\output\class_named_dataset\cat_0173.jpg,output/class_named_dataset/cat_0173.jpg,cat
F:\NTSE\lab02\output\class_named_dataset\cat_0174.jpg,output/class_named_dataset/cat_0174.jpg,cat
F:\NTSE\lab02\output\class_named_dataset\cat_0175.jpg,output/class_named_dataset/cat_0175.jpg,cat
F:\NTSE\lab02\output\class_named_dataset\cat_0176.jpg,output/class_named_dataset/cat_0176.jpg,cat
F:\NTSE\lab02\output\class_named_dataset\cat_0177.jpg,output/class_named_dataset/cat_0177.jpg,cat
F:\NTSE\lab02\output\class_named_dataset\cat_0178.jpg,output/class_named_dataset/cat_0178.jpg,cat
F:\NTSE\lab02\output\class_named_dataset\cat_0179.jpg,output/class_named_dataset/cat_0179.jpg,cat
F:\NTSE\lab02\output\class_named_dataset\cat_0180.jpg,output/class_named_dataset/cat_0180.jpg,cat
F:\NTSE\lab02\output\class_named_dataset\cat_0181.jpg,output/class_named_dataset/cat_0181.jpg,cat
F:\NTSE\lab02\output\class_named_dataset\cat_0182.jpg,output/class_named_dataset/cat_0182.jpg,cat
F:\NTSE\lab02\output\class_named_dataset\cat_0183.jpg,output/class_named_dataset/cat_0183.jpg,cat
F:\NTSE\lab02\output\class_named_dataset\cat_0184.jpg,output/class_named_dataset/cat_0184.jpg,cat
F:\NTSE\lab02\output\class_named_dataset\cat_0185.jpg,output/class_named_dataset/cat_0185.jpg,cat
F:\NTSE\lab02\output\class_named_dataset\cat_0186.jpg,output/class_named_dataset/cat_0186.jpg,cat
F:\NTSE\lab02\output\class_named_dataset\cat_0187.jpg,output/class_named_dataset/cat_0187.jpg,cat
F:\NTSE\lab02\output\class_named_dataset\cat_0188.jpg,output/class_named_dataset/cat_0188.jpg,cat
F:\NTSE\lab02\output\class_named_dataset\cat_0189.jpg,output/class_named_dataset/cat_0189.jpg,cat
F:\NTSE\lab02\output\class_named_dataset\cat_0190.jpg,output/class_named_dataset/cat_0190.jpg,cat
F:\NTSE\lab02\output\class_named_dataset\cat_0191.jpg,output/class_named_dataset/cat_0191.jpg,cat
F:\NTSE\lab02\output\class_named_dataset\cat_0192.jpg,output/class_named_dataset/cat_0192.jpg,cat
F:\NTSE\lab02\output\class_named_dataset\cat_0193.jpg,output/class_named_dataset/cat_0193.jpg,cat
F:\NTSE\lab02\output\class_named_dataset\cat_0194.jpg,output/class_named_dataset/cat_0194.jpg,cat
F:\NTSE\lab02\output\class_named_dataset\cat_0195.jpg,output/class_named_dataset/cat_0195.jpg,cat
F:\NTSE\lab02\output\class_named_dataset\cat_0196.jpg,output/class_named_dataset/cat_0196.jpg,cat
F:\NTSE\lab02\output\class_named_dataset\cat_0197.jpg,output/class_named_dataset/cat_0197.jpg,cat
F:\NTSE\lab02\output\class_named_dataset\cat_0198.jpg,output/class_named_dataset/cat_0198.jpg,cat
F:\NTSE\lab02\output\class_named_dataset\cat_0199.jpg,output/class_named_dataset/cat_0199.jpg,cat
F:\NTSE\lab02\output\class_named_dataset\cat_0200.jpg,output/class_named_dataset/cat_0200.jpg,cat
F:\NTSE\lab02\output\class_named_dataset\cat_0201.jpg,output/class_named_dataset/cat_0201.jpg,cat
F:\NTSE\lab02\output\class_named_dataset\cat_0202.jpg,output/class_named_dataset/cat_0202.jpg,cat
F:\NTSE\lab02\output\class_named_dataset\cat_0203.jpg,output/class_named_dataset/cat_0203.jpg,cat
F:\NTSE\lab02\output\class_named_dataset\cat_0204.jpg,output/class_named_dataset/cat_0204.jpg,cat
F:\NTSE\lab02\output\class_named_dataset\cat_0205.jpg,output/class_named_dataset/cat_0205.jpg,cat
F:\NTSE\lab02\output\class_named_dataset\cat_0206.jpg,output/class_named_dataset/cat_0206.jpg,cat
F:\NTSE\lab02\output\class_named_dataset\cat_0207.jpg,output/class_named_dataset/cat_0207.jpg,cat
F:\NTSE\lab02\output\class_named_dataset\cat_0208.jpg,output/class_named_dataset/cat_0208.jpg,cat
F:\NTSE\lab02\output\class_named_dataset\cat_0209.jpg,output/class_named_dataset/cat_0209.jpg,cat
F:\NTSE\lab02\output\class_named_dataset\cat_0210.jpg,output/class_named_dataset/cat_0210.jpg,cat
F:\NTSE\lab02\output\class_named_dataset\cat_0211.jpg,output/class_named_dataset/cat_0211.jpg,cat
F:\NTSE\lab02\output\class_named_dataset\cat_0212.jpg,output/class_named_dataset/cat_0212.jpg,cat
F:\NTSE\lab02\output\class_named_dataset\cat_0213.jpg,output/class_named_dataset/cat_0213.jpg,cat
F:\NTSE\lab02\output\class_named_dataset\cat_0214.jpg,output/class_named_dataset/cat_0214.jpg,cat
F:\NTSE\lab02\output\class_named_dataset\cat_0215.jpg,output/class_named_dataset/cat_0215.jpg,cat
F:\NTSE\lab02\output\class_named_dataset\cat_0216.jpg,output/class_named_dataset/cat_0216.jpg,cat
F:\NTSE\lab02\output\class_named_dataset\cat_0217.jpg,output/class_named_dataset/cat_0217.jpg,cat
F:\NTSE\lab02\output\class_named_dataset\cat_0218.jpg,output/class_named_dataset/cat_0218.jpg,cat
F:\NTSE\lab02\output\class_named_dataset\cat_0219.jpg,output/class_named_dataset/cat_0219.jpg,cat
F:\NTSE\lab02\output\class_named_dataset\cat_0220.jpg,output/class_named_dataset/cat_0220.jpg,cat
F:\NTSE\lab02\output\class_named_dataset\cat_0221.jpg,output/class_named_dataset/cat_0221.jpg,cat
F:\NTSE\lab02\output\class_named_dataset\cat_0222.jpg,output/class_named_dataset/cat_0222.jpg,cat
F:\NTSE\lab02\output\class_named_dataset\cat_0223.jpg,output/class_named_dataset/cat_0223.jpg,cat
F:\NTSE\lab02\output\class_named_dataset\cat_0224.jpg,output/class_named_dataset/cat_0224.jpg,cat
F:\NTSE\lab02\output\class_named_dataset\cat_0225.jpg,output/class_named_dataset/cat_0225.jpg,cat
F:\NTSE\lab02\output\class_named_dataset\cat_0226.jpg,output/class_named_dataset/cat_0226.jpg,cat
F:\NTSE\lab02\output\class_named_dataset\cat_0227.jpg,output/class_named_dataset/cat_0227.jpg,cat
F:\NTSE\lab02\output\class_named_dataset\cat_0228.jpg,output/class_named_dataset/cat_0228.jpg,cat
F:\NTSE\lab02\output\class_named_dataset\cat_0229.jpg,output/class_named_dataset/cat_0229.jpg,cat
F:\NTSE\lab02\output\class_named_dataset\cat_0230.jpg,output/class_named_dataset/cat_0230.jpg,cat
F:\NTSE\lab02\output\class_named_dataset\cat_0231.jpg,output/class_named_dataset/cat_0231.jpg,cat
F:\NTSE\lab02\output\class_named_dataset\cat_0232.jpg,output/class_named_dataset/cat_0232.jpg,cat
F:\NTSE\lab02\output\class_named_dataset\cat_0233.jpg,output/class_named_dataset/cat_0233.jpg,cat
F:\NTSE\lab02\output\class_named_dataset\cat_0234.jpg,output/class_named_dataset/cat_0234.jpg,cat
F:\NTSE\lab02\output\class_named_dataset\cat_0235.jpg,output/class_named_dataset/cat_0235.jpg,cat
F:\NTSE\lab02\output\class_named_dataset\cat_0236.jpg,output/class_named_dataset/cat_0236.jpg,cat
F:\NTSE\lab02\output\class_named_dataset\cat_0237.jpg,output/class_named_dataset/cat_0237.jpg,cat
F:\NTSE\lab02\output\class_named_dataset\cat_0238.jpg,output/class_named_dataset/cat_0238.jpg,cat
F:\NTSE\lab02\output\class_named_dataset\cat_0239.jpg,output/class_named_dataset/cat_0239.jpg,cat
F:\NTSE\lab02\output\class_named_dataset\cat_0240.jpg,output/class_named_dataset/cat_0240.jpg,cat
F:\NTSE\lab02\output\class_named_dataset\cat_0241.jpg,output/class_named_dataset/cat_0241.jpg,cat
F:\NTSE\lab02\output\class_named_dataset\cat_0242.jpg,output/class_named_dataset/cat_0242.jpg,cat
F:\NTSE\lab02\output\class_named_dataset\cat_0243.jpg,output/class_named_dataset/cat_0243.jpg,cat
F:\NTSE\lab02\output\class_named_dataset\cat_0244.jpg,output/class_named_dataset/cat_0244.jpg,cat
F:\NTSE\lab02\output\class_named_dataset\cat_0245.jpg,output/class_named_dataset/cat_0245.jpg,cat
F:\NTSE\lab02\output\class_named_dataset\cat_0246.jpg,output/class_named_dataset/cat_0246.jpg,cat
F:\NTSE\lab02\output\class_named_dataset\cat_0247.jpg,output/class_named_dataset/cat_0247.jpg,cat
F:\NTSE\lab02\output\class_named_dataset\cat_0248.jpg,output/class_named_dataset/cat_0248.jpg,cat
F:\NTSE\lab02\output\class_named_dataset\cat_0249.jpg,output/class_named_dataset/cat_0249.jpg,cat
F:\NTSE\lab02\output\class_named_dataset\cat_0250.jpg,output/class_named_dataset/cat_0250.jpg,cat
F:\NTSE\lab02\output\class_named_dataset\cat_0251.jpg,output/class_named_dataset/cat_0251.jpg,cat
F:\NTSE\lab02\output\class_named_dataset\cat_0252.jpg,output/class_named_dataset/cat_0252.jpg,cat
F:\NTSE\lab02\output\class_named_dataset\cat_0253.jpg,output/class_named_dataset/cat_0253.jpg,cat
F:\NTSE\lab02\output\class_named_dataset\cat_0254.jpg,output/class_named_dataset/cat_0254.jpg,cat
F:\NTSE\lab02\output\class_named_dataset\cat_0255.jpg,output/class_named_dataset/cat_0255.jpg,cat
F:\NTSE\lab02\output\class_named_dataset\cat_0256.jpg,output/class_named_dataset/cat_0256.jpg,cat
F:\NTSE\lab02\output\class_named_dataset\cat_0257.jpg,output/class_named_dataset/cat_0257.jpg,cat
F:\NTSE\lab02\output\class_named_dataset\cat_0258.jpg,output/class_named_dataset/cat_0258.jpg,cat
F:\NTSE\lab02\output\class_named_dataset\cat_0259.jpg,output/class_named_dataset/cat_0259.jpg,cat
F:\NTSE\lab02\output\class_named_dataset\cat_0260.jpg,output/class_named_dataset/cat_0260.jpg,cat
F:\NTSE\lab02\output\class_named_dataset\cat_0261.jpg,output/class_named_dataset/cat_0261.jpg,cat
F:\NTSE\lab02\output\class_named_dataset\cat_0262.jpg,output/class_named_dataset/cat_0262.jpg,cat
F:\NTSE\lab02\output\class_named_dataset\cat_0263.jpg,output/class_named_dataset/cat_0263.jpg,cat
F:\NTSE\lab02\output\class_named_dataset\cat_0264.jpg,output/class_named_dataset/cat_0264.jpg,cat
F:\NTSE\lab02\output\class_named_dataset\cat_0265.jpg,output/class_named_dataset/cat_0265.jpg,cat
F:\NTSE\lab02\output\class_named_dataset\cat_0266.jpg,output/class_named_dataset/cat_0266.jpg,cat
F:\NTSE\lab02\output\class_named_dataset\cat_0267.jpg,output/class_named_dataset/cat_0267.jpg,cat
F:\NTSE\lab02\output\class_named_dataset\cat_0268.jpg,output/class_named_dataset/cat_0268.jpg,cat
F:\NTSE\lab02\output\class_named_dataset\cat_0269.jpg,output/class_named_dataset/cat_0269.jpg,cat
F:\NTSE\lab02\output\class_named_dataset\cat_0270.jpg,output/class_named_dataset/cat_0270.jpg,cat
F:\NTSE\lab02\output\class_named_dataset\cat_0271.jpg,output/class_named_dataset/cat_0271.jpg,cat
F:\NTSE\lab02\output\class_named_dataset\cat_0272.jpg,output/class_named_dataset/cat_0272.jpg,cat
F:\NTSE\lab02\output\class_named_dataset\cat_0273.jpg,output/class_named_dataset/cat_0273.jpg,cat
F:\NTSE\lab02\output\class_named_dataset\cat_0274.jpg,output/class_named_dataset/cat_0274.jpg,cat
F:\NTSE\lab02\output\class_named_dataset\cat_0275.jpg,output/class_named_dataset/cat_0275.jpg,cat
F:\NTSE\lab02\output\class_named_dataset\cat_0276.jpg,output/class_named_dataset/cat_0276.jpg,cat
F:\NTSE\lab02\output\class_named_dataset\cat_0277.jpg,output/class_named_dataset/cat_0277.jpg,cat
F:\NTSE\lab02\output\class_named_dataset\cat_0278.jpg,output/class_named_dataset/cat_0278.jpg,cat
F:\NTSE\lab02\output\class_named_dataset\cat_0279.jpg,output/class_named_dataset/cat_0279.jpg,cat
F:\NTSE\lab02\output\class_named_dataset\cat_0280.jpg,output/class_named_dataset/cat_0280.jpg,cat
F:\NTSE\lab02\output\class_named_dataset\cat_0281.jpg,output/class_named_dataset/cat_0281.jpg,cat
F:\NTSE\lab02\output\class_named_dataset\cat_0282.jpg,output/class_named_dataset/cat_0282.jpg,cat
F:\NTSE\lab02\output\class_named_dataset\cat_0283.jpg,output/class_named_dataset/cat_0283.jpg,cat
F:\NTSE\lab02\output\class_named_dataset\cat_0284.jpg,output/class_named_dataset/cat_0284.jpg,cat
F:\NTSE\lab02\output\class_named_dataset\cat_0285.jpg,output/class_named_dataset/cat_0285.jpg,cat
F:\NTSE\lab02\output\class_named_dataset\cat_0286.jpg,output/class_named_dataset/cat_0286.jpg,cat
F:\NTSE\lab02\output\class_named_dataset\cat_0287.jpg,output/class_named_dataset/cat_0287.jpg,cat
F:\NTSE\lab02\output\class_named_dataset\cat_0288.jpg,output/class_named_dataset/cat_0288.jpg,cat
F:\NTSE\lab02\output\class_named_dataset\cat_0289.jpg,output/class_named_dataset/cat_0289.jpg,cat
F:\NTSE\lab02\output\class_named_dataset\cat_0290.jpg,output/class_named_dataset/cat_0290.jpg,cat
F:\NTSE\lab02\output\class_named_dataset\cat_0291.jpg,output/class_named_dataset/cat_0291.jpg,cat
F:\NTSE\lab02\output\class_named_dataset\cat_0292.jpg,output/class_named_dataset/cat_0292.jpg,cat
F:\NTSE\lab02\output\class_named_dataset\cat_0293.jpg,output/class_named_dataset/cat_0293.jpg,cat
F:\NTSE\lab02\output\class_named_dataset\cat_0294.jpg,output/class_named_dataset/cat_0294.jpg,cat
F:\NTSE\lab02\output\class_named_dataset\cat_0295.jpg,output/class_named_dataset/cat_0295.jpg,cat
F:\NTSE\lab02\output\class_named_dataset\cat_0296.jpg,output/class_named_dataset/cat_0296.jpg,cat
F:\NTSE\lab02\output\class_named_dataset\cat_0297.jpg,output/class_named_dataset/cat_0297.jpg,cat
F:\NTSE\lab02\output\class_named_dataset\cat_0298.jpg,output/class_named_dataset/cat_0298.jpg,cat
F:\NTSE\lab02\output\class_named_dataset\cat_0299.jpg,output/class_named_dataset/cat_0299.jpg,cat
F:\NTSE\lab02\output\class_named_dataset\cat_0300.jpg,output/class_named_dataset/cat_0300.jpg,cat
F:\NTSE\lab02\output\class_named_dataset\cat_0301.jpg,output/class_named_dataset/cat_0301.jpg,cat
F:\NTSE\lab02\output\class_named_dataset\cat_0302.jpg,output/class_named_dataset/cat_0302.jpg,cat
F:\NTSE\lab02\output\class_named_dataset\cat_0303.jpg,output/class_named_dataset/cat_0303.jpg,cat
F:\NTSE\lab02\output\class_named_dataset\cat_0304.jpg,output/class_named_dataset/cat_0304.jpg,cat
F:\NTSE\lab02\output\class_named_dataset\cat_0305.jpg,output/class_named_dataset/cat_0305.jpg,cat
F:\NTSE\lab02\output\class_named_dataset\cat_0306.jpg,output/class_named_dataset/cat_0306.jpg,cat
F:\NTSE\lab02\output\class_named_dataset\cat_0307.jpg,output/class_named_dataset/cat_0307.jpg,cat
F:\NTSE\lab02\output\class_named_dataset\cat_0308.jpg,output/class_named_dataset/cat_0308.jpg,cat
F:\NTSE\lab02\output\class_named_dataset\cat_0309.jpg,output/class_named_dataset/cat_0309.jpg,cat
F:\NTSE\lab02\output\class_named_dataset\cat_0310.jpg,output/class_named_dataset/cat_0310.jpg,cat
F:\NTSE\lab02\output\class_named_dataset\cat_0311.jpg,output/class_named_dataset/cat_0311.jpg,cat
F:\NTSE\lab02\output\class_named_dataset\cat_0312.jpg,output/class_named_dataset/cat_0312.jpg,cat
F:\NTSE\lab02\output\class_named_dataset\cat_0313.jpg,output/class_named_dataset/cat_0313.jpg,cat
F:\NTSE\lab02\output\class_named_dataset\cat_0314.jpg,output/class_named_dataset/cat_0314.jpg,cat
F:\NTSE\lab02\output\class_named_dataset\cat_0315.jpg,output/class_named_dataset/cat_0315.jpg,cat
F:\NTSE\lab02\output\class_named_dataset\cat_0316.jpg,output/class_named_dataset/cat_0316.jpg,cat
F:\NTSE\lab02\output\class_named_dataset\cat_0317.jpg,output/class_named_dataset/cat_0317.jpg,cat
F:\NTSE\lab02\output\class_named_dataset\cat_0318.jpg,output/class_named_dataset/cat_0318.jpg,cat
F:\NTSE\lab02\output\class_named_dataset\cat_0319.jpg,output/class_named_dataset/cat_0319.jpg,cat
F:\NTSE\lab02\output\class_named_dataset\cat_0320.jpg,output/class_named_dataset/cat_0320.jpg,cat
F:\NTSE\lab02\output\class_named_dataset\cat_0321.jpg,output/class_named_dataset/cat_0321.jpg,cat
F:\NTSE\lab02\output\class_named_dataset\cat_0322.jpg,output/class_named_dataset/cat_0322.jpg,cat
F:\NTSE\lab02\output\class_named_dataset\cat_0323.jpg,output/class_named_dataset/cat_0323.jpg,cat
F:\NTSE\lab02\output\class_named_dataset\cat_0324.jpg,output/class_named_dataset/cat_0324.jpg,cat
F:\NTSE\lab02\output\class_named_dataset\cat_0325.jpg,output/class_named_dataset/cat_0325.jpg,cat
F:\NTSE\lab02\output\class_named_dataset\cat_0326.jpg,output/class_named_dataset/cat_0326.jpg,cat
F:\NTSE\lab02\output\class_named_dataset\cat_0327.jpg,output/class_named_dataset/cat_0327.jpg,cat
F:\NTSE\lab02\output\class_named_dataset\cat_0328.jpg,output/class_named_dataset/cat_0328.jpg,cat
F:\NTSE\lab02\output\class_named_dataset\cat_0329.jpg,output/class_named_dataset/cat_0329.jpg,cat
F:\NTSE\lab02\output\class_named_dataset\cat_0330.jpg,output/class_named_dataset/cat_0330.jpg,cat
F:\NTSE\lab02\output\class_named_dataset\cat_0331.jpg,output/class_named_dataset/cat_0331.jpg,cat
F:\NTSE\lab02\output\class_named_dataset\cat_0332.jpg,output/class_named_dataset/cat_0332.jpg,cat
F:\NTSE\lab02\output\class_named_dataset\cat_0333.jpg,output/class_named_dataset/cat_0333.jpg,cat
F:\NTSE\lab02\output\class_named_dataset\cat_0334.jpg,output/class_named_dataset/cat_0334.jpg,cat
F:\NTSE\lab02\output\class_named_dataset\cat_0335.jpg,output/class_named_dataset/cat_0335.jpg,cat
F:\NTSE\lab02\output\class_named_dataset\cat_0336.jpg,output/class_named_dataset/cat_0336.jpg,cat
F:\NTSE\lab02\output\class_named_dataset\cat_0337.jpg,output/class_named_dataset/cat_0337.jpg,cat
F:\NTSE\lab02\output\class_named_dataset\cat_0338.jpg,output/class_named_dataset/cat_0338.jpg,cat
F:\NTSE\lab02\output\class_named_dataset\cat_0339.jpg,output/class_named_dataset/cat_0339.jpg,cat
F:\NTSE\lab02\output\class_named_dataset\cat_0340.jpg,output/class_named_dataset/cat_0340.jpg,cat
F:\NTSE\lab02\output\class_named_dataset\cat_0341.jpg,output/class_named_dataset/cat_0341.jpg,cat
F:\NTSE\lab02\output\class_named_dataset\cat_0342.jpg,output/class_named_dataset/cat_0342.jpg,cat
F:\NTSE\lab02\output\class_named_dataset\cat_0343.jpg,output/class_named_dataset/cat_0343.jpg,cat
F:\NTSE\lab02\output\class_named_dataset\cat_0344.jpg,output/class_named_dataset/cat_0344.jpg,cat
F:\NTSE\lab02\output\class_named_dataset\cat_0345.jpg,output/class_named_dataset/cat_0345.jpg,cat
F:\NTSE\lab02\output\class_named_dataset\cat_0346.jpg,output/class_named_dataset/cat_0346.jpg,cat
F:\NTSE\lab02\output\class_named_dataset\cat_0347.jpg,output/class_named_dataset/cat_0347.jpg,cat
F:\NTSE\lab02\output\class_named_dataset\cat_0348.jpg,output/class_named_dataset/cat_0348.jpg,cat
F:\NTSE\lab02\output\class_named_dataset\cat_0349.jpg,output/class_named_dataset/cat_0349.jpg,cat
F:\NTSE\lab02\output\class_named_dataset\cat_0350.jpg,output/class_named_dataset/cat_0350.jpg,cat
F:\NTSE\lab02\output\class_named_dataset\cat_0351.jpg,output/class_named_dataset/cat_0351.jpg,cat
F:\NTSE\lab02\output\class_named_dataset\cat_0352.jpg,output/class_named_dataset/cat_0352.jpg,cat
F:\NTSE\lab02\output\class_named_dataset\cat_0353.jpg,output/class_named_dataset/cat_0353.jpg,cat
F:\NTSE\lab02\output\class_named_dataset\cat_0354.jpg,output/class_named_dataset/cat_0354.jpg,cat
F:\NTSE\lab02\output\class_named_dataset\cat_0355.jpg,output/class_named_dataset/cat_0355.jpg,cat
F:\NTSE\lab02\output\class_named_dataset\cat_0356.jpg,output/class_named_dataset/cat_0356.jpg,cat
F:\NTSE\lab02\output\class_named_dataset\cat_0357.jpg,output/class_named_dataset/cat_0357.jpg,cat
F:\NTSE\lab02\output\class_named_dataset\cat_0358.jpg,output/class_named_dataset/cat_0358.jpg,cat
F:\NTSE\lab02\output\class_named_dataset\cat_0359.jpg,output/class_named_dataset/cat_0359.jpg,cat
F:\NTSE\lab02\output\class_named_dataset\cat_0360.jpg,output/class_named_dataset/cat_0360.jpg,cat
F:\NTSE\lab02\output\class_named_dataset\cat_0361.jpg,output/class_named_dataset/cat_0361.jpg,cat
F:\NTSE\lab02\output\class_named_dataset\cat_0362.jpg,output/class_named_dataset/cat_0362.jpg,cat
F:\NTSE\lab02\output\class_named_dataset\cat_0363.jpg,output/class_named_dataset/cat_0363.jpg,cat
F:\NTSE\lab02\output\class_named_dataset\cat_0364.jpg,output/class_named_dataset/cat_0364.jpg,cat
F:\NTSE\lab02\output\class_named_dataset\cat_0365.jpg,output/class_named_dataset/cat_0365.jpg,cat
F:\NTSE\lab02\output\class_named_dataset\cat_0366.jpg,output/class_named_dataset/cat_0366.jpg,cat
F:\NTSE\lab02\output\class_named_dataset\cat_0367.jpg,output/class_named_dataset/cat_0367.jpg,cat
F:\NTSE\lab02\output\class_named_dataset\cat_0368.jpg,output/class_named_dataset/cat_0368.jpg,cat
F:\NTSE\lab02\output\class_named_dataset\cat_0369.jpg,output/class_named_dataset/cat_0369.jpg,cat
F:\NTSE\lab02\output\class_named_dataset\cat_0370.jpg,output/class_named_dataset/cat_0370.jpg,cat
F:\NTSE\lab02\output\class_named_dataset\cat_0371.jpg,output/class_named_dataset/cat_0371.jpg,cat
F:\NTSE\lab02\output\class_named_dataset\cat_0372.jpg,output/class_named_dataset/cat_0372.jpg,cat
F:\NTSE\lab02\output\class_named_dataset\cat_0373.jpg,output/class_named_dataset/cat_0373.jpg,cat
F:\NTSE\lab02\output\class_named_dataset\cat_0374.jpg,output/class_named_dataset/cat_0374.jpg,cat
F:\NTSE\lab02\output\class_named_dataset\cat_0375.jpg,output/class_named_dataset/cat_0375.jpg,cat
F:\NTSE\lab02\output\class_named_dataset\cat_0376.jpg,output/class_named_dataset/cat_0376.jpg,cat
F:\NTSE\lab02\output\class_named_dataset\cat_0377.jpg,output/class_named_dataset/cat_0377.jpg,cat
F:\NTSE\lab02\output\class_named_dataset\cat_0378.jpg,output/class_named_dataset/cat_0378.jpg,cat
F:\NTSE\lab02\output\class_named_dataset\cat_0379.jpg,output/class_named_dataset/cat_0379.jpg,cat
F:\NTSE\lab02\output\class_named_dataset\cat_0380.jpg,output/class_named_dataset/cat_0380.jpg,cat
F:\NTSE\lab02\output\class_named_dataset\cat_0381.jpg,output/class_named_dataset/cat_0381.jpg,cat
F:\NTSE\lab02\output\class_named_dataset\cat_0382.jpg,output/class_named_dataset/cat_0382.jpg,cat
F:\NTSE\lab02\output\class_named_dataset\cat_0383.jpg,output/class_named_dataset/cat_0383.jpg,cat
F:\NTSE\lab02\output\class_named_dataset\cat_0384.jpg,output/class_named_dataset/cat_0384.jpg,cat
F:\NTSE\lab02\output\class_named_dataset\cat_0385.jpg,output/class_named_dataset/cat_0385.jpg,cat
F:\NTSE\lab02\output\class_named_dataset\cat_0386.jpg,output/class_named_dataset/cat_0386.jpg,cat
F:\NTSE\lab02\output\class_named_dataset\cat_0387.jpg,output/class_named_dataset/cat_0387.jpg,cat
F:\NTSE\lab02\output\class_named_dataset\cat_0388.jpg,output/class_named_dataset/cat_0388.jpg,cat
F:\NTSE\lab02\output\class_named_dataset\cat_0389.jpg,output/class_named_dataset/cat_0389.jpg,cat
F:\NTSE\lab02\output\class_named_dataset\cat_0390.jpg,output/class_named_dataset/cat_0390.jpg,cat
F:\NTSE\lab02\output\class_named_dataset\cat_0391.jpg,output/class_named_dataset/cat_0391.jpg,cat
F:\NTSE\lab02\output\class_named_dataset\cat_0392.jpg,output/class_named_dataset/cat_0392.jpg,cat
F:\NTSE\lab02\output\class_named_dataset\cat_0393.jpg,output/class_named_dataset/cat_0393.jpg,cat
F:\NTSE\lab02\output\class_named_dataset\cat_0394.jpg,output/class_named_dataset/cat_0394.jpg,cat
F:\NTSE\lab02\output\class_named_dataset\cat_0395.jpg,output/class_named_dataset/cat_0395.jpg,cat
F:\NTSE\lab02\output\class_named_dataset\cat_0396.jpg,output/class_named_dataset/cat_0396.jpg,cat
F:\NTSE\lab02\output\class_named_dataset\cat_0397.jpg,output/class_named_dataset/cat_0397.jpg,cat
F:\NTSE\lab02\output\class_named_dataset\cat_0398.jpg,output/class_named_dataset/cat_0398.jpg,cat
F:\NTSE\lab02\output\class_named_dataset\cat_0399.jpg,output/class_named_dataset/cat_0399.jpg,cat
F:\NTSE\lab02\output\class_named_dataset\cat_0400.jpg,output/class_named_dataset/cat_0400.jpg,cat
F:\NTSE\lab02\output\class_named_dataset\cat_0401.jpg,output/class_named_dataset/cat_0401.jpg,cat
F:\NTSE\lab02\output\class_named_dataset\cat_0402.jpg,output/class_named_dataset/cat_0402.jpg,cat
F:\NTSE\lab02\output\class_named_dataset\cat_0403.jpg,output/class_named_dataset/cat_0403.jpg,cat
F:\NTSE\lab02\output\class_named_dataset\cat_0404.jpg,output/class_named_dataset/cat_0404.jpg,cat
F:\NTSE\lab02\output\class_named_dataset\cat_0405.jpg,output/class_named_dataset/cat_0405.jpg,cat
F:\NTSE\lab02\output\class_named_dataset\cat_0406.jpg,output/class_named_dataset/cat_0406.jpg,cat
F:\NTSE\lab02\output\class_named_dataset\cat_0407.jpg,output/class_named_dataset/cat_0407.jpg,cat
F:\NTSE\lab02\output\class_named_dataset\cat_0408.jpg,output/class_named_dataset/cat_0408.jpg,cat
F:\NTSE\lab02\output\class_named_dataset\cat_0409.jpg,output/class_named_dataset/cat_0409.jpg,cat
F:\NTSE\lab02\output\class_named_dataset\cat_0410.jpg,output/class_named_dataset/cat_0410.jpg,cat
F:\NTSE\lab02\output\class_named_dataset\cat_0411.jpg,output/class_named_dataset/cat_0411.jpg,cat
F:\NTSE\lab02\output\class_named_dataset\cat_0412.jpg,output/class_named_dataset/cat_0412.jpg,cat
F:\NTSE\lab02\output\class_named_dataset\cat_0413.jpg,output/class_named_dataset/cat_0413.jpg,cat
F:\NTSE\lab02\output\class_named_dataset\cat_0414.jpg,output/class_named_dataset/cat_0414.jpg,cat
F:\NTSE\lab02\output\class_named_dataset\cat_0415.jpg,output/class_named_dataset/cat_0415.jpg,cat
F:\NTSE\lab02\output\class_named_dataset\cat_0416.jpg,output/class_named_dataset/cat_0416.jpg,cat
F:\NTSE\lab02\output\class_named_dataset\cat_0417.jpg,output/class_named_dataset/cat_0417.jpg,cat
F:\NTSE\lab02\output\class_named_dataset\cat_0418.jpg,output/class_named_dataset/cat_0418.jpg,cat
F:\NTSE\lab02\output\class_named_dataset\cat_0419.jpg,output/class_named_dataset/cat_0419.jpg,cat
F:\NTSE\lab02\output\class_named_dataset\cat_0420.jpg,output/class_named_dataset/cat_0420.jpg,cat
F:\NTSE\lab02\output\class_named_dataset\cat_0421.jpg,output/class_named_dataset/cat_0421.jpg,cat
F:\NTSE\lab02\output\class_named_dataset\cat_0422.jpg,output/class_named_dataset/cat_0422.jpg,cat
F:\NTSE\lab02\output\class_named_dataset\cat_0423.jpg,output/class_named_dataset/cat_0423.jpg,cat
F:\NTSE\lab02\output\class_named_dataset\cat_0424.jpg,output/class_named_dataset/cat_0424.jpg,cat
F:\NTSE\lab02\output\class_named_dataset\cat_0425.jpg,output/class_named_dataset/cat_0425.jpg,cat
F:\NTSE\lab02\output\class_named_dataset\cat_0426.jpg,output/class_named_dataset/cat_0426.jpg,cat
F:\NTSE\lab02\output\class_named_dataset\cat_0427.jpg,output/class_named_dataset/cat_0427.jpg,cat
F:\NTSE\lab02\output\class_named_dataset\cat_0428.jpg,output/class_named_dataset/cat_0428.jpg,cat
F:\NTSE\lab02\output\class_named_dataset\cat_0429.jpg,output/class_named_dataset/cat_0429.jpg,cat
F:\NTSE\lab02\output\class_named_dataset\cat_0430.jpg,output/class_named_dataset/cat_0430.jpg,cat
F:\NTSE\lab02\output\class_named_dataset\cat_0431.jpg,output/class_named_dataset/cat_0431.jpg,cat
F:\NTSE\lab02\output\class_named_dataset\cat_0432.jpg,output/class_named_dataset/cat_0432.jpg,cat
F:\NTSE\lab02\output\class_named_dataset\cat_0433.jpg,output/class_named_dataset/cat_0433.jpg,cat
F:\NTSE\lab02\output\class_named_dataset\cat_0434.jpg,output/class_named_dataset/cat_0434.jpg,cat
F:\NTSE\lab02\output\class_named_dataset\cat_0435.jpg,output/class_named_dataset/cat_0435.jpg,cat
F:\NTSE\lab02\output\class_named_dataset\cat_0436.jpg,output/class_named_dataset/cat_0436.jpg,cat
F:\NTSE\lab02\output\class_named_dataset\cat_0437.jpg,output/class_named_dataset/cat_0437.jpg,cat
F:\NTSE\lab02\output\class_named_dataset\cat_0438.jpg,output/class_named_dataset/cat_0438.jpg,cat
F:\NTSE\lab02\output\class_named_dataset\cat_0439.jpg,output/class_named_dataset/cat_0439.jpg,cat
F:\NTSE\lab02\output\class_named_dataset\cat_0440.jpg,output/class_named_dataset/cat_0440.jpg,cat
F:\NTSE\lab02\output\class_named_dataset\cat_0441.jpg,output/class_named_dataset/cat_0441.jpg,cat
F:\NTSE\lab02\output\class_named_dataset\cat_0442.jpg,output/class_named_dataset/cat_0442.jpg,cat
F:\NTSE\lab02\output\class_named_dataset\cat_0443.jpg,output/class_named_dataset/cat_0443.jpg,cat
F:\NTSE\lab02\output\class_named_dataset\cat_0444.jpg,output/class_named_dataset/cat_0444.jpg,cat
F:\NTSE\lab02\output\class_named_dataset\cat_0445.jpg,output/class_named_dataset/cat_0445.jpg,cat
F:\NTSE\lab02\output\class_named_dataset\cat_0446.jpg,output/class_named_dataset/cat_0446.jpg,cat
F:\NTSE\lab02\output\class_named_dataset\cat_0447.jpg,output/class_named_dataset/cat_0447.jpg,cat
F:\NTSE\lab02\output\class_named_dataset\cat_0448.jpg,output/class_named_dataset/cat_0448.jpg,cat
F:\NTSE\lab02\output\class_named_dataset\cat_0449.jpg,output/class_named_dataset/cat_0449.jpg,cat
F:\NTSE\lab02\output\class_named_dataset\cat_0450.jpg,output/class_named_dataset/cat_0450.jpg,cat
F:\NTSE\lab02\output\class_named_dataset\cat_0451.jpg,output/class_named_dataset/cat_0451.jpg,cat
F:\NTSE\lab02\output\class_named_dataset\cat_0452.jpg,output/class_named_dataset/cat_0452.jpg,cat
F:\NTSE\lab02\output\class_named_dataset\cat_0453.jpg,output/class_named_dataset/cat_0453.jpg,cat
F:\NTSE\lab02\output\class_named_dataset\cat_0454.jpg,output/class_named_dataset/cat_0454.jpg,cat
F:\NTSE\lab02\output\class_named_dataset\cat_0455.jpg,output/class_named_dataset/cat_0455.jpg,cat
F:\NTSE\lab02\output\class_named_dataset\cat_0456.jpg,output/class_named_dataset/cat_0456.jpg,cat
F:\NTSE\lab02\output\class_named_dataset\cat_0457.jpg,output/class_named_dataset/cat_0457.jpg,cat
F:\NTSE\lab02\output\class_named_dataset\cat_0458.jpg,output/class_named_dataset/cat_0458.jpg,cat
F:\NTSE\lab02\output\class_named_dataset\cat_0459.jpg,output/class_named_dataset/cat_0459.jpg,cat
F:\NTSE\lab02\output\class_named_dataset\cat_0460.jpg,output/class_named_dataset/cat_0460.jpg,cat
F:\NTSE\lab02\output\class_named_dataset\cat_0461.jpg,output/class_named_dataset/cat_0461.jpg,cat
F:\NTSE\lab02\output\class_named_dataset\cat_0462.jpg,output/class_named_dataset/cat_0462.jpg,cat
F:\NTSE\lab02\output\class_named_dataset\cat_0463.jpg,output/class_named_dataset/cat_0463.jpg,cat
F:\NTSE\lab02\output\class_named_dataset\cat_0464.jpg,output/class_named_dataset/cat_0464.jpg,cat
F:\NTSE\lab02\output\class_named_dataset\cat_0465.jpg,output/class_named_dataset/cat_0465.jpg,cat
F:\NTSE\lab02\output\class_named_dataset\cat_0466.jpg,output/class_named_dataset/cat_0466.jpg,cat
F:\NTSE\lab02\output\class_named_dataset\cat_0467.jpg,output/class_named_dataset/cat_0467.jpg,cat
F:\NTSE\lab02\output\class_named_dataset\cat_0468.jpg,output/class_named_dataset/cat_0468.jpg,cat
F:\NTSE\lab02\output\class_named_dataset\cat_0469.jpg,output/class_named_dataset/cat_0469.jpg,cat
F:\NTSE\lab02\output\class_named_dataset\cat_0470.jpg,output/class_named_dataset/cat_0470.jpg,cat
F:\NTSE\lab02\output\class_named_dataset\cat_0471.jpg,output/class_named_dataset/cat_0471.jpg,cat
F:\NTSE\lab02\output\class_named_dataset\cat_0472.jpg,output/class_named_dataset/cat_0472.jpg,cat
F:\NTSE\lab02\output\class_named_dataset\cat_0473.jpg,output/class_named_dataset/cat_0473.jpg,cat
F:\NTSE\lab02\output\class_named_dataset\cat_0474.jpg,output/class_named_dataset/cat_0474.jpg,cat
F:\NTSE\lab02\output\class_named_dataset\cat_0475.jpg,output/class_named_dataset/cat_0475.jpg,cat
F:\NTSE\lab02\output\class_named_dataset\cat_0476.jpg,output/class_named_dataset/cat_0476.jpg,cat
F:\NTSE\lab02\output\class_named_dataset\cat_0477.jpg,output/class_named_dataset/cat_0477.jpg,cat
F:\NTSE\lab02\output\class_named_dataset\cat_0478.jpg,output/class_named_dataset/cat_0478.jpg,cat
F:\NTSE\lab02\output\class_named_dataset\cat_0479.jpg,output/class_named_dataset/cat_0479.jpg,cat
F:\NTSE\lab02\output\class_named_dataset\cat_0480.jpg,output/class_named_dataset/cat_0480.jpg,cat
F:\NTSE\lab02\output\class_named_dataset\cat_0481.jpg,output/class_named_dataset/cat_0481.jpg,cat
F:\NTSE\lab02\output\class_named_dataset\cat_0482.jpg,output/class_named_dataset/cat_0482.jpg,cat
F:\NTSE\lab02\output\class_named_dataset\cat_0483.jpg,output/class_named_dataset/cat_0483.jpg,cat
F:\NTSE\lab02\output\class_named_dataset\cat_0484.jpg,output/class_named_dataset/cat_0484.jpg,cat
F:\NTSE\lab02\output\class_named_dataset\cat_0485.jpg,output/class_named_dataset/cat_0485.jpg,cat
F:\NTSE\lab02\output\class_named_dataset\cat_0486.jpg,output/class_named_dataset/cat_0486.jpg,cat
F:\NTSE\lab02\output\class_named_dataset\cat_0487.jpg,output/class_named_dataset/cat_0487.jpg,cat
F:\NTSE\lab02\output\class_named_dataset\cat_0488.jpg,output/class_named_dataset/cat_0488.jpg,cat
F:\NTSE\lab02\output\class_named_dataset\cat_0489.jpg,output/class_named_dataset/cat_0489.jpg,cat
F:\NTSE\lab02\output\class_named_dataset\cat_0490.jpg,output/class_named_dataset/cat_0490.jpg,cat
F:\NTSE\lab02\output\class_named_dataset\cat_0491.jpg,output/class_named_dataset/cat_0491.jpg,cat
F:\NTSE\lab02\output\class_named_dataset\cat_0492.jpg,output/class_named_dataset/cat_0492.jpg,cat
F:\NTSE\lab02\output\class_named_dataset\cat_0493.jpg,output/class_named_dataset/cat_0493.jpg,cat
F:\NTSE\lab02\output\class_named_dataset\cat_0494.jpg,output/class_named_dataset/cat_0494.jpg,cat
F:\NTSE\lab02\output\class_named_dataset\cat_0495.jpg,output/class_named_dataset/cat_0495.jpg,cat
F:\NTSE\lab02\output\class_named_dataset\cat_0496.jpg,output/class_named_dataset/cat_0496.jpg,cat
F:\NTSE\lab02\output\class_named_dataset\cat_0497.jpg,output/class_named_dataset/cat_0497.jpg,cat
F:\NTSE\lab02\output\class_named_dataset\cat_0498.jpg,output/class_named_dataset/cat_0498.jpg,cat
F:\NTSE\lab02\output\class_named_dataset\cat_0499.jpg,output/class_named_dataset/cat_0499.jpg,cat
F:\NTSE\lab02\output\class_named_dataset\cat_0500.jpg,output/class_named_dataset/cat_0500.jpg,cat
F:\NTSE\lab02\output\class_named_dataset\cat_0501.jpg,output/class_named_dataset/cat_0501.jpg,cat
F:\NTSE\lab02\output\class_named_dataset\cat_0502.jpg,output/class_named_dataset/cat_0502.jpg,cat
F:\NTSE\lab02\output\class_named_dataset\cat_0503.jpg,output/class_named_dataset/cat_0503.jpg,cat
F:\NTSE\lab02\output\class_named_dataset\cat_0504.jpg,output/class_named_dataset/cat_0504.jpg,cat
F:\NTSE\lab02\output\class_named_dataset\cat_0505.jpg,output/class_named_dataset/cat_0505.jpg,cat
F:\NTSE\lab02\output\class_named_dataset\cat_0506.jpg,output/class_named_dataset/cat_0506.jpg,cat
F:\NTSE\lab02\output\class_named_dataset\cat_0507.jpg,output/class_named_dataset/cat_0507.jpg,cat
F:\NTSE\lab02\output\class_named_dataset\cat_0508.jpg,output/class_named_dataset/cat_0508.jpg,cat
F:\NTSE\lab02\output\class_named_dataset\cat_0509.jpg,output/class_named_dataset/cat_0509.jpg,cat
F:\NTSE\lab02\output\class_named_dataset\cat_0510.jpg,output/class_named_dataset/cat_0510.jpg,cat
F:\NTSE\lab02\output\class_named_dataset\cat_0511.jpg,output/class_named_dataset/cat_0511.jpg,cat
F:\NTSE\lab02\output\class_named_dataset\cat_0512.jpg,output/class_named_dataset/cat_0512.jpg,cat
F:\NTSE\lab02\output\class_named_dataset\cat_0513.jpg,output/class_named_dataset/cat_0513.jpg,cat
F:\NTSE\lab02\output\class_named_dataset\cat_0514.jpg,output/class_named_dataset/cat_0514.jpg,cat
F:\NTSE\lab02\output\class_named_dataset\cat_0515.jpg,output/class_named_dataset/cat_0515.jpg,cat
F:\NTSE\lab02\output\class_named_dataset\cat_0516.jpg,output/class_named_dataset/cat_0516.jpg,cat
F:\NTSE\lab02\output\class_named_dataset\cat_0517.jpg,output/class_named_dataset/cat_0517.jpg,cat
F:\NTSE\lab02\output\class_named_dataset\cat_0518.jpg,output/class_named_dataset/cat_0518.jpg,cat
F:\NTSE\lab02\output\class_named_dataset\cat_0519.jpg,output/class_named_dataset/cat_0519.jpg,cat
F:\NTSE\lab02\output\class_named_dataset\cat_0520.jpg,output/class_named_dataset/cat_0520.jpg,cat
F:\NTSE\lab02\output\class_named_dataset\cat_0521.jpg,output/class_named_dataset/cat_0521.jpg,cat
F:\NTSE\lab02\output\class_named_dataset\cat_0522.jpg,output/class_named_dataset/cat_0522.jpg,cat
F:\NTSE\lab02\output\class_named_dataset\cat_0523.jpg,output/class_named_dataset/cat_0523.jpg,cat
F:\NTSE\lab02\output\class_named_dataset\cat_0524.jpg,output/class_named_dataset/cat_0524.jpg,cat
F:\NTSE\lab02\output\class_named_dataset\cat_0525.jpg,output/class_named_dataset/cat_0525.jpg,cat
F:\NTSE\lab02\output\class_named_dataset\cat_0526.jpg,output/class_named_dataset/cat_0526.jpg,cat
F:\NTSE\lab02\output\class_named_dataset\cat_0527.jpg,output/class_named_dataset/cat_0527.jpg,cat
F:\NTSE\lab02\output\class_named_dataset\cat_0528.jpg,output/class_named_dataset/cat_0528.jpg,cat
F:\NTSE\lab02\output\class_named_dataset\cat_0529.jpg,output/class_named_dataset/cat_0529.jpg,cat
F:\NTSE\lab02\output\class_named_dataset\cat_0530.jpg,output/class_named_dataset/cat_0530.jpg,cat
F:\NTSE\lab02\output\class_named_dataset\cat_0531.jpg,output/class_named_dataset/cat_0531.jpg,cat
F:\NTSE\lab02\output\class_named_dataset\cat_0532.jpg,output/class_named_dataset/cat_0532.jpg,cat
F:\NTSE\lab02\output\class_named_dataset\cat_0533.jpg,output/class_named_dataset/cat_0533.jpg,cat
F:\NTSE\lab02\output\class_named_dataset\cat_0534.jpg,output/class_named_dataset/cat_0534.jpg,cat
F:\NTSE\lab02\output\class_named_dataset\cat_0535.jpg,output/class_named_dataset/cat_0535.jpg,cat
F:\NTSE\lab02\output\class_named_dataset\cat_0536.jpg,output/class_named_dataset/cat_0536.jpg,cat
F:\NTSE\lab02\output\class_named_dataset\cat_0537.jpg,output/class_named_dataset/cat_0537.jpg,cat
F:\NTSE\lab02\output\class_named_dataset\cat_0538.jpg,output/class_named_dataset/cat_0538.jpg,cat
F:\NTSE\lab02\output\class_named_dataset\cat_0539.jpg,output/class_named_dataset/cat_0539.jpg,cat
F:\NTSE\lab02\output\class_named_dataset\cat_0540.jpg,output/class_named_dataset/cat_0540.jpg,cat
F:\NTSE\lab02\output\class_named_dataset\cat_0541.jpg,output/class_named_dataset/cat_0541.jpg,cat
F:\NTSE\lab02\output\class_named_dataset\cat_0542.jpg,output/class_named_dataset/cat_0542.jpg,cat
F:\NTSE\lab02\output\class_named_dataset\cat_0543.jpg,output/class_named_dataset/cat_0543.jpg,cat
F:\NTSE\lab02\output\class_named_dataset\cat_0544.jpg,output/class_named_dataset/cat_0544.jpg,cat
F:\NTSE\lab02\output\class_named_dataset\cat_0545.jpg,output/class_named_dataset/cat_0545.jpg,cat
F:\NTSE\lab02\output\class_named_dataset\cat_0546.jpg,output/class_named_dataset/cat_0546.jpg,cat
F:\NTSE\lab02\output\class_named_dataset\cat_0547.jpg,output/class_named_dataset/cat_0547.jpg,cat
F:\NTSE\lab02\output\class_named_dataset\cat_0548.jpg,output/class_named_dataset/cat_0548.jpg,cat
F:\NTSE\lab02\output\class_named_dataset\cat_0549.jpg,output/class_named_dataset/cat_0549.jpg,cat
F:\NTSE\lab02\output\class_named_dataset\cat_0550.jpg,output/class_named_dataset/cat_0550.jpg,cat
F:\NTSE\lab02\output\class_named_dataset\cat_0551.jpg,output/class_named_dataset/cat_0551.jpg,cat
F:\NTSE\lab02\output\class_named_dataset\cat_0552.jpg,output/class_named_dataset/cat_0552.jpg,cat
F:\NTSE\lab02\output\class_named_dataset\cat_0553.jpg,output/class_named_dataset/cat_0553.jpg,cat
F:\NTSE\lab02\output\class_named_dataset\cat_0554.jpg,output/class_named_dataset/cat_0554.jpg,cat
F:\NTSE\lab02\output\class_named_dataset\cat_0555.jpg,output/class_named_dataset/cat_0555.jpg,cat
F:\NTSE\lab02\output\class_named_dataset\cat_0556.jpg,output/class_named_dataset/cat_0556.jpg,cat
F:\NTSE\lab02\output\class_named_dataset\cat_0557.jpg,output/class_named_dataset/cat_0557.jpg,cat
F:\NTSE\lab02\output\class_named_dataset\cat_0558.jpg,output/class_named_dataset/cat_0558.jpg,cat
F:\NTSE\lab02\output\class_named_dataset\cat_0559.jpg,output/class_named_dataset/cat_0559.jpg,cat
F:\NTSE\lab02\output\class_named_dataset\cat_0560.jpg,output/class_named_dataset/cat_0560.jpg,cat
F:\NTSE\lab02\output\class_named_dataset\cat_0561.jpg,output/class_named_dataset/cat_0561.jpg,cat
F:\NTSE\lab02\output\class_named_dataset\cat_0562.jpg,output/class_named_dataset/cat_0562.jpg,cat
F:\NTSE\lab02\output\class_named_dataset\cat_0563.jpg,output/class_named_dataset/cat_0563.jpg,cat
F:\NTSE\lab02\output\class_named_dataset\cat_0564.jpg,output/class_named_dataset/cat_0564.jpg,cat
F:\NTSE\lab02\output\class_named_dataset\cat_0565.jpg,output/class_named_dataset/cat_0565.jpg,cat
F:\NTSE\lab02\output\class_named_dataset\cat_0566.jpg,output/class_named_dataset/cat_0566.jpg,cat
F:\NTSE\lab02\output\class_named_dataset\cat_0567.jpg,output/class_named_dataset/cat_0567.jpg,cat
F:\NTSE\lab02\output\class_named_dataset\cat_0568.jpg,output/class_named_dataset/cat_0568.jpg,cat
F:\NTSE\lab02\output\class_named_dataset\cat_0569.jpg,output/class_named_dataset/cat_0569.jpg,cat
F:\NTSE\lab02\output\class_named_dataset\cat_0570.jpg,output/class_named_dataset/cat_0570.jpg,cat
F:\NTSE\lab02\output\class_named_dataset\cat_0571.jpg,output/class_named_dataset/cat_0571.jpg,cat
F:\NTSE\lab02\output\class_named_dataset\cat_0572.jpg,output/class_named_dataset/cat_0572.jpg,cat
F:\NTSE\lab02\output\class_named_dataset\cat_0573.jpg,output/class_named_dataset/cat_0573.jpg,cat
F:\NTSE\lab02\output\class_named_dataset\cat_0574.jpg,output/class_named_dataset/cat_0574.jpg,cat
F:\NTSE\lab02\output\class_named_dataset\cat_0575.jpg,output/class_named_dataset/cat_0575.jpg,cat
F:\NTSE\lab02\output\class_named_dataset\cat_0576.jpg,output/class_named_dataset/cat_0576.jpg,cat
F:\NTSE\lab02\output\class_named_dataset\cat_0577.jpg,output/class_named_dataset/cat_0577.jpg,cat
F:\NTSE\lab02\output\class_named_dataset\cat_0578.jpg,output/class_named_dataset/cat_0578.jpg,cat
F:\NTSE\lab02\output\class_named_dataset\cat_0579.jpg,output/class_named_dataset/cat_0579.jpg,cat
F:\NTSE\lab02\output\class_named_dataset\cat_0580.jpg,output/class_named_dataset/cat_0580.jpg,cat
F:\NTSE\lab02\output\class_named_dataset\cat_0581.jpg,output/class_named_dataset/cat_0581.jpg,cat
F:\NTSE\lab02\output\class_named_dataset\cat_0582.jpg,output/class_named_dataset/cat_0582.jpg,cat
F:\NTSE\lab02\output\class_named_dataset\cat_0583.jpg,output/class_named_dataset/cat_0583.jpg,cat
F:\NTSE\lab02\output\class_named_dataset\cat_0584.jpg,output/class_named_dataset/cat_0584.jpg,cat
F:\NTSE\lab02\output\class_named_dataset\cat_0585.jpg,output/class_named_dataset/cat_0585.jpg,cat
F:\NTSE\lab02\output\class_named_dataset\cat_0586.jpg,output/class_named_dataset/cat_0586.jpg,cat
F:\NTSE\lab02\output\class_named_dataset\cat_0587.jpg,output/class_named_dataset/cat_0587.jpg,cat
F:\NTSE\lab02\output\class_named_dataset\cat_0588.jpg,output/class_named_dataset/cat_0588.jpg,cat
F:\NTSE\lab02\output\class_named_dataset\cat_0589.jpg,output/class_named_dataset/cat_0589.jpg,cat
F:\NTSE\lab02\output\class_named_dataset\cat_0590.jpg,output/class_named_dataset/cat_0590.jpg,cat
F:\NTSE\lab02\output\class_named_dataset\cat_0591.jpg,output/class_named_dataset/cat_0591.jpg,cat
F:\NTSE\lab02\output\class_named_dataset\cat_0592.jpg,output/class_named_dataset/cat_0592.jpg,cat
F:\NTSE\lab02\output\class_named_dataset\cat_0593.jpg,output/class_named_dataset/cat_0593.jpg,cat
F:\NTSE\lab02\output\class_named_dataset\cat_0594.jpg,output/class_named_dataset/cat_0594.jpg,cat
F:\NTSE\lab02\output\class_named_dataset\cat_0595.jpg,output/class_named_dataset/cat_0595.jpg,cat
F:\NTSE\lab02\output\class_named_dataset\cat_0596.jpg,output/class_named_dataset/cat_0596.jpg,cat
F:\NTSE\lab02\output\class_named_dataset\cat_0597.jpg,output/class_named_dataset/cat_0597.jpg,cat
F:\NTSE\lab02\output\class_named_dataset\cat_0598.jpg,output/class_named_dataset/cat_0598.jpg,cat
F:\NTSE\lab02\output\class_named_dataset\cat_0599.jpg,output/class_named_dataset/cat_0599.jpg,cat
F:\NTSE\lab02\output\class_named_dataset\cat_0600.jpg,output/class_named_dataset/cat_0600.jpg,cat
F:\NTSE\lab02\output\class_named_dataset\cat_0601.jpg,output/class_named_dataset/cat_0601.jpg,cat
F:\NTSE\lab02\output\class_named_dataset\cat_0602.jpg,output/class_named_dataset/cat_0602.jpg,cat
F:\NTSE\lab02\output\class_named_dataset\cat_0603.jpg,output/class_named_dataset/cat_0603.jpg,cat
F:\NTSE\lab02\output\class_named_dataset\cat_0604.jpg,output/class_named_dataset/cat_0604.jpg,cat
F:\NTSE\lab02\output\class_named_dataset\cat_0605.jpg,output/class_named_dataset/cat_0605.jpg,cat
F:\NTSE\lab02\output\class_named_dataset\cat_0606.jpg,output/class_named_dataset/cat_0606.jpg,cat
F:\NTSE\lab02\output\class_named_dataset\cat_0607.jpg,output/class_named_dataset/cat_0607.jpg,cat
F:\NTSE\lab02\output\class_named_dataset\cat_0608.jpg,output/class_named_dataset/cat_0608.jpg,cat
F:\NTSE\lab02\output\class_named_dataset\cat_0609.jpg,output/class_named_dataset/cat_0609.jpg,cat
F:\NTSE\lab02\output\class_named_dataset\cat_0610.jpg,output/class_named_dataset/cat_0610.jpg,cat
F:\NTSE\lab02\output\class_named_dataset\cat_0611.jpg,output/class_named_dataset/cat_0611.jpg,cat
F:\NTSE\lab02\output\class_named_dataset\cat_0612.jpg,output/class_named_dataset/cat_0612.jpg,cat
F:\NTSE\lab02\output\class_named_dataset\cat_0613.jpg,output/class_named_dataset/cat_0613.jpg,cat
F:\NTSE\lab02\output\class_named_dataset\cat_0614.jpg,output/class_named_dataset/cat_0614.jpg,cat
F:\NTSE\lab02\output\class_named_dataset\cat_0615.jpg,output/class_named_dataset/cat_0615.jpg,cat
F:\NTSE\lab02\output\class_named_dataset\cat_0616.jpg,output/class_named_dataset/cat_0616.jpg,cat
F:\NTSE\lab02\output\class_named_dataset\cat_0617.jpg,output/class_named_dataset/cat_0617.jpg,cat
F:\NTSE\lab02\output\class_named_dataset\cat_0618.jpg,output/class_named_dataset/cat_0618.jpg,cat
F:\NTSE\lab02\output\class_named_dataset\cat_0619.jpg,output/class_named_dataset/cat_0619.jpg,cat
F:\NTSE\lab02\output\class_named_dataset\cat_0620.jpg,output/class_named_dataset/cat_0620.jpg,cat
F:\NTSE\lab02\output\class_named_dataset\cat_0621.jpg,output/class_named_dataset/cat_0621.jpg,cat
F:\NTSE\lab02\output\class_named_dataset\cat_0622.jpg,output/class_named_dataset/cat_0622.jpg,cat
F:\NTSE\lab02\output\class_named_dataset\cat_0623.jpg,output/class_named_dataset/cat_0623.jpg,cat
F:\NTSE\lab02\output\class_named_dataset\cat_0624.jpg,output/class_named_dataset/cat_0624.jpg,cat
F:\NTSE\lab02\output\class_named_dataset\cat_0625.jpg,output/class_named_dataset/cat_0625.jpg,cat
F:\NTSE\lab02\output\class_named_dataset\cat_0626.jpg,output/class_named_dataset/cat_0626.jpg,cat
F:\NTSE\lab02\output\class_named_dataset\cat_0627.jpg,output/class_named_dataset/cat_0627.jpg,cat
F:\NTSE\lab02\output\class_named_dataset\cat_0628.jpg,output/class_named_dataset/cat_0628.jpg,cat
F:\NTSE\lab02\output\class_named_dataset\cat_0629.jpg,output/class_named_dataset/cat_0629.jpg,cat
F:\NTSE\lab02\output\class_named_dataset\cat_0630.jpg,output/class_named_dataset/cat_0630.jpg,cat
F:\NTSE\lab02\output\class_named_dataset\cat_0631.jpg,output/class_named_dataset/cat_0631.jpg,cat
F:\NTSE\lab02\output\class_named_dataset\cat_0632.jpg,output/class_named_dataset/cat_0632.jpg,cat
F:\NTSE\lab02\output\class_named_dataset\cat_0633.jpg,output/class_named_dataset/cat_0633.jpg,cat
F:\NTSE\lab02\output\class_named_dataset\cat_0634.jpg,output/class_named_dataset/cat_0634.jpg,cat
F:\NTSE\lab02\output\class_named_dataset\cat_0635.jpg,output/class_named_dataset/cat_0635.jpg,cat
F:\NTSE\lab02\output\class_named_dataset\cat_0636.jpg,output/class_named_dataset/cat_0636.jpg,cat
F:\NTSE\lab02\output\class_named_dataset\cat_0637.jpg,output/class_named_dataset/cat_0637.jpg,cat
F:\NTSE\lab02\output\class_named_dataset\cat_0638.jpg,output/class_named_dataset/cat_0638.jpg,cat
F:\NTSE\lab02\output\class_named_dataset\cat_0639.jpg,output/class_named_dataset/cat_0639.jpg,cat
F:\NTSE\lab02\output\class_named_dataset\cat_0640.jpg,output/class_named_dataset/cat_0640.jpg,cat
F:\NTSE\lab02\output\class_named_dataset\cat_0641.jpg,output/class_named_dataset/cat_0641.jpg,cat
F:\NTSE\lab02\output\class_named_dataset\cat_0642.jpg,output/class_named_dataset/cat_0642.jpg,cat
F:\NTSE\lab02\output\class_named_dataset\cat_0643.jpg,output/class_named_dataset/cat_0643.jpg,cat
F:\NTSE\lab02\output\class_named_dataset\cat_0644.jpg,output/class_named_dataset/cat_0644.jpg,cat
F:\NTSE\lab02\output\class_named_dataset\cat_0645.jpg,output/class_named_dataset/cat_0645.jpg,cat
F:\NTSE\lab02\output\class_named_dataset\cat_0646.jpg,output/class_named_dataset/cat_0646.jpg,cat
F:\NTSE\lab02\output\class_named_dataset\cat_0647.jpg,output/class_named_dataset/cat_0647.jpg,cat
F:\NTSE\lab02\output\class_named_dataset\cat_0648.jpg,output/class_named_dataset/cat_0648.jpg,cat
F:\NTSE\lab02\output\class_named_dataset\cat_0649.jpg,output/class_named_dataset/cat_0649.jpg,cat
F:\NTSE\lab02\output\class_named_dataset\cat_0650.jpg,output/class_named_dataset/cat_0650.jpg,cat
F:\NTSE\lab02\output\class_named_dataset\cat_0651.jpg,output/class_named_dataset/cat_0651.jpg,cat
F:\NTSE\lab02\output\class_named_dataset\cat_0652.jpg,output/class_named_dataset/cat_0652.jpg,cat
F:\NTSE\lab02\output\class_named_dataset\cat_0653.jpg,output/class_named_dataset/cat_0653.jpg,cat
F:\NTSE\lab02\output\class_named_dataset\cat_0654.jpg,output/class_named_dataset/cat_0654.jpg,cat
F:\NTSE\lab02\output\class_named_dataset\cat_0655.jpg,output/class_named_dataset/cat_0655.jpg,cat
F:\NTSE\lab02\output\class_named_dataset\cat_0656.jpg,output/class_named_dataset/cat_0656.jpg,cat
F:\NTSE\lab02\output\class_named_dataset\cat_0657.jpg,output/class_named_dataset/cat_0657.jpg,cat
F:\NTSE\lab02\output\class_named_dataset\cat_0658.jpg,output/class_named_dataset/cat_0658.jpg,cat
F:\NTSE\lab02\output\class_named_dataset\cat_0659.jpg,output/class_named_dataset/cat_0659.jpg,cat
F:\NTSE\lab02\output\class_named_dataset\cat_0660.jpg,output/class_named_dataset/cat_0660.jpg,cat
F:\NTSE\lab02\output\class_named_dataset\cat_0661.jpg,output/class_named_dataset/cat_0661.jpg,cat
F:\NTSE\lab02\output\class_named_dataset\cat_0662.jpg,output/class_named_dataset/cat_0662.jpg,cat
F:\NTSE\lab02\output\class_named_dataset\cat_0663.jpg,output/class_named_dataset/cat_0663.jpg,cat
F:\NTSE\lab02\output\class_named_dataset\cat_0664.jpg,output/class_named_dataset/cat_0664.jpg,cat
F:\NTSE\lab02\output\class_named_dataset\cat_0665.jpg,output/class_named_dataset/cat_0665.jpg,cat
F:\NTSE\lab02\output\class_named_dataset\cat_0666.jpg,output/class_named_dataset/cat_0666.jpg,cat
F:\NTSE\lab02\output\class_named_dataset\cat_0667.jpg,output/class_named_dataset/cat_0667.jpg,cat
F:\NTSE\lab02\output\class_named_dataset\cat_0668.jpg,output/class_named_dataset/cat_0668.jpg,cat
F:\NTSE\lab02\output\class_named_dataset\cat_0669.jpg,output/class_named_dataset/cat_0669.jpg,cat
F:\NTSE\lab02\output\class_named_dataset\cat_0670.jpg,output/class_named_dataset/cat_0670.jpg,cat
F:\NTSE\lab02\output\class_named_dataset\cat_0671.jpg,output/class_named_dataset/cat_0671.jpg,cat
F:\NTSE\lab02\output\class_named_dataset\cat_0672.jpg,output/class_named_dataset/cat_0672.jpg,cat
F:\NTSE\lab02\output\class_named_dataset\cat_0673.jpg,output/class_named_dataset/cat_0673.jpg,cat
F:\NTSE\lab02\output\class_named_dataset\cat_0674.jpg,output/class_named_dataset/cat_0674.jpg,cat
F:\NTSE\lab02\output\class_named_dataset\cat_0675.jpg,output/class_named_dataset/cat_0675.jpg,cat
F:\NTSE\lab02\output\class_named_dataset\cat_0676.jpg,output/class_named_dataset/cat_0676.jpg,cat
F:\NTSE\lab02\output\class_named_dataset\cat_0677.jpg,output/class_named_dataset/cat_0677.jpg,cat
F:\NTSE\lab02\output\class_named_dataset\cat_0678.jpg,output/class_named_dataset/cat_0678.jpg,cat
F:\NTSE\lab02\output\class_named_dataset\cat_0679.jpg,output/class_named_dataset/cat_0679.jpg,cat
F:\NTSE\lab02\output\class_named_dataset\cat_0680.jpg,output/class_named_dataset/cat_0680.jpg,cat
F:\NTSE\lab02\output\class_named_dataset\cat_0681.jpg,output/class_named_dataset/cat_0681.jpg,cat
F:\NTSE\lab02\output\class_named_dataset\cat_0682.jpg,output/class_named_dataset/cat_0682.jpg,cat
F:\NTSE\lab02\output\class_named_dataset\cat_0683.jpg,output/class_named_dataset/cat_0683.jpg,cat
F:\NTSE\lab02\output\class_named_dataset\cat_0684.jpg,output/class_named_dataset/cat_0684.jpg,cat
F:\NTSE\lab02\output\class_named_dataset\cat_0685.jpg,output/class_named_dataset/cat_0685.jpg,cat
F:\NTSE\lab02\output\class_named_dataset\cat_0686.jpg,output/class_named_dataset/cat_0686.jpg,cat
F:\NTSE\lab02\output\class_named_dataset\cat_0687.jpg,output/class_named_dataset/cat_0687.jpg,cat
F:\NTSE\lab02\output\class_named_dataset\cat_0688.jpg,output/class_named_dataset/cat_0688.jpg,cat
F:\NTSE\lab02\output\class_named_dataset\cat_0689.jpg,output/class_named_dataset/cat_0689.jpg,cat
F:\NTSE\lab02\output\class_named_dataset\cat_0690.jpg,output/class_named_dataset/cat_0690.jpg,cat
F:\NTSE\lab02\output\class_named_dataset\cat_0691.jpg,output/class_named_dataset/cat_0691.jpg,cat
F:\NTSE\lab02\output\class_named_dataset\cat_0692.jpg,output/class_named_dataset/cat_0692.jpg,cat
F:\NTSE\lab02\output\class_named_dataset\cat_0693.jpg,output/class_named_dataset/cat_0693.jpg,cat
F:\NTSE\lab02\output\class_named_dataset\cat_0694.jpg,output/class_named_dataset/cat_0694.jpg,cat
F:\NTSE\lab02\output\class_named_dataset\cat_0695.jpg,output/class_named_dataset/cat_0695.jpg,cat
F:\NTSE\lab02\output\class_named_dataset\cat_0696.jpg,output/class_named_dataset/cat_0696.jpg,cat
F:\NTSE\lab02\output\class_named_dataset\cat_0697.jpg,output/class_named_dataset/cat_0697.jpg,cat
F:\NTSE\lab02\output\class_named_dataset\cat_0698.jpg,output/class_named_dataset/cat_0698.jpg,cat
F:\NTSE\lab02\output\class_named_dataset\cat_0699.jpg,output/class_named_dataset/cat_0699.jpg,cat
F:\NTSE\lab02\output\class_named_dataset\cat_0700.jpg,output/class_named_dataset/cat_0700.jpg,cat
F:\NTSE\lab02\output\class_named_dataset\cat_0701.jpg,output/class_named_dataset/cat_0701.jpg,cat
F:\NTSE\lab02\output\class_named_dataset\cat_0702.jpg,output/class_named_dataset/cat_0702.jpg,cat
F:\NTSE\lab02\output\class_named_dataset\cat_0703.jpg,output/class_named_dataset/cat_0703.jpg,cat
F:\NTSE\lab02\output\class_named_dataset\cat_0704.jpg,output/class_named_dataset/cat_0704.jpg,cat
F:\NTSE\lab02\output\class_named_dataset\cat_0705.jpg,output/class_named_dataset/cat_0705.jpg,cat
F:\NTSE\lab02\output\class_named_dataset\cat_0706.jpg,output/class_named_dataset/cat_0706.jpg,cat
F:\NTSE\lab02\output\class_named_dataset\cat_0707.jpg,output/class_named_dataset/cat_0707.jpg,cat
F:\NTSE\lab02\output\class_named_dataset\cat_0708.jpg,output/class_named_dataset/cat_0708.jpg,cat
F:\NTSE\lab02\output\class_named_dataset\cat_0709.jpg,output/class_named_dataset/cat_0709.jpg,cat
F:\NTSE\lab02\output\class_named_dataset\cat_0710.jpg,output/class_named_dataset/cat_0710.jpg,cat
F:\NTSE\lab02\output\class_named_dataset\cat_0711.jpg,output/class_named_dataset/cat_0711.jpg,cat
F:\NTSE\lab02\output\class_named_dataset\cat_0712.jpg,output/class_named_dataset/cat_0712.jpg,cat
F:\NTSE\lab02\output\class_named_dataset\cat_0713.jpg,output/class_named_dataset/cat_0713.jpg,cat
F:\NTSE\lab02\output\class_named_dataset\cat_0714.jpg,output/class_named_dataset/cat_0714.jpg,cat
F:\NTSE\lab02\output\class_named_dataset\cat_0715.jpg,output/class_named_dataset/cat_0715.jpg,cat
F:\NTSE\lab02\output\class_named_dataset\cat_0716.jpg,output/class_named_dataset/cat_0716.jpg,cat
F:\NTSE\lab02\output\class_named_dataset\cat_0717.jpg,output/class_named_dataset/cat_0717.jpg,cat
F:\NTSE\lab02\output\class_named_dataset\cat_0718.jpg,output/class_named_dataset/cat_0718.jpg,cat
F:\NTSE\lab02\output\class_named_dataset\cat_0719.jpg,output/class_named_dataset/cat_0719.jpg,cat
F:\NTSE\lab02\output\class_named_dataset\cat_0720.jpg,output/class_named_dataset/cat_0720.jpg,cat
F:\NTSE\lab02\output\class_named_dataset\cat_0721.jpg,output/class_named_dataset/cat_0721.jpg,cat
F:\NTSE\lab02\output\class_named_dataset\cat_0722.jpg,output/class_named_dataset/cat_0722.jpg,cat
F:\NTSE\lab02\output\class_named_dataset\cat_0723.jpg,output/class_named_dataset/cat_0723.jpg,cat
F:\NTSE\lab02\output\class_named_dataset\cat_0724.jpg,output/class_named_dataset/cat_0724.jpg,cat
F:\NTSE\lab02\output\class_named_dataset\cat_0725.jpg,output/class_named_dataset/cat_0725.jpg,cat
F:\NTSE\lab02\output\class_named_dataset\cat_0726.jpg,output/class_named_dataset/cat_0726.jpg,cat
F:\NTSE\lab02\output\class_named_dataset\cat_0727.jpg,output/class_named_dataset/cat_0727.jpg,cat
F:\NTSE\lab02\output\class_named_dataset\cat_0728.jpg,output/class_named_dataset/cat_0728.jpg,cat
F:\NTSE\lab02\output\class_named_dataset\cat_0729.jpg,output/class_named_dataset/cat_0729.jpg,cat
F:\NTSE\lab02\output\class_named_dataset\cat_0730.jpg,output/class_named_dataset/cat_0730.jpg,cat
F:\NTSE\lab02\output\class_named_dataset\cat_0731.jpg,output/class_named_dataset/cat_0731.jpg,cat
F:\NTSE\lab02\output\class_named_dataset\cat_0732.jpg,output/class_named_dataset/cat_0732.jpg,cat
F:\NTSE\lab02\output\class_named_dataset\cat_0733.jpg,output/class_named_dataset/cat_0733.jpg,cat
F:\NTSE\lab02\output\class_named_dataset\cat_0734.jpg,output/class_named_dataset/cat_0734.jpg,cat
F:\NTSE\lab02\output\class_named_dataset\cat_0735.jpg,output/class_named_dataset/cat_0735.jpg,cat
F:\NTSE\lab02\output\class_named_dataset\cat_0736.jpg,output/class_named_dataset/cat_0736.jpg,cat
F:\NTSE\lab02\output\class_named_dataset\cat_0737.jpg,output/class_named_dataset/cat_0737.jpg,cat
F:\NTSE\lab02\output\class_named_dataset\cat_0738.jpg,output/class_named_dataset/cat_0738.jpg,cat
F:\NTSE\lab02\output\class_named_dataset\cat_0739.jpg,output/class_named_dataset/cat_0739.jpg,cat
F:\NTSE\lab02\output\class_named_dataset\cat_0740.jpg,output/class_named_dataset/cat_0740.jpg,cat
F:\NTSE\lab02\output\class_named_dataset\cat_0741.jpg,output/class_named_dataset/cat_0741.jpg,cat
F:\NTSE\lab02\output\class_named_dataset\cat_0742.jpg,output/class_named_dataset/cat_0742.jpg,cat
F:\NTSE\lab02\output\class_named_dataset\cat_0743.jpg,output/class_named_dataset/cat_0743.jpg,cat
F:\NTSE\lab02\output\class_named_dataset\cat_0744.jpg,output/class_named_dataset/cat_0744.jpg,cat
F:\NTSE\lab02\output\class_named_dataset\cat_0745.jpg,output/class_named_dataset/cat_0745.jpg,cat
F:\NTSE\lab02\output\class_named_dataset\cat_0746.jpg,output/class_named_dataset/cat_0746.jpg,cat
F:\NTSE\lab02\output\class_named_dataset\cat_0747.jpg,output/class_named_dataset/cat_0747.jpg,cat
F:\NTSE\lab02\output\class_named_dataset\cat_0748.jpg,output/class_named_dataset/cat_0748.jpg,cat
F:\NTSE\lab02\output\class_named_dataset\cat_0749.jpg,output/class_named_dataset/cat_0749.jpg,cat
F:\NTSE\lab02\output\class_named_dataset\cat_0750.jpg,output/class_named_dataset/cat_0750.jpg,cat
F:\NTSE\lab02\output\class_named_dataset\cat_0751.jpg,output/class_named_dataset/cat_0751.jpg,cat
F:\NTSE\lab02\output\class_named_dataset\cat_0752.jpg,output/class_named_dataset/cat_0752.jpg,cat
F:\NTSE\lab02\output\class_named_dataset\cat_0753.jpg,output/class_named_dataset/cat_0753.jpg,cat
F:\NTSE\lab02\output\class_named_dataset\cat_0754.jpg,output/class_named_dataset/cat_0754.jpg,cat
F:\NTSE\lab02\output\class_named_dataset\cat_0755.jpg,output/class_named_dataset/cat_0755.jpg,cat
F:\NTSE\lab02\output\class_named_dataset\cat_0756.jpg,output/class_named_dataset/cat_0756.jpg,cat
F:\NTSE\lab02\output\class_named_dataset\cat_0757.jpg,output/class_named_dataset/cat_0757.jpg,cat
F:\NTSE\lab02\output\class_named_dataset\cat_0758.jpg,output/class_named_dataset/cat_0758.jpg,cat
F:\NTSE\lab02\output\class_named_dataset\cat_0759.jpg,output/class_named_dataset/cat_0759.jpg,cat
F:\NTSE\lab02\output\class_named_dataset\cat_0760.jpg,output/class_named_dataset/cat_0760.jpg,cat
F:\NTSE\lab02\output\class_named_dataset\cat_0761.jpg,output/class_named_dataset/cat_0761.jpg,cat
F:\NTSE\lab02\output\class_named_dataset\cat_0762.jpg,output/class_named_dataset/cat_0762.jpg,cat
F:\NTSE\lab02\output\class_named_dataset\cat_0763.jpg,output/class_named_dataset/cat_0763.jpg,cat
F:\NTSE\lab02\output\class_named_dataset\cat_0764.jpg,output/class_named_dataset/cat_0764.jpg,cat
F:\NTSE\lab02\output\class_named_dataset\cat_0765.jpg,output/class_named_dataset/cat_0765.jpg,cat
F:\NTSE\lab02\output\class_named_dataset\cat_0766.jpg,output/class_named_dataset/cat_0766.jpg,cat
F:\NTSE\lab02\output\class_named_dataset\cat_0767.jpg,output/class_named_dataset/cat_0767.jpg,cat
F:\NTSE\lab02\output\class_named_dataset\cat_0768.jpg,output/class_named_dataset/cat_0768.jpg,cat
F:\NTSE\lab02\output\class_named_dataset\cat_0769.jpg,output/class_named_dataset/cat_0769.jpg,cat
F:\NTSE\lab02\output\class_named_dataset\cat_0770.jpg,output/class_named_dataset/cat_0770.jpg,cat
F:\NTSE\lab02\output\class_named_dataset\cat_0771.jpg,output/class_named_dataset/cat_0771.jpg,cat
F:\NTSE\lab02\output\class_named_dataset\cat_0772.jpg,output/class_named_dataset/cat_0772.jpg,cat
F:\NTSE\lab02\output\class_named_dataset\cat_0773.jpg,output/class_named_dataset/cat_0773.jpg,cat
F:\NTSE\lab02\output\class_named_dataset\cat_0774.jpg,output/class_named_dataset/cat_0774.jpg,cat
F:\NTSE\lab02\output\class_named_dataset\cat_0775.jpg,output/class_named_dataset/cat_0775.jpg,cat
F:\NTSE\lab02\output\class_named_dataset\cat_0776.jpg,output/class_named_dataset/cat_0776.jpg,cat
F:\NTSE\lab02\output\class_named_dataset\cat_0777.jpg,output/class_named_dataset/cat_0777.jpg,cat
F:\NTSE\lab02\output\class_named_dataset\cat_0778.jpg,output/class_named_dataset/cat_0778.jpg,cat
F:\NTSE\lab02\output\class_named_dataset\cat_0779.jpg,output/class_named_dataset/cat_0779.jpg,cat
F:\NTSE\lab02\output\class_named_dataset\cat_0780.jpg,output/class_named_dataset/cat_0780.jpg,cat
F:\NTSE\lab02\output\class_named_dataset\cat_0781.jpg,output/class_named_dataset/cat_0781.jpg,cat
F:\NTSE\lab02\output\class_named_dataset\cat_0782.jpg,output/class_named_dataset/cat_0782.jpg,cat
F:\NTSE\lab02\output\class_named_dataset\cat_0783.jpg,output/class_named_dataset/cat_0783.jpg,cat
F:\NTSE\lab02\output\class_named_dataset\cat_0784.jpg,output/class_named_dataset/cat_0784.jpg,cat
F:\NTSE\lab02\output\class_named_dataset\cat_0785.jpg,output/class_named_dataset/cat_0785.jpg,cat
F:\NTSE\lab02\output\class_named_dataset\cat_0786.jpg,output/class_named_dataset/cat_0786.jpg,cat
F:\NTSE\lab02\output\class_named_dataset\cat_0787.jpg,output/class_named_dataset/cat_0787.jpg,cat
F:\NTSE\lab02\output\class_named_dataset\cat_0788.jpg,output/class_named_dataset/cat_0788.jpg,cat
F:\NTSE\lab02\output\class_named_dataset\cat_0789.jpg,output/class_named_dataset/cat_0789.jpg,cat
F:\NTSE\lab02\output\class_named_dataset\cat_0790.jpg,output/class_named_dataset/cat_0790.jpg,cat
F:\NTSE\lab02\output\class_named_dataset\cat_0791.jpg,output/class_named_dataset/cat_0791.jpg,cat
F:\NTSE\lab02\output\class_named_dataset\cat_0792.jpg,output/class_named_dataset/cat_0792.jpg,cat
F:\NTSE\lab02\output\class_named_dataset\cat_0793.jpg,output/class_named_dataset/cat_0793.jpg,cat
F:\NTSE\lab02\output\class_named_dataset\cat_0794.jpg,output/class_named_dataset/cat_0794.jpg,cat
F:\NTSE\lab02\output\class_named_dataset\cat_0795.jpg,output/class_named_dataset/cat_0795.jpg,cat
F:\NTSE\lab02\output\class_named_dataset\cat_0796.jpg,output/class_named_dataset/cat_0796.jpg,cat
F:\NTSE\lab02\output\class_named_dataset\cat_0797.jpg,output/class_named_dataset/cat_0797.jpg,cat
F:\NTSE\lab02\output\class_named_dataset\cat_0798.jpg,output/class_named_dataset/cat_0798.jpg,cat
F:\NTSE\lab02\output\class_named_dataset\cat_0799.jpg,output/class_named_dataset/cat_0799.jpg,cat
F:\NTSE\lab02\output\class_named_dataset\cat_0800.jpg,output/class_named_dataset/cat_0800.jpg,cat
F:\NTSE\lab02\output\class_named_dataset\cat_0801.jpg,output/class_named_dataset/cat_0801.jpg,cat
F:\NTSE\lab02\output\class_named_dataset\cat_0802.jpg,output/class_named_dataset/cat_0802.jpg,cat
F:\NTSE\lab02\output\class_named_dataset\cat_0803.jpg,output/class_named_dataset/cat_0803.jpg,cat
F:\NTSE\lab02\output\class_named_dataset\cat_0804.jpg,output/class_named_dataset/cat_0804.jpg,cat
F:\NTSE\lab02\output\class_named_dataset\cat_0805.jpg,output/class_named_dataset/cat_0805.jpg,cat
F:\NTSE\lab02\output\class_named_dataset\cat_0806.jpg,output/class_named_dataset/cat_0806.jpg,cat
F:\NTSE\lab02\output\class_named_dataset\cat_0807.jpg,output/class_named_dataset/cat_0807.jpg,cat
F:\NTSE\lab02\output\class_named_dataset\cat_0808.jpg,output/class_named_dataset/cat_0808.jpg,cat
F:\NTSE\lab02\output\class_named_dataset\cat_0809.jpg,output/class_named_dataset/cat_0809.jpg,cat
F:\NTSE\lab02\output\class_named_dataset\cat_0810.jpg,output/class_named_dataset/cat_0810.jpg,cat
F:\NTSE\lab02\output\class_named_dataset\cat_0811.jpg,output/class_named_dataset/cat_0811.jpg,cat
F:\NTSE\lab02\output\class_named_dataset\cat_0812.jpg,output/class_named_dataset/cat_0812.jpg,cat
F:\NTSE\lab02\output\class_named_dataset\cat_0813.jpg,output/class_named_dataset/cat_0813.jpg,cat
F:\NTSE\lab02\output\class_named_dataset\cat_0814.jpg,output/class_named_dataset/cat_0814.jpg,cat
F:\NTSE\lab02\output\class_named_dataset\cat_0815.jpg,output/class_named_dataset/cat_0815.jpg,cat
F:\NTSE\lab02\output\class_named_dataset\cat_0816.jpg,output/class_named_dataset/cat_0816.jpg,cat
F:\NTSE\lab02\output\class_named_dataset\cat_0817.jpg,output/class_named_dataset/cat_0817.jpg,cat
F:\NTSE\lab02\output\class_named_dataset\cat_0818.jpg,output/class_named_dataset/cat_0818.jpg,cat
F:\NTSE\lab02\output\class_named_dataset\cat_0819.jpg,output/class_named_dataset/cat_0819.jpg,cat
F:\NTSE\lab02\output\class_named_dataset\cat_0820.jpg,output/class_named_dataset/cat_0820.jpg,cat
F:\NTSE\lab02\output\class_named_dataset\cat_0821.jpg,output/class_named_dataset/cat_0821.jpg,cat
F:\NTSE\lab02\output\class_named_dataset\cat_0822.jpg,output/class_named_dataset/cat_0822.jpg,cat
F:\NTSE\lab02\output\class_named_dataset\cat_0823.jpg,output/class_named_dataset/cat_0823.jpg,cat
F:\NTSE\lab02\output\class_named_dataset\cat_0824.jpg,output/class_named_dataset/cat_0824.jpg,cat
F:\NTSE\lab02\output\class_named_dataset\cat_0825.jpg,output/class_named_dataset/cat_0825.jpg,cat
F:\NTSE\lab02\output\class_named_dataset\cat_0826.jpg,output/class_named_dataset/cat_0826.jpg,cat
F:\NTSE\lab02\output\class_named_dataset\cat_0827.jpg,output/class_named_dataset/cat_0827.jpg,cat
F:\NTSE\lab02\output\class_named_dataset\cat_0828.jpg,output/class_named_dataset/cat_0828.jpg,cat
F:\NTSE\lab02\output\class_named_dataset\cat_0829.jpg,output/class_named_dataset/cat_0829.jpg,cat
F:\NTSE\lab02\output\class_named_dataset\cat_0830.jpg,output/class_named_dataset/cat_0830.jpg,cat
F:\NTSE\lab02\output\class_named_dataset\cat_0831.jpg,output/class_named_dataset/cat_0831.jpg,cat
F:\NTSE\lab02\output\class_named_dataset\cat_0832.jpg,output/class_named_dataset/cat_0832.jpg,cat
F:\NTSE\lab02\output\class_named_dataset\cat_0833.jpg,output/class_named_dataset/cat_0833.jpg,cat
F:\NTSE\lab02\output\class_named_dataset\cat_0834.jpg,output/class_named_dataset/cat_0834.jpg,cat
F:\NTSE\lab02\output\class_named_dataset\cat_0835.jpg,output/class_named_dataset/cat_0835.jpg,cat
F:\NTSE\lab02\output\class_named_dataset\cat_0836.jpg,output/class_named_dataset/cat_0836.jpg,cat
F:\NTSE\lab02\output\class_named_dataset\cat_0837.jpg,output/class_named_dataset/cat_0837.jpg,cat
F:\NTSE\lab02\output\class_named_dataset\cat_0838.jpg,output/class_named_dataset/cat_0838.jpg,cat
F:\NTSE\lab02\output\class_named_dataset\cat_0839.jpg,output/class_named_dataset/cat_0839.jpg,cat
F:\NTSE\lab02\output\class_named_dataset\cat_0840.jpg,output/class_named_dataset/cat_0840.jpg,cat
F:\NTSE\lab02\output\class_named_dataset\cat_0841.jpg,output/class_named_dataset/cat_0841.jpg,cat
F:\NTSE\lab02\output\class_named_dataset\cat_0842.jpg,output/class_named_dataset/cat_0842.jpg,cat
F:\NTSE\lab02\output\class_named_dataset\cat_0843.jpg,output/class_named_dataset/cat_0843.jpg,cat
F:\NTSE\lab02\output\class_named_dataset\cat_0844.jpg,output/class_named_dataset/cat_0844.jpg,cat
F:\NTSE\lab02\output\class_named_dataset\cat_0845.jpg,output/class_named_dataset/cat_0845.jpg,cat
F:\NTSE\lab02\output\class_named_dataset\cat_0846.jpg,output/class_named_dataset/cat_0846.jpg,cat
F:\NTSE\lab02\output\class_named_dataset\cat_0847.jpg,output/class_named_dataset/cat_0847.jpg,cat
F:\NTSE\lab02\output\class_named_dataset\cat_0848.jpg,output/class_named_dataset/cat_0848.jpg,cat
F:\NTSE\lab02\output\class_named_dataset\cat_0849.jpg,output/class_named_dataset/cat_0849.jpg,cat
F:\NTSE\lab02\output\class_named_dataset\cat_0850.jpg,output/class_named_dataset/cat_0850.jpg,cat
F:\NTSE\lab02\output\class_named_dataset\cat_0851.jpg,output/class_named_dataset/cat_0851.jpg,cat
F:\NTSE\lab02\output\class_named_dataset\cat_0852.jpg,output/class_named_dataset/cat_0852.jpg,cat
F:\NTSE\lab02\output\class_named_dataset\cat_0853.jpg,output/class_named_dataset/cat_0853.jpg,cat
F:\NTSE\lab02\output\class_named_dataset\cat_0854.jpg,output/class_named_dataset/cat_0854.jpg,cat
F:\NTSE\lab02\output\class_named_dataset\cat_0855.jpg,output/class_named_dataset/cat_0855.jpg,cat
F:\NTSE\lab02\output\class_named_dataset\cat_0856.jpg,output/class_named_dataset/cat_0856.jpg,cat
F:\NTSE\lab02\output\class_named_dataset\cat_0857.jpg,output/class_named_dataset/cat_0857.jpg,cat
F:\NTSE\lab02\output\class_named_dataset\cat_0858.jpg,output/class_named_dataset/cat_0858.jpg,cat
F:\NTSE\lab02\output\class_named_dataset\cat_0859.jpg,output/class_named_dataset/cat_0859.jpg,cat
F:\NTSE\lab02\output\class_named_dataset\cat_0860.jpg,output/class_named_dataset/cat_0860.jpg,cat
F:\NTSE\lab02\output\class_named_dataset\cat_0861.jpg,output/class_named_dataset/cat_0861.jpg,cat
F:\NTSE\lab02\output\class_named_dataset\cat_0862.jpg,output/class_named_dataset/cat_0862.jpg,cat
F:\NTSE\lab02\output\class_named_dataset\cat_0863.jpg,output/class_named_dataset/cat_0863.jpg,cat
F:\NTSE\lab02\output\class_named_dataset\cat_0864.jpg,output/class_named_dataset/cat_0864.jpg,cat
F:\NTSE\lab02\output\class_named_dataset\cat_0865.jpg,output/class_named_dataset/cat_0865.jpg,cat
F:\NTSE\lab02\output\class_named_dataset\cat_0866.jpg,output/class_named_dataset/cat_0866.jpg,cat
F:\NTSE\lab02\output\class_named_dataset\cat_0867.jpg,output/class_named_dataset/cat_0867.jpg,cat
F:\NTSE\lab02\output\class_named_dataset\cat_0868.jpg,output/class_named_dataset/cat_0868.jpg,cat
F:\NTSE\lab02\output\class_named_dataset\cat_0869.jpg,output/class_named_dataset/cat_0869.jpg,cat
F:\NTSE\lab02\output\class_named_dataset\cat_0870.jpg,output/class_named_dataset/cat_0870.jpg,cat
F:\NTSE\lab02\output\class_named_dataset\cat_0871.jpg,output/class_named_dataset/cat_0871.jpg,cat
F:\NTSE\lab02\output\class_named_dataset\cat_0872.jpg,output/class_named_dataset/cat_0872.jpg,cat
F:\NTSE\lab02\output\class_named_dataset\cat_0873.jpg,output/class_named_dataset/cat_0873.jpg,cat
F:\NTSE\lab02\output\class_named_dataset\cat_0874.jpg,output/class_named_dataset/cat_0874.jpg,cat
F:\NTSE\lab02\output\class_named_dataset\cat_0875.jpg,output/class_named_dataset/cat_0875.jpg,cat
F:\NTSE\lab02\output\class_named_dataset\cat_0876.jpg,output/class_named_dataset/cat_0876.jpg,cat
F:\NTSE\lab02\output\class_named_dataset\cat_0877.jpg,output/class_named_dataset/cat_0877.jpg,cat
F:\NTSE\lab02\output\class_named_dataset\cat_0878.jpg,output/class_named_dataset/cat_0878.jpg,cat
F:\NTSE\lab02\output\class_named_dataset\cat_0879.jpg,output/class_named_dataset/cat_0879.jpg,cat
F:\NTSE\lab02\output\class_named_dataset\cat_0880.jpg,output/class_named_dataset/cat_0880.jpg,cat
F:\NTSE\lab02\output\class_named_dataset\cat_0881.jpg,output/class_named_dataset/cat_0881.jpg,cat
F:\NTSE\lab02\output\class_named_dataset\cat_0882.jpg,output/class_named_dataset/cat_0882.jpg,cat
F:\NTSE\lab02\output\class_named_dataset\cat_0883.jpg,output/class_named_dataset/cat_0883.jpg,cat
F:\NTSE\lab02\output\class_named_dataset\cat_0884.jpg,output/class_named_dataset/cat_0884.jpg,cat
F:\NTSE\lab02\output\class_named_dataset\cat_0885.jpg,output/class_named_dataset/cat_0885.jpg,cat
F:\NTSE\lab02\output\class_named_dataset\cat_0886.jpg,output/class_named_dataset/cat_0886.jpg,cat
F:\NTSE\lab02\output\class_named_dataset\cat_0887.jpg,output/class_named_dataset/cat_0887.jpg,cat
F:\NTSE\lab02\output\class_named_dataset\cat_0888.jpg,output/class_named_dataset/cat_0888.jpg,cat
F:\NTSE\lab02\output\class_named_dataset\cat_0889.jpg,output/class_named_dataset/cat_0889.jpg,cat
F:\NTSE\lab02\output\class_named_dataset\cat_0890.jpg,output/class_named_dataset/cat_0890.jpg,cat
F:\NTSE\lab02\output\class_named_dataset\cat_0891.jpg,output/class_named_dataset/cat_0891.jpg,cat
F:\NTSE\lab02\output\class_named_dataset\cat_0892.jpg,output/class_named_dataset/cat_0892.jpg,cat
F:\NTSE\lab02\output\class_named_dataset\cat_0893.jpg,output/class_named_dataset/cat_0893.jpg,cat
F:\NTSE\lab02\output\class_named_dataset\cat_0894.jpg,output/class_named_dataset/cat_0894.jpg,cat
F:\NTSE\lab02\output\class_named_dataset\cat_0895.jpg,output/class_named_dataset/cat_0895.jpg,cat
F:\NTSE\lab02\output\class_named_dataset\cat_0896.jpg,output/class_named_dataset/cat_0896.jpg,cat
F:\NTSE\lab02\output\class_named_dataset\cat_0897.jpg,output/class_named_dataset/cat_0897.jpg,cat
F:\NTSE\lab02\output\class_named_dataset\cat_0898.jpg,output/class_named_dataset/cat_0898.jpg,cat
F:\NTSE\lab02\output\class_named_dataset\cat_0899.jpg,output/class_named_dataset/cat_0899.jpg,cat
F:\NTSE\lab02\output\class_named_dataset\cat_0900.jpg,output/class_named_dataset/cat_0900.jpg,cat
F:\NTSE\lab02\output\class_named_dataset\cat_0901.jpg,output/class_named_dataset/cat_0901.jpg,cat
F:\NTSE\lab02\output\class_named_dataset\cat_0902.jpg,output/class_named_dataset/cat_0902.jpg,cat
F:\NTSE\lab02\output\class_named_dataset\cat_0903.jpg,output/class_named_dataset/cat_0903.jpg,cat
F:\NTSE\lab02\output\class_named_dataset\cat_0904.jpg,output/class_named_dataset/cat_0904.jpg,cat
F:\NTSE\lab02\output\class_named_dataset\cat_0905.jpg,output/class_named_dataset/cat_0905.jpg,cat
F:\NTSE\lab02\output\class_named_dataset\cat_0906.jpg,output/class_named_dataset/cat_0906.jpg,cat
F:\NTSE\lab02\output\class_named_dataset\cat_0907.jpg,output/class_named_dataset/cat_0907.jpg,cat
F:\NTSE\lab02\output\class_named_dataset\cat_0908.jpg,output/class_named_dataset/cat_0908.jpg,cat
F:\NTSE\lab02\output\class_named_dataset\cat_0909.jpg,output/class_named_dataset/cat_0909.jpg,cat
F:\NTSE\lab02\output\class_named_dataset\cat_0910.jpg,output/class_named_dataset/cat_0910.jpg,cat
F:\NTSE\lab02\output\class_named_dataset\cat_0911.jpg,output/class_named_dataset/cat_0911.jpg,cat
F:\NTSE\lab02\output\class_named_dataset\cat_0912.jpg,output/class_named_dataset/cat_0912.jpg,cat
F:\NTSE\lab02\output\class_named_dataset\cat_0913.jpg,output/class_named_dataset/cat_0913.jpg,cat
F:\NTSE\lab02\output\class_named_dataset\cat_0914.jpg,output/class_named_dataset/cat_0914.jpg,cat
F:\NTSE\lab02\output\class_named_dataset\cat_0915.jpg,output/class_named_dataset/cat_0915.jpg,cat
F:\NTSE\lab02\output\class_named_dataset\cat_0916.jpg,output/class_named_dataset/cat_0916.jpg,cat
F:\NTSE\lab02\output\class_named_dataset\cat_0917.jpg,output/class_named_dataset/cat_0917.jpg,cat
F:\NTSE\lab02\output\class_named_dataset\cat_0918.jpg,output/class_named_dataset/cat_0918.jpg,cat
F:\NTSE\lab02\output\class_named_dataset\cat_0919.jpg,output/class_named_dataset/cat_0919.jpg,cat
F:\NTSE\lab02\output\class_named_dataset\cat_0920.jpg,output/class_named_dataset/cat_0920.jpg,cat
F:\NTSE\lab02\output\class_named_dataset\cat_0921.jpg,output/class_named_dataset/cat_0921.jpg,cat
F:\NTSE\lab02\output\class_named_dataset\cat_0922.jpg,output/class_named_dataset/cat_0922.jpg,cat
F:\NTSE\lab02\output\class_named_dataset\cat_0923.jpg,output/class_named_dataset/cat_0923.jpg,cat
F:\NTSE\lab02\output\class_named_dataset\cat_0924.jpg,output/class_named_dataset/cat_0924.jpg,cat
F:\NTSE\lab02\output\class_named_dataset\cat_0925.jpg,output/class_named_dataset/cat_0925.jpg,cat
F:\NTSE\lab02\output\class_named_dataset\cat_0926.jpg,output/class_named_dataset/cat_0926.jpg,cat
F:\NTSE\lab02\output\class_named_dataset\cat_0927.jpg,output/class_named_dataset/cat_0927.jpg,cat
F:\NTSE\lab02\output\class_named_dataset\cat_0928.jpg,output/class_named_dataset/cat_0928.jpg,cat
F:\NTSE\lab02\output\class_named_dataset\cat_0929.jpg,output/class_named_dataset/cat_0929.jpg,cat
F:\NTSE\lab02\output\class_named_dataset\cat_0930.jpg,output/class_named_dataset/cat_0930.jpg,cat
F:\NTSE\lab02\output\class_named_dataset\cat_0931.jpg,output/class_named_dataset/cat_0931.jpg,cat
F:\NTSE\lab02\output\class_named_dataset\cat_0932.jpg,output/class_named_dataset/cat_0932.jpg,cat
F:\NTSE\lab02\output\class_named_dataset\cat_0933.jpg,output/class_named_dataset/cat_0933.jpg,cat
F:\NTSE\lab02\output\class_named_dataset\cat_0934.jpg,output/class_named_dataset/cat_0934.jpg,cat
F:\NTSE\lab02\output\class_named_dataset\cat_0935.jpg,output/class_named_dataset/cat_0935.jpg,cat
F:\NTSE\lab02\output\class_named_dataset\cat_0936.jpg,output/class_named_dataset/cat_0936.jpg,cat
F:\NTSE\lab02\output\class_named_dataset\cat_0937.jpg,output/class_named_dataset/cat_0937.jpg,cat
F:\NTSE\lab02\output\class_named_dataset\cat_0938.jpg,output/class_named_dataset/cat_0938.jpg,cat
F:\NTSE\lab02\output\class_named_dataset\cat_0939.jpg,output/class_named_dataset/cat_0939.jpg,cat
F:\NTSE\lab02\output\class_named_dataset\cat_0940.jpg,output/class_named_dataset/cat_0940.jpg,cat
F:\NTSE\lab02\output\class_named_dataset\cat_0941.jpg,output/class_named_dataset/cat_0941.jpg,cat
F:\NTSE\lab02\output\class_named_dataset\cat_0942.jpg,output/class_named_dataset/cat_0942.jpg,cat
F:\NTSE\lab02\output\class_named_dataset\cat_0943.jpg,output/class_named_dataset/cat_0943.jpg,cat
F:\NTSE\lab02\output\class_named_dataset\cat_0944.jpg,output/class_named_dataset/cat_0944.jpg,cat
F:\NTSE\lab02\output\class_named_dataset\cat_0945.jpg,output/class_named_dataset/cat_0945.jpg,cat
F:\NTSE\lab02\output\class_named_dataset\cat_0946.jpg,output/class_named_dataset/cat_0946.jpg,cat
F:\NTSE\lab02\output\class_named_dataset\cat_0947.jpg,output/class_named_dataset/cat_0947.jpg,cat
F:\NTSE\lab02\output\class_named_dataset\cat_0948.jpg,output/class_named_dataset/cat_0948.jpg,cat
F:\NTSE\lab02\output\class_named_dataset\cat_0949.jpg,output/class_named_dataset/cat_0949.jpg,cat
F:\NTSE\lab02\output\class_named_dataset\cat_0950.jpg,output/class_named_dataset/cat_0950.jpg,cat
F:\NTSE\lab02\output\class_named_dataset\cat_0951.jpg,output/class_named_dataset/cat_0951.jpg,cat
F:\NTSE\lab02\output\class_named_dataset\cat_0952.jpg,output/class_named_dataset/cat_0952.jpg,cat
F:\NTSE\lab02\output\class_named_dataset\cat_0953.jpg,output/class_named_dataset/cat_0953.jpg,cat
F:\NTSE\lab02\output\class_named_dataset\cat_0954.jpg,output/class_named_dataset/cat_0954.jpg,cat
F:\NTSE\lab02\output\class_named_dataset\cat_0955.jpg,output/class_named_dataset/cat_0955.jpg,cat
F:\NTSE\lab02\output\class_named_dataset\cat_0956.jpg,output/class_named_dataset/cat_0956.jpg,cat
F:\NTSE\lab02\output\class_named_dataset\cat_0957.jpg,output/class_named_dataset/cat_0957.jpg,cat
F:\NTSE\lab02\output\class_named_dataset\cat_0958.jpg,output/class_named_dataset/cat_0958.jpg,cat
F:\NTSE\lab02\output\class_named_dataset\cat_0959.jpg,output/class_named_dataset/cat_0959.jpg,cat
F:\NTSE\lab02\output\class_named_dataset\cat_0960.jpg,output/class_named_dataset/cat_0960.jpg,cat
F:\NTSE\lab02\output\class_named_dataset\cat_0961.jpg,output/class_named_dataset/cat_0961.jpg,cat
F:\NTSE\lab02\output\class_named_dataset\cat_0962.jpg,output/class_named_dataset/cat_0962.jpg,cat
F:\NTSE\lab02\output\class_named_dataset\cat_0963.jpg,output/class_named_dataset/cat_0963.jpg,cat
F:\NTSE\lab02\output\class_named_dataset\cat_0964.jpg,output/class_named_dataset/cat_0964.jpg,cat
F:\NTSE\lab02\output\class_named_dataset\cat_0965.jpg,output/class_named_dataset/cat_0965.jpg,cat
F:\NTSE\lab02\output\class_named_dataset\cat_0966.jpg,output/class_named_dataset/cat_0966.jpg,cat
F:\NTSE\lab02\output\class_named_dataset\cat_0967.jpg,output/class_named_dataset/cat_0967.jpg,cat
F:\NTSE\lab02\output\class_named_dataset\cat_0968.jpg,output/class_named_dataset/cat_0968.jpg,cat
F:\NTSE\lab02\output\class_named_dataset\cat_0969.jpg,output/class_named_dataset/cat_0969.jpg,cat
F:\NTSE\lab02\output\class_named_dataset\cat_0970.jpg,output/class_named_dataset/cat_0970.jpg,cat
F:\NTSE\lab02\output\class_named_dataset\cat_0971.jpg,output/class_named_dataset/cat_0971.jpg,cat
F:\NTSE\lab02\output\class_named_dataset\cat_0972.jpg,output/class_named_dataset/cat_0972.jpg,cat
F:\NTSE\lab02\output\class_named_dataset\cat_0973.jpg,output/class_named_dataset/cat_0973.jpg,cat
F:\NTSE\lab02\output\class_named_dataset\cat_0974.jpg,output/class_named_dataset/cat_0974.jpg,cat
F:\NTSE\lab02\output\class_named_dataset\cat_0975.jpg,output/class_named_dataset/cat_0975.jpg,cat
F:\NTSE\lab02\output\class_named_dataset\cat_0976.jpg,output/class_named_dataset/cat_0976.jpg,cat
F:\NTSE\lab02\output\class_named_dataset\cat_0977.jpg,output/class_named_dataset/cat_0977.jpg,cat
F:\NTSE\lab02\output\class_named_dataset\cat_0978.jpg,output/class_named_dataset/cat_0978.jpg,cat
F:\NTSE\lab02\output\class_named_dataset\cat_0979.jpg,output/class_named_dataset/cat_0979.jpg,cat
F:\NTSE\lab02\output\class_named_dataset\cat_0980.jpg,output/class_named_dataset/cat_0980.jpg,cat
F:\NTSE\lab02\output\class_named_dataset\cat_0981.jpg,output/class_named_dataset/cat_0981.jpg,cat
F:\NTSE\lab02\output\class_named_dataset\cat_0982.jpg,output/class_named_dataset/cat_0982.jpg,cat
F:\NTSE\lab02\output\class_named_dataset\cat_0983.jpg,output/class_named_dataset/cat_0983.jpg,cat
F:\NTSE\lab02\output\class_named_dataset\cat_0984.jpg,output/class_named_dataset/cat_0984.jpg,cat
F:\NTSE\lab02\output\class_named_dataset\cat_0985.jpg,output/class_named_dataset/cat_0985.jpg,cat
F:\NTSE\lab02\output\class_named_dataset\cat_0986.jpg,output/class_named_dataset/cat_0986.jpg,cat
F:\NTSE\lab02\output\class_named_dataset\cat_0987.jpg,output/class_named_dataset/cat_0987.jpg,cat
F:\NTSE\lab02\output\class_named_dataset\cat_0988.jpg,output/class_named_dataset/cat_0988.jpg,cat
F:\NTSE\lab02\output\class_named_dataset\cat_0989.jpg,output/class_named_dataset/cat_0989.jpg,cat
F:\NTSE\lab02\output\class_named_dataset\cat_0990.jpg,output/class_named_dataset/cat_0990.jpg,cat
F:\NTSE\lab02\output\class_named_dataset\cat_0991.jpg,output/class_named_dataset/cat_0991.jpg,cat
F:\NTSE\lab02\output\class_named_dataset\cat_0992.jpg,output/class_named_dataset/cat_0992.jpg,cat
F:\NTSE\lab02\output\class_named_dataset\cat_0993.jpg,output/class_named_dataset/cat_0993.jpg,cat
F:\NTSE\lab02\output\class_named_dataset\cat_0994.jpg,output/class_named_dataset/cat_0994.jpg,cat
F:\NTSE\lab02\output\class_named_dataset\cat_0995.jpg,output/class_named_dataset/cat_0995.jpg,cat
F:\NTSE\lab02\output\class_named_dataset\cat_0996.jpg,output/class_named_dataset/cat_0996.jpg,cat
F:\NTSE\lab02\output\class_named_dataset\cat_0997.jpg,output/class_named_dataset/cat_0997.jpg,cat
F:\NTSE\lab02\output\class_named_dataset\cat_0998.jpg,output/class_named_dataset/cat_0998.jpg,cat
F:\NTSE\lab02\output\class_named_dataset\cat_0999.jpg,output/class_named_dataset/cat_0999.jpg,cat
F:\NTSE\lab02\output\class_named_dataset\cat_1000.jpg,output/class_named_dataset/cat_1000.jpg,cat
F:\NTSE\lab02\output\class_named_dataset\cat_1001.jpg,output/class_named_dataset/cat_1001.jpg,cat
F:\NTSE\lab02\output\class_named_dataset\cat_1002.jpg,output/class_named_dataset/cat_1002.jpg,cat
F:\NTSE\lab02\output\class_named_dataset\cat_1003.jpg,output/class_named_dataset/cat_1003.jpg,cat
F:\NTSE\lab02\output\class_named_dataset\cat_1004.jpg,output/class_named_dataset/cat_1004.jpg,cat
F:\NTSE\lab02\output\class_named_dataset\cat_1005.jpg,output/class_named_dataset/cat_1005.jpg,cat
F:\NTSE\lab02\output\class_named_dataset\cat_1006.jpg,output/class_named_dataset/cat_1006.jpg,cat
F:\NTSE\lab02\output\class_named_dataset\cat_1007.jpg,output/class_named_dataset/cat_1007.jpg,cat
F:\NTSE\lab02\output\class_named_dataset\cat_1008.jpg,output/class_named_dataset/cat_1008.jpg,cat
F:\NTSE\lab02\output\class_named_dataset\cat_1009.jpg,output/class_named_dataset/cat_1009.jpg,cat
F:\NTSE\lab02\output\class_named_dataset\cat_1010.jpg,output/class_named_dataset/cat_1010.jpg,cat
F:\NTSE\lab02\output\class_named_dataset\cat_1011.jpg,output/class_named_dataset/cat_1011.jpg,cat
F:\NTSE\lab02\output\class_named_dataset\cat_1012.jpg,output/class_named_dataset/cat_1012.jpg,cat
F:\NTSE\lab02\output\class_named_dataset\cat_1013.jpg,output/class_named_dataset/cat_1013.jpg,cat
F:\NTSE\lab02\output\class_named_dataset\cat_1014.jpg,output/class_named_dataset/cat_1014.jpg,cat
F:\NTSE\lab02\output\class_named_dataset\cat_1015.jpg,output/class_named_dataset/cat_1015.jpg,cat
F:\NTSE\lab02\output\class_named_dataset\cat_1016.jpg,output/class_named_dataset/cat_1016.jpg,cat
F:\NTSE\lab02\output\class_named_dataset\cat_1017.jpg,output/class_named_dataset/cat_1017.jpg,cat
F:\NTSE\lab02\output\class_named_dataset\cat_1018.jpg,output/class_named_dataset/cat_1018.jpg,cat
F:\NTSE\lab02\output\class_named_dataset\cat_1019.jpg,output/class_named_dataset/cat_1019.jpg,cat
F:\NTSE\lab02\output\class_named_dataset\cat_1020.jpg,output/class_named_dataset/cat_1020.jpg,cat
F:\NTSE\lab02\output\class_named_dataset\cat_1021.jpg,output/class_named_dataset/cat_1021.jpg,cat
F:\NTSE\lab02\output\class_named_dataset\cat_1022.jpg,output/class_named_dataset/cat_1022.jpg,cat
F:\NTSE\lab02\output\class_named_dataset\cat_1023.jpg,output/class_named_dataset/cat_1023.jpg,cat
F:\NTSE\lab02\output\class_named_dataset\cat_1024.jpg,output/class_named_dataset/cat_1024.jpg,cat
F:\NTSE\lab02\output\class_named_dataset\cat_1025.jpg,output/class_named_dataset/cat_1025.jpg,cat
F:\NTSE\lab02\output\class_named_dataset\cat_1026.jpg,output/class_named_dataset/cat_1026.jpg,cat
F:\NTSE\lab02\output\class_named_dataset\cat_1027.jpg,output/class_named_dataset/cat_1027.jpg,cat
F:\NTSE\lab02\output\class_named_dataset\cat_1028.jpg,output/class_named_dataset/cat_1028.jpg,cat
F:\NTSE\lab02\output\class_named_dataset\cat_1029.jpg,output/class_named_dataset/cat_1029.jpg,cat
F:\NTSE\lab02\output\class_named_dataset\cat_1030.jpg,output/class_named_dataset/cat_1030.jpg,cat
F:\NTSE\lab02\output\class_named_dataset\cat_1031.jpg,output/class_named_dataset/cat_1031.jpg,cat
F:\NTSE\lab02\output\class_named_dataset\cat_1032.jpg,output/class_named_dataset/cat_1032.jpg,cat
F:\NTSE\lab02\output\class_named_dataset\cat_1033.jpg,output/class_named_dataset/cat_1033.jpg,cat
F:\NTSE\lab02\output\class_named_dataset\cat_1034.jpg,output/class_named_dataset/cat_1034.jpg,cat
F:\NTSE\lab02\output\class_named_dataset\cat_1035.jpg,output/class_named_dataset/cat_1035.jpg,cat
F:\NTSE\lab02\output\class_named_dataset\cat_1036.jpg,output/class_named_dataset/cat_1036.jpg,cat
F:\NTSE\lab02\output\class_named_dataset\cat_1037.jpg,output/class_named_dataset/cat_1037.jpg,cat
F:\NTSE\lab02\output\class_named_dataset\cat_1038.jpg,output/class_named_dataset/cat_1038.jpg,cat
F:\NTSE\lab02\output\class_named_dataset\cat_1039.jpg,output/class_named_dataset/cat_1039.jpg,cat
F:\NTSE\lab02\output\class_named_dataset\cat_1040.jpg,output/class_named_dataset/cat_1040.jpg,cat
F:\NTSE\lab02\output\class_named_dataset\cat_1041.jpg,output/class_named_dataset/cat_1041.jpg,cat
F:\NTSE\lab02\output\class_named_dataset\cat_1042.jpg,output/class_named_dataset/cat_1042.jpg,cat
F:\NTSE\lab02\output\class_named_dataset\cat_1043.jpg,output/class_named_dataset/cat_1043.jpg,cat
F:\NTSE\lab02\output\class_named_dataset\cat_1044.jpg,output/class_named_dataset/cat_1044.jpg,cat
F:\NTSE\lab02\output\class_named_dataset\cat_1045.jpg,output/class_named_dataset/cat_1045.jpg,cat
F:\NTSE\lab02\output\class_named_dataset\cat_1046.jpg,output/class_named_dataset/cat_1046.jpg,cat
F:\NTSE\lab02\output\class_named_dataset\cat_1047.jpg,output/class_named_dataset/cat_1047.jpg,cat
F:\NTSE\lab02\output\class_named_dataset\cat_1048.jpg,output/class_named_dataset/cat_1048.jpg,cat
F:\NTSE\lab02\output\class_named_dataset\cat_1049.jpg,output/class_named_dataset/cat_1049.jpg,cat
F:\NTSE\lab02\output\class_named_dataset\cat_1050.jpg,output/class_named_dataset/cat_1050.jpg,cat
F:\NTSE\lab02\output\class_named_dataset\cat_1051.jpg,output/class_named_dataset/cat_1051.jpg,cat
F:\NTSE\lab02\output\class_named_dataset\cat_1052.jpg,output/class_named_dataset/cat_1052.jpg,cat
F:\NTSE\lab02\output\class_named_dataset\cat_1053.jpg,output/class_named_dataset/cat_1053.jpg,cat
F:\NTSE\lab02\output\class_named_dataset\cat_1054.jpg,output/class_named_dataset/cat_1054.jpg,cat
F:\NTSE\lab02\output\class_named_dataset\cat_1055.jpg,output/class_named_dataset/cat_1055.jpg,cat
F:\NTSE\lab02\output\class_named_dataset\cat_1056.jpg,output/class_named_dataset/cat_1056.jpg,cat
F:\NTSE\lab02\output\class_named_dataset\cat_1057.jpg,output/class_named_dataset/cat_1057.jpg,cat
F:\NTSE\lab02\output\class_named_dataset\cat_1058.jpg,output/class_named_dataset/cat_1058.jpg,cat
F:\NTSE\lab02\output\class_named_dataset\cat_1059.jpg,output/class_named_dataset/cat_1059.jpg,cat
F:\NTSE\lab02\output\class_named_dataset\cat_1060.jpg,output/class_named_dataset/cat_1060.jpg,cat
F:\NTSE\lab02\output\class_named_dataset\cat_1061.jpg,output/class_named_dataset/cat_1061.jpg,cat
F:\NTSE\lab02\output\class_named_dataset\cat_1062.jpg,output/class_named_dataset/cat_1062.jpg,cat
F:\NTSE\lab02\output\class_named_dataset\cat_1063.jpg,output/class_named_dataset/cat_1063.jpg,cat
F:\NTSE\lab02\output\class_named_dataset\cat_1064.jpg,output/class_named_dataset/cat_1064.jpg,cat
F:\NTSE\lab02\output\class_named_dataset\cat_1065.jpg,output/class_named_dataset/cat_1065.jpg,cat
F:\NTSE\lab02\output\class_named_dataset\cat_1066.jpg,output/class_named_dataset/cat_1066.jpg,cat
F:\NTSE\lab02\output\class_named_dataset\cat_1067.jpg,output/class_named_dataset/cat_1067.jpg,cat
F:\NTSE\lab02\output\class_named_dataset\cat_1068.jpg,output/class_named_dataset/cat_1068.jpg,cat
F:\NTSE\lab02\output\class_named_dataset\cat_1069.jpg,output/class_named_dataset/cat_1069.jpg,cat
F:\NTSE\lab02\output\class_named_dataset\cat_1070.jpg,output/class_named_dataset/cat_1070.jpg,cat
F:\NTSE\lab02\output\class_named_dataset\cat_1071.jpg,output/class_named_dataset/cat_1071.jpg,cat
F:\NTSE\lab02\output\class_named_dataset\cat_1072.jpg,output/class_named_dataset/cat_1072.jpg,cat
F:\NTSE\lab02\output\class_named_dataset\cat_1073.jpg,output/class_named_dataset/cat_1073.jpg,cat
F:\NTSE\lab02\output\class_named_dataset\cat_1074.jpg,output/class_named_dataset/cat_1074.jpg,cat
F:\NTSE\lab02\output\class_named_dataset\cat_1075.jpg,output/class_named_dataset/cat_1075.jpg,cat
F:\NTSE\lab02\output\class_named_dataset\cat_1076.jpg,output/class_named_dataset/cat_1076.jpg,cat
F:\NTSE\lab02\output\class_named_dataset\cat_1077.jpg,output/class_named_dataset/cat_1077.jpg,cat
F:\NTSE\lab02\output\class_named_dataset\cat_1078.jpg,output/class_named_dataset/cat_1078.jpg,cat
F:\NTSE\lab02\output\class_named_dataset\cat_1079.jpg,output/class_named_dataset/cat_1079.jpg,cat
F:\NTSE\lab02\output\class_named_dataset\cat_1080.jpg,output/class_named_dataset/cat_1080.jpg,cat
F:\NTSE\lab02\output\class_named_dataset\cat_1081.jpg,output/class_named_dataset/cat_1081.jpg,cat
F:\NTSE\lab02\output\class_named_dataset\cat_1082.jpg,output/class_named_dataset/cat_1082.jpg,cat
F:\NTSE\lab02\output\class_named_dataset\cat_1083.jpg,output/class_named_dataset/cat_1083.jpg,cat
F:\NTSE\lab02\output\class_named_dataset\cat_1084.jpg,output/class_named_dataset/cat_1084.jpg,cat
F:\NTSE\lab02\output\class_named_dataset\cat_1085.jpg,output/class_named_dataset/cat_1085.jpg,cat
F:\NTSE\lab02\output\class_named_dataset\cat_1086.jpg,output/class_named_dataset/cat_1086.jpg,cat
F:\NTSE\lab02\output\class_named_dataset\cat_1087.jpg,output/class_named_dataset/cat_1087.jpg,cat
F:\NTSE\lab02\output\class_named_dataset\cat_1088.jpg,output/class_named_dataset/cat_1088.jpg,cat
F:\NTSE\lab02\output\class_named_dataset\cat_1089.jpg,output/class_named_dataset/cat_1089.jpg,cat
F:\NTSE\lab02\output\class_named_dataset\cat_1090.jpg,output/class_named_dataset/cat_1090.jpg,cat
F:\NTSE\lab02\output\class_named_dataset\cat_1091.jpg,output/class_named_dataset/cat_1091.jpg,cat
F:\NTSE\lab02\output\class_named_dataset\cat_1092.jpg,output/class_named_dataset/cat_1092.jpg,cat
F:\NTSE\lab02\output\class_named_dataset\cat_1093.jpg,output/class_named_dataset/cat_1093.jpg,cat
F:\NTSE\lab02\output\class_named_dataset\cat_1094.jpg,output/class_named_dataset/cat_1094.jpg,cat
F:\NTSE\lab02\output\class_named_dataset\cat_1095.jpg,output/class_named_dataset/cat_1095.jpg,cat
F:\NTSE\lab02\output\class_named_dataset\cat_1096.jpg,output/class_named_dataset/cat_1096.jpg,cat
F:\NTSE\lab02\output\class_named_dataset\cat_1097.jpg,output/class_named_dataset/cat_1097.jpg,cat
F:\NTSE\lab02\output\class_named_dataset\cat_1098.jpg,output/class_named_dataset/cat_1098.jpg,cat
F:\NTSE\lab02\output\class_named_dataset\cat_1099.jpg,output/class_named_dataset/cat_1099.jpg,cat
F:\NTSE\lab02\output\class_named_dataset\cat_1100.jpg,output/class_named_dataset/cat_1100.jpg,cat
F:\NTSE\lab02\output\class_named_dataset\cat_1101.jpg,output/class_named_dataset/cat_1101.jpg,cat
F:\NTSE\lab02\output\class_named_dataset\cat_1102.jpg,output/class_named_dataset/cat_1102.jpg,cat
F:\NTSE\lab02\output\class_named_dataset\cat_1103.jpg,output/class_named_dataset/cat_1103.jpg,cat
F:\NTSE\lab02\output\class_named_dataset\cat_1104.jpg,output/class_named_dataset/cat_1104.jpg,cat
F:\NTSE\lab02\output\class_named_dataset\cat_1105.jpg,output/class_named_dataset/cat_1105.jpg,cat
F:\NTSE\lab02\output\class_named_dataset\cat_1106.jpg,output/class_named_dataset/cat_1106.jpg,cat
F:\NTSE\lab02\output\class_named_dataset\cat_1107.jpg,output/class_named_dataset/cat_1107.jpg,cat
F:\NTSE\lab02\output\class_named_dataset\cat_1108.jpg,output/class_named_dataset/cat_1108.jpg,cat
F:\NTSE\lab02\output\class_named_dataset\cat_1109.jpg,output/class_named_dataset/cat_1109.jpg,cat
F:\NTSE\lab02\output\class_named_dataset\cat_1110.jpg,output/class_named_dataset/cat_1110.jpg,cat
F:\NTSE\lab02\output\class_named_dataset\cat_1111.jpg,output/class_named_dataset/cat_1111.jpg,cat
F:\NTSE\lab02\output\class_named_dataset\cat_1112.jpg,output/class_named_dataset/cat_1112.jpg,cat
F:\NTSE\lab02\output\class_named_dataset\cat_1113.jpg,output/class_named_dataset/cat_1113.jpg,cat
F:\NTSE\lab02\output\class_named_dataset\cat_1114.jpg,output/class_named_dataset/cat_1114.jpg,cat
F:\NTSE\lab02\output\class_named_dataset\cat_1115.jpg,output/class_named_dataset/cat_1115.jpg,cat
F:\NTSE\lab02\output\class_named_dataset\cat_1116.jpg,output/class_named_dataset/cat_1116.jpg,cat
F:\NTSE\lab02\output\class_named_dataset\cat_1117.jpg,output/class_named_dataset/cat_1117.jpg,cat
F:\NTSE\lab02\output\class_named_dataset\cat_1118.jpg,output/class_named_dataset/cat_1118.jpg,cat
F:\NTSE\lab02\output\class_named_dataset\cat_1119.jpg,output/class_named_dataset/cat_1119.jpg,cat
F:\NTSE\lab02\output\class_named_dataset\cat_1120.jpg,output/class_named_dataset/cat_1120.jpg,cat
F:\NTSE\lab02\output\class_named_dataset\cat_1121.jpg,output/class_named_dataset/cat_1121.jpg,cat
F:\NTSE\lab02\output\class_named_dataset\cat_1122.jpg,output/class_named_dataset/cat_1122.jpg,cat
F:\NTSE\lab02\output\class_named_dataset\cat_1123.jpg,output/class_named_dataset/cat_1123.jpg,cat
F:\NTSE\lab02\output\class_named_dataset\cat_1124.jpg,output/class_named_dataset/cat_1124.jpg,cat
F:\NTSE\lab02\output\class_named_dataset\cat_1125.jpg,output/class_named_dataset/cat_1125.jpg,cat
F:\NTSE\lab02\output\class_named_dataset\cat_1126.jpg,output/class_named_dataset/cat_1126.jpg,cat
F:\NTSE\lab02\output\class_named_dataset\cat_1127.jpg,output/class_named_dataset/cat_1127.jpg,cat
F:\NTSE\lab02\output\class_named_dataset\cat_1128.jpg,output/class_named_dataset/cat_1128.jpg,cat
F:\NTSE\lab02\output\class_named_dataset\cat_1129.jpg,output/class_named_dataset/cat_1129.jpg,cat
F:\NTSE\lab02\output\class_named_dataset\cat_1130.jpg,output/class_named_dataset/cat_1130.jpg,cat
F:\NTSE\lab02\output\class_named_dataset\cat_1131.jpg,output/class_named_dataset/cat_1131.jpg,cat
F:\NTSE\lab02\output\class_named_dataset\cat_1132.jpg,output/class_named_dataset/cat_1132.jpg,cat
F:\NTSE\lab02\output\class_named_dataset\cat_1133.jpg,output/class_named_dataset/cat_1133.jpg,cat
F:\NTSE\lab02\output\class_named_dataset\cat_1134.jpg,output/class_named_dataset/cat_1134.jpg,cat
F:\NTSE\lab02\output\class_named_dataset\cat_1135.jpg,output/class_named_dataset/cat_1135.jpg,cat
F:\NTSE\lab02\output\class_named_dataset\cat_1136.jpg,output/class_named_dataset/cat_1136.jpg,cat
F:\NTSE\lab02\output\class_named_dataset\cat_1137.jpg,output/class_named_dataset/cat_1137.jpg,cat
F:\NTSE\lab02\output\class_named_dataset\cat_1138.jpg,output/class_named_dataset/cat_1138.jpg,cat
F:\NTSE\lab02\output\class_named_dataset\cat_1139.jpg,output/class_named_dataset/cat_1139.jpg,cat
F:\NTSE\lab02\output\class_named_dataset\cat_1140.jpg,output/class_named_dataset/cat_1140.jpg,cat
F:\NTSE\lab02\output\class_named_dataset\cat_1141.jpg,output/class_named_dataset/cat_1141.jpg,cat
F:\NTSE\lab02\output\class_named_dataset\cat_1142.jpg,output/class_named_dataset/cat_1142.jpg,cat
F:\NTSE\lab02\output\class_named_dataset\cat_1143.jpg,output/class_named_dataset/cat_1143.jpg,cat
F:\NTSE\lab02\output\class_named_dataset\cat_1144.jpg,output/class_named_dataset/cat_1144.jpg,cat
F:\NTSE\lab02\output\class_named_dataset\cat_1145.jpg,output/class_named_dataset/cat_1145.jpg,cat
F:\NTSE\lab02\output\class_named_dataset\cat_1146.jpg,output/class_named_dataset/cat_1146.jpg,cat
F:\NTSE\lab02\output\class_named_dataset\cat_1147.jpg,output/class_named_dataset/cat_1147.jpg,cat
F:\NTSE\lab02\output\class_named_dataset\cat_1148.jpg,output/class_named_dataset/cat_1148.jpg,cat
F:\NTSE\lab02\output\class_named_dataset\cat_1149.jpg,output/class_named_dataset/cat_1149.jpg,cat
F:\NTSE\lab02\output\class_named_dataset\cat_1150.jpg,output/class_named_dataset/cat_1150.jpg,cat
F:\NTSE\lab02\output\class_named_dataset\cat_1151.jpg,output/class_named_dataset/cat_1151.jpg,cat
F:\NTSE\lab02\output\class_named_dataset\cat_1152.jpg,output/class_named_dataset/cat_1152.jpg,cat
F:\NTSE\lab02\output\class_named_dataset\cat_1153.jpg,output/class_named_dataset/cat_1153.jpg,cat
F:\NTSE\lab02\output\class_named_dataset\cat_1154.jpg,output/class_named_dataset/cat_1154.jpg,cat
F:\NTSE\lab02\output\class_named_dataset\cat_1155.jpg,output/class_named_dataset/cat_1155.jpg,cat
F:\NTSE\lab02\output\class_named_dataset\cat_1156.jpg,output/class_named_dataset/cat_1156.jpg,cat
F:\NTSE\lab02\output\class_named_dataset\cat_1157.jpg,output/class_named_dataset/cat_1157.jpg,cat
F:\NTSE\lab02\output\class_named_dataset\cat_1158.jpg,output/class_named_dataset/cat_1158.jpg,cat
F:\NTSE\lab02\output\class_named_dataset\cat_1159.jpg,output/class_named_dataset/cat_1159.jpg,cat
F:\NTSE\lab02\output\class_named_dataset\cat_1160.jpg,output/class_named_dataset/cat_1160.jpg,cat
F:\NTSE\lab02\output\class_named_dataset\cat_1161.jpg,output/class_named_dataset/cat_1161.jpg,cat
F:\NTSE\lab02\output\class_named_dataset\cat_1162.jpg,output/class_named_dataset/cat_1162.jpg,cat
F:\NTSE\lab02\output\class_named_dataset\cat_1163.jpg,output/class_named_dataset/cat_1163.jpg,cat
F:\NTSE\lab02\output\class_named_dataset\cat_1164.jpg,output/class_named_dataset/cat_1164.jpg,cat
F:\NTSE\lab02\output\class_named_dataset\cat_1165.jpg,output/class_named_dataset/cat_1165.jpg,cat
F:\NTSE\lab02\output\class_named_dataset\cat_1166.jpg,output/class_named_dataset/cat_1166.jpg,cat
F:\NTSE\lab02\output\class_named_dataset\cat_1167.jpg,output/class_named_dataset/cat_1167.jpg,cat
F:\NTSE\lab02\output\class_named_dataset\cat_1168.jpg,output/class_named_dataset/cat_1168.jpg,cat
F:\NTSE\lab02\output\class_named_dataset\cat_1169.jpg,output/class_named_dataset/cat_1169.jpg,cat
F:\NTSE\lab02\output\class_named_dataset\cat_1170.jpg,output/class_named_dataset/cat_1170.jpg,cat
F:\NTSE\lab02\output\class_named_dataset\cat_1171.jpg,output/class_named_dataset/cat_1171.jpg,cat
F:\NTSE\lab02\output\class_named_dataset\cat_1172.jpg,output/class_named_dataset/cat_1172.jpg,cat
F:\NTSE\lab02\output\class_named_dataset\cat_1173.jpg,output/class_named_dataset/cat_1173.jpg,cat
F:\NTSE\lab02\output\class_named_dataset\cat_1174.jpg,output/class_named_dataset/cat_1174.jpg,cat
F:\NTSE\lab02\output\class_named_dataset\cat_1175.jpg,output/class_named_dataset/cat_1175.jpg,cat
F:\NTSE\lab02\output\class_named_dataset\cat_1176.jpg,output/class_named_dataset/cat_1176.jpg,cat
F:\NTSE\lab02\output\class_named_dataset\cat_1177.jpg,output/class_named_dataset/cat_1177.jpg,cat
F:\NTSE\lab02\output\class_named_dataset\cat_1178.jpg,output/class_named_dataset/cat_1178.jpg,cat
F:\NTSE\lab02\output\class_named_dataset\cat_1179.jpg,output/class_named_dataset/cat_1179.jpg,cat
F:\NTSE\lab02\output\class_named_dataset\cat_1180.jpg,output/class_named_dataset/cat_1180.jpg,cat
F:\NTSE\lab02\output\class_named_dataset\cat_1181.jpg,output/class_named_dataset/cat_1181.jpg,cat
F:\NTSE\lab02\output\class_named_dataset\cat_1182.jpg,output/class_named_dataset/cat_1182.jpg,cat
F:\NTSE\lab02\output\class_named_dataset\cat_1183.jpg,output/class_named_dataset/cat_1183.jpg,cat
F:\NTSE\lab02\output\class_named_dataset\cat_1184.jpg,output/class_named_dataset/cat_1184.jpg,cat
F:\NTSE\lab02\output\class_named_dataset\cat_1185.jpg,output/class_named_dataset/cat_1185.jpg,cat
F:\NTSE\lab02\output\class_named_dataset\cat_1186.jpg,output/class_named_dataset/cat_1186.jpg,cat
F:\NTSE\lab02\output\class_named_dataset\cat_1187.jpg,output/class_named_dataset/cat_1187.jpg,cat
F:\NTSE\lab02\output\class_named_dataset\cat_1188.jpg,output/class_named_dataset/cat_1188.jpg,cat
F:\NTSE\lab02\output\class_named_dataset\cat_1189.jpg,output/class_named_dataset/cat_1189.jpg,cat
F:\NTSE\lab02\output\class_named_dataset\cat_1190.jpg,output/class_named_dataset/cat_1190.jpg,cat
F:\NTSE\lab02\output\class_named_dataset\cat_1191.jpg,output/class_named_dataset/cat_1191.jpg,cat
F:\NTSE\lab02\output\class_named_dataset\cat_1192.jpg,output/class_named_dataset/cat_1192.jpg,cat
F:\NTSE\lab02\output\class_named_dataset\cat_1193.jpg,output/class_named_dataset/cat_1193.jpg,cat
F:\NTSE\lab02\output\class_named_dataset\cat_1194.jpg,output/class_named_dataset/cat_1194.jpg,cat
F:\NTSE\lab02\output\class_named_dataset\cat_1195.jpg,output/class_named_dataset/cat_1195.jpg,cat
F:\NTSE\lab02\output\class_named_dataset\cat_1196.jpg,output/class_named_dataset/cat_1196.jpg,cat
F:\NTSE\lab02\output\class_named_dataset\cat_1197.jpg,output/class_named_dataset/cat_1197.jpg,cat
F:\NTSE\lab02\output\class_named_dataset\cat_1198.jpg,output/class_named_dataset/cat_1198.jpg,cat
F:\NTSE\lab02\output\class_named_dataset\cat_1199.jpg,output/class_named_dataset/cat_1199.jpg,cat
F:\NTSE\lab02\output\class_named_dataset\dog_0000.jpg,output/class_named_dataset/dog_0000.jpg,dog
F:\NTSE\lab02\output\class_named_dataset\dog_0001.jpg,output/class_named_dataset/dog_0001.jpg,dog
F:\NTSE\lab02\output\class_named_dataset\dog_0002.jpg,output/class_named_dataset/dog_0002.jpg,dog
F:\NTSE\lab02\output\class_named_dataset\dog_0003.jpg,output/class_named_dataset/dog_0003.jpg,dog
F:\NTSE\lab02\output\class_named_dataset\dog_0004.jpg,output/class_named_dataset/dog_0004.jpg,dog
F:\NTSE\lab02\output\class_named_dataset\dog_0005.jpg,output/class_named_dataset/dog_0005.jpg,dog
F:\NTSE\lab02\output\class_named_dataset\dog_0006.jpg,output/class_named_dataset/dog_0006.jpg,dog
F:\NTSE\lab02\output\class_named_dataset\dog_0007.jpg,output/class_named_dataset/dog_0007.jpg,dog
F:\NTSE\lab02\output\class_named_dataset\dog_0008.jpg,output/class_named_dataset/dog_0008.jpg,dog
F:\NTSE\lab02\output\class_named_dataset\dog_0009.jpg,output/class_named_dataset/dog_0009.jpg,dog
F:\NTSE\lab02\output\class_named_dataset\dog_0010.jpg,output/class_named_dataset/dog_0010.jpg,dog
F:\NTSE\lab02\output\class_named_dataset\dog_0011.jpg,output/class_named_dataset/dog_0011.jpg,dog
F:\NTSE\lab02\output\class_named_dataset\dog_0012.jpg,output/class_named_dataset/dog_0012.jpg,dog
F:\NTSE\lab02\output\class_named_dataset\dog_0013.jpg,output/class_named_dataset/dog_0013.jpg,dog
F:\NTSE\lab02\output\class_named_dataset\dog_0014.jpg,output/class_named_dataset/dog_0014.jpg,dog
F:\NTSE\lab02\output\class_named_dataset\dog_0015.jpg,output/class_named_dataset/dog_0015.jpg,dog
F:\NTSE\lab02\output\class_named_dataset\dog_0016.jpg,output/class_named_dataset/dog_0016.jpg,dog
F:\NTSE\lab02\output\class_named_dataset\dog_0017.jpg,output/class_named_dataset/dog_0017.jpg,dog
F:\NTSE\lab02\output\class_named_dataset\dog_0018.jpg,output/class_named_dataset/dog_0018.jpg,dog
F:\NTSE\lab02\output\class_named_dataset\dog_0019.jpg,output/class_named_dataset/dog_0019.jpg,dog
F:\NTSE\lab02\output\class_named_dataset\dog_0020.jpg,output/class_named_dataset/dog_0020.jpg,dog
F:\NTSE\lab02\output\class_named_dataset\dog_0021.jpg,output/class_named_dataset/dog_0021.jpg,dog
F:\NTSE\lab02\output\class_named_dataset\dog_0022.jpg,output/class_named_dataset/dog_0022.jpg,dog
F:\NTSE\lab02\output\class_named_dataset\dog_0023.jpg,output/class_named_dataset/dog_0023.jpg,dog
F:\NTSE\lab02\output\class_named_dataset\dog_0024.jpg,output/class_named_dataset/dog_0024.jpg,dog
F:\NTSE\lab02\output\class_named_dataset\dog_0025.jpg,output/class_named_dataset/dog_0025.jpg,dog
F:\NTSE\lab02\output\class_named_dataset\dog_0026.jpg,output/class_named_dataset/dog_0026.jpg,dog
F:\NTSE\lab02\output\class_named_dataset\dog_0027.jpg,output/class_named_dataset/dog_0027.jpg,dog
F:\NTSE\lab02\output\class_named_dataset\dog_0028.jpg,output/class_named_dataset/dog_0028.jpg,dog
F:\NTSE\lab02\output\class_named_dataset\dog_0029.jpg,output/class_named_dataset/dog_0029.jpg,dog
F:\NTSE\lab02\output\class_named_dataset\dog_0030.jpg,output/class_named_dataset/dog_0030.jpg,dog
F:\NTSE\lab02\output\class_named_dataset\dog_0031.jpg,output/class_named_dataset/dog_0031.jpg,dog
F:\NTSE\lab02\output\class_named_dataset\dog_0032.jpg,output/class_named_dataset/dog_0032.jpg,dog
F:\NTSE\lab02\output\class_named_dataset\dog_0033.jpg,output/class_named_dataset/dog_0033.jpg,dog
F:\NTSE\lab02\output\class_named_dataset\dog_0034.jpg,output/class_named_dataset/dog_0034.jpg,dog
F:\NTSE\lab02\output\class_named_dataset\dog_0035.jpg,output/class_named_dataset/dog_0035.jpg,dog
F:\NTSE\lab02\output\class_named_dataset\dog_0036.jpg,output/class_named_dataset/dog_0036.jpg,dog
F:\NTSE\lab02\output\class_named_dataset\dog_0037.jpg,output/class_named_dataset/dog_0037.jpg,dog
F:\NTSE\lab02\output\class_named_dataset\dog_0038.jpg,output/class_named_dataset/dog_0038.jpg,dog
F:\NTSE\lab02\output\class_named_dataset\dog_0039.jpg,output/class_named_dataset/dog_0039.jpg,dog
F:\NTSE\lab02\output\class_named_dataset\dog_0040.jpg,output/class_named_dataset/dog_0040.jpg,dog
F:\NTSE\lab02\output\class_named_dataset\dog_0041.jpg,output/class_named_dataset/dog_0041.jpg,dog
F:\NTSE\lab02\output\class_named_dataset\dog_0042.jpg,output/class_named_dataset/dog_0042.jpg,dog
F:\NTSE\lab02\output\class_named_dataset\dog_0043.jpg,output/class_named_dataset/dog_0043.jpg,dog
F:\NTSE\lab02\output\class_named_dataset\dog_0044.jpg,output/class_named_dataset/dog_0044.jpg,dog
F:\NTSE\lab02\output\class_named_dataset\dog_0045.jpg,output/class_named_dataset/dog_0045.jpg,dog
F:\NTSE\lab02\output\class_named_dataset\dog_0046.jpg,output/class_named_dataset/dog_0046.jpg,dog
F:\NTSE\lab02\output\class_named_dataset\dog_0047.jpg,output/class_named_dataset/dog_0047.jpg,dog
F:\NTSE\lab02\output\class_named_dataset\dog_0048.jpg,output/class_named_dataset/dog_0048.jpg,dog
F:\NTSE\lab02\output\class_named_dataset\dog_0049.jpg,output/class_named_dataset/dog_0049.jpg,dog
F:\NTSE\lab02\output\class_named_dataset\dog_0050.jpg,output/class_named_dataset/dog_0050.jpg,dog
F:\NTSE\lab02\output\class_named_dataset\dog_0051.jpg,output/class_named_dataset/dog_0051.jpg,dog
F:\NTSE\lab02\output\class_named_dataset\dog_0052.jpg,output/class_named_dataset/dog_0052.jpg,dog
F:\NTSE\lab02\output\class_named_dataset\dog_0053.jpg,output/class_named_dataset/dog_0053.jpg,dog
F:\NTSE\lab02\output\class_named_dataset\dog_0054.jpg,output/class_named_dataset/dog_0054.jpg,dog
F:\NTSE\lab02\output\class_named_dataset\dog_0055.jpg,output/class_named_dataset/dog_0055.jpg,dog
F:\NTSE\lab02\output\class_named_dataset\dog_0056.jpg,output/class_named_dataset/dog_0056.jpg,dog
F:\NTSE\lab02\output\class_named_dataset\dog_0057.jpg,output/class_named_dataset/dog_0057.jpg,dog
F:\NTSE\lab02\output\class_named_dataset\dog_0058.jpg,output/class_named_dataset/dog_0058.jpg,dog
F:\NTSE\lab02\output\class_named_dataset\dog_0059.jpg,output/class_named_dataset/dog_0059.jpg,dog
F:\NTSE\lab02\output\class_named_dataset\dog_0060.jpg,output/class_named_dataset/dog_0060.jpg,dog
F:\NTSE\lab02\output\class_named_dataset\dog_0061.jpg,output/class_named_dataset/dog_0061.jpg,dog
F:\NTSE\lab02\output\class_named_dataset\dog_0062.jpg,output/class_named_dataset/dog_0062.jpg,dog
F:\NTSE\lab02\output\class_named_dataset\dog_0063.jpg,output/class_named_dataset/dog_0063.jpg,dog
F:\NTSE\lab02\output\class_named_dataset\dog_0064.jpg,output/class_named_dataset/dog_0064.jpg,dog
F:\NTSE\lab02\output\class_named_dataset\dog_0065.jpg,output/class_named_dataset/dog_0065.jpg,dog
F:\NTSE\lab02\output\class_named_dataset\dog_0066.jpg,output/class_named_dataset/dog_0066.jpg,dog
F:\NTSE\lab02\output\class_named_dataset\dog_0067.jpg,output/class_named_dataset/dog_0067.jpg,dog
F:\NTSE\lab02\output\class_named_dataset\dog_0068.jpg,output/class_named_dataset/dog_0068.jpg,dog
F:\NTSE\lab02\output\class_named_dataset\dog_0069.jpg,output/class_named_dataset/dog_0069.jpg,dog
F:\NTSE\lab02\output\class_named_dataset\dog_0070.jpg,output/class_named_dataset/dog_0070.jpg,dog
F:\NTSE\lab02\output\class_named_dataset\dog_0071.jpg,output/class_named_dataset/dog_0071.jpg,dog
F:\NTSE\lab02\output\class_named_dataset\dog_0072.jpg,output/class_named_dataset/dog_0072.jpg,dog
F:\NTSE\lab02\output\class_named_dataset\dog_0073.jpg,output/class_named_dataset/dog_0073.jpg,dog
F:\NTSE\lab02\output\class_named_dataset\dog_0074.jpg,output/class_named_dataset/dog_0074.jpg,dog
F:\NTSE\lab02\output\class_named_dataset\dog_0075.jpg,output/class_named_dataset/dog_0075.jpg,dog
F:\NTSE\lab02\output\class_named_dataset\dog_0076.jpg,output/class_named_dataset/dog_0076.jpg,dog
F:\NTSE\lab02\output\class_named_dataset\dog_0077.jpg,output/class_named_dataset/dog_0077.jpg,dog
F:\NTSE\lab02\output\class_named_dataset\dog_0078.jpg,output/class_named_dataset/dog_0078.jpg,dog
F:\NTSE\lab02\output\class_named_dataset\dog_0079.jpg,output/class_named_dataset/dog_0079.jpg,dog
F:\NTSE\lab02\output\class_named_dataset\dog_0080.jpg,output/class_named_dataset/dog_0080.jpg,dog
F:\NTSE\lab02\output\class_named_dataset\dog_0081.jpg,output/class_named_dataset/dog_0081.jpg,dog
F:\NTSE\lab02\output\class_named_dataset\dog_0082.jpg,output/class_named_dataset/dog_0082.jpg,dog
F:\NTSE\lab02\output\class_named_dataset\dog_0083.jpg,output/class_named_dataset/dog_0083.jpg,dog
F:\NTSE\lab02\output\class_named_dataset\dog_0084.jpg,output/class_named_dataset/dog_0084.jpg,dog
F:\NTSE\lab02\output\class_named_dataset\dog_0085.jpg,output/class_named_dataset/dog_0085.jpg,dog
F:\NTSE\lab02\output\class_named_dataset\dog_0086.jpg,output/class_named_dataset/dog_0086.jpg,dog
F:\NTSE\lab02\output\class_named_dataset\dog_0087.jpg,output/class_named_dataset/dog_0087.jpg,dog
F:\NTSE\lab02\output\class_named_dataset\dog_0088.jpg,output/class_named_dataset/dog_0088.jpg,dog
F:\NTSE\lab02\output\class_named_dataset\dog_0089.jpg,output/class_named_dataset/dog_0089.jpg,dog
F:\NTSE\lab02\output\class_named_dataset\dog_0090.jpg,output/class_named_dataset/dog_0090.jpg,dog
F:\NTSE\lab02\output\class_named_dataset\dog_0091.jpg,output/class_named_dataset/dog_0091.jpg,dog
F:\NTSE\lab02\output\class_named_dataset\dog_0092.jpg,output/class_named_dataset/dog_0092.jpg,dog
F:\NTSE\lab02\output\class_named_dataset\dog_0093.jpg,output/class_named_dataset/dog_0093.jpg,dog
F:\NTSE\lab02\output\class_named_dataset\dog_0094.jpg,output/class_named_dataset/dog_0094.jpg,dog
F:\NTSE\lab02\output\class_named_dataset\dog_0095.jpg,output/class_named_dataset/dog_0095.jpg,dog
F:\NTSE\lab02\output\class_named_dataset\dog_0096.jpg,output/class_named_dataset/dog_0096.jpg,dog
F:\NTSE\lab02\output\class_named_dataset\dog_0097.jpg,output/class_named_dataset/dog_0097.jpg,dog
F:\NTSE\lab02\output\class_named_dataset\dog_0098.jpg,output/class_named_dataset/dog_0098.jpg,dog
F:\NTSE\lab02\output\class_named_dataset\dog_0099.jpg,output/class_named_dataset/dog_0099.jpg,dog
F:\NTSE\lab02\output\class_named_dataset\dog_0100.jpg,output/class_named_dataset/dog_0100.jpg,dog
F:\NTSE\lab02\output\class_named_dataset\dog_0101.jpg,output/class_named_dataset/dog_0101.jpg,dog
F:\NTSE\lab02\output\class_named_dataset\dog_0102.jpg,output/class_named_dataset/dog_0102.jpg,dog
F:\NTSE\lab02\output\class_named_dataset\dog_0103.jpg,output/class_named_dataset/dog_0103.jpg,dog
F:\NTSE\lab02\output\class_named_dataset\dog_0104.jpg,output/class_named_dataset/dog_0104.jpg,dog
F:\NTSE\lab02\output\class_named_dataset\dog_0105.jpg,output/class_named_dataset/dog_0105.jpg,dog
F:\NTSE\lab02\output\class_named_dataset\dog_0106.jpg,output/class_named_dataset/dog_0106.jpg,dog
F:\NTSE\lab02\output\class_named_dataset\dog_0107.jpg,output/class_named_dataset/dog_0107.jpg,dog
F:\NTSE\lab02\output\class_named_dataset\dog_0108.jpg,output/class_named_dataset/dog_0108.jpg,dog
F:\NTSE\lab02\output\class_named_dataset\dog_0109.jpg,output/class_named_dataset/dog_0109.jpg,dog
F:\NTSE\lab02\output\class_named_dataset\dog_0110.jpg,output/class_named_dataset/dog_0110.jpg,dog
F:\NTSE\lab02\output\class_named_dataset\dog_0111.jpg,output/class_named_dataset/dog_0111.jpg,dog
F:\NTSE\lab02\output\class_named_dataset\dog_0112.jpg,output/class_named_dataset/dog_0112.jpg,dog
F:\NTSE\lab02\output\class_named_dataset\dog_0113.jpg,output/class_named_dataset/dog_0113.jpg,dog
F:\NTSE\lab02\output\class_named_dataset\dog_0114.jpg,output/class_named_dataset/dog_0114.jpg,dog
F:\NTSE\lab02\output\class_named_dataset\dog_0115.jpg,output/class_named_dataset/dog_0115.jpg,dog
F:\NTSE\lab02\output\class_named_dataset\dog_0116.jpg,output/class_named_dataset/dog_0116.jpg,dog
F:\NTSE\lab02\output\class_named_dataset\dog_0117.jpg,output/class_named_dataset/dog_0117.jpg,dog
F:\NTSE\lab02\output\class_named_dataset\dog_0118.jpg,output/class_named_dataset/dog_0118.jpg,dog
F:\NTSE\lab02\output\class_named_dataset\dog_0119.jpg,output/class_named_dataset/dog_0119.jpg,dog
F:\NTSE\lab02\output\class_named_dataset\dog_0120.jpg,output/class_named_dataset/dog_0120.jpg,dog
F:\NTSE\lab02\output\class_named_dataset\dog_0121.jpg,output/class_named_dataset/dog_0121.jpg,dog
F:\NTSE\lab02\output\class_named_dataset\dog_0122.jpg,output/class_named_dataset/dog_0122.jpg,dog
F:\NTSE\lab02\output\class_named_dataset\dog_0123.jpg,output/class_named_dataset/dog_0123.jpg,dog
F:\NTSE\lab02\output\class_named_dataset\dog_0124.jpg,output/class_named_dataset/dog_0124.jpg,dog
F:\NTSE\lab02\output\class_named_dataset\dog_0125.jpg,output/class_named_dataset/dog_0125.jpg,dog
F:\NTSE\lab02\output\class_named_dataset\dog_0126.jpg,output/class_named_dataset/dog_0126.jpg,dog
F:\NTSE\lab02\output\class_named_dataset\dog_0127.jpg,output/class_named_dataset/dog_0127.jpg,dog
F:\NTSE\lab02\output\class_named_dataset\dog_0128.jpg,output/class_named_dataset/dog_0128.jpg,dog
F:\NTSE\lab02\output\class_named_dataset\dog_0129.jpg,output/class_named_dataset/dog_0129.jpg,dog
F:\NTSE\lab02\output\class_named_dataset\dog_0130.jpg,output/class_named_dataset/dog_0130.jpg,dog
F:\NTSE\lab02\output\class_named_dataset\dog_0131.jpg,output/class_named_dataset/dog_0131.jpg,dog
F:\NTSE\lab02\output\class_named_dataset\dog_0132.jpg,output/class_named_dataset/dog_0132.jpg,dog
F:\NTSE\lab02\output\class_named_dataset\dog_0133.jpg,output/class_named_dataset/dog_0133.jpg,dog
F:\NTSE\lab02\output\class_named_dataset\dog_0134.jpg,output/class_named_dataset/dog_0134.jpg,dog
F:\NTSE\lab02\output\class_named_dataset\dog_0135.jpg,output/class_named_dataset/dog_0135.jpg,dog
F:\NTSE\lab02\output\class_named_dataset\dog_0136.jpg,output/class_named_dataset/dog_0136.jpg,dog
F:\NTSE\lab02\output\class_named_dataset\dog_0137.jpg,output/class_named_dataset/dog_0137.jpg,dog
F:\NTSE\lab02\output\class_named_dataset\dog_0138.jpg,output/class_named_dataset/dog_0138.jpg,dog
F:\NTSE\lab02\output\class_named_dataset\dog_0139.jpg,output/class_named_dataset/dog_0139.jpg,dog
F:\NTSE\lab02\output\class_named_dataset\dog_0140.jpg,output/class_named_dataset/dog_0140.jpg,dog
F:\NTSE\lab02\output\class_named_dataset\dog_0141.jpg,output/class_named_dataset/dog_0141.jpg,dog
F:\NTSE\lab02\output\class_named_dataset\dog_0142.jpg,output/class_named_dataset/dog_0142.jpg,dog
F:\NTSE\lab02\output\class_named_dataset\dog_0143.jpg,output/class_named_dataset/dog_0143.jpg,dog
F:\NTSE\lab02\output\class_named_dataset\dog_0144.jpg,output/class_named_dataset/dog_0144.jpg,dog
F:\NTSE\lab02\output\class_named_dataset\dog_0145.jpg,output/class_named_dataset/dog_0145.jpg,dog
F:\NTSE\lab02\output\class_named_dataset\dog_0146.jpg,output/class_named_dataset/dog_0146.jpg,dog
F:\NTSE\lab02\output\class_named_dataset\dog_0147.jpg,output/class_named_dataset/dog_0147.jpg,dog
F:\NTSE\lab02\output\class_named_dataset\dog_0148.jpg,output/class_named_dataset/dog_0148.jpg,dog
F:\NTSE\lab02\output\class_named_dataset\dog_0149.jpg,output/class_named_dataset/dog_0149.jpg,dog
F:\NTSE\lab02\output\class_named_dataset\dog_0150.jpg,output/class_named_dataset/dog_0150.jpg,dog
F:\NTSE\lab02\output\class_named_dataset\dog_0151.jpg,output/class_named_dataset/dog_0151.jpg,dog
F:\NTSE\lab02\output\class_named_dataset\dog_0152.jpg,output/class_named_dataset/dog_0152.jpg,dog
F:\NTSE\lab02\output\class_named_dataset\dog_0153.jpg,output/class_named_dataset/dog_0153.jpg,dog
F:\NTSE\lab02\output\class_named_dataset\dog_0154.jpg,output/class_named_dataset/dog_0154.jpg,dog
F:\NTSE\lab02\output\class_named_dataset\dog_0155.jpg,output/class_named_dataset/dog_0155.jpg,dog
F:\NTSE\lab02\output\class_named_dataset\dog_0156.jpg,output/class_named_dataset/dog_0156.jpg,dog
F:\NTSE\lab02\output\class_named_dataset\dog_0157.jpg,output/class_named_dataset/dog_0157.jpg,dog
F:\NTSE\lab02\output\class_named_dataset\dog_0158.jpg,output/class_named_dataset/dog_0158.jpg,dog
F:\NTSE\lab02\output\class_named_dataset\dog_0159.jpg,output/class_named_dataset/dog_0159.jpg,dog
F:\NTSE\lab02\output\class_named_dataset\dog_0160.jpg,output/class_named_dataset/dog_0160.jpg,dog
F:\NTSE\lab02\output\class_named_dataset\dog_0161.jpg,output/class_named_dataset/dog_0161.jpg,dog
F:\NTSE\lab02\output\class_named_dataset\dog_0162.jpg,output/class_named_dataset/dog_0162.jpg,dog
F:\NTSE\lab02\output\class_named_dataset\dog_0163.jpg,output/class_named_dataset/dog_0163.jpg,dog
F:\NTSE\lab02\output\class_named_dataset\dog_0164.jpg,output/class_named_dataset/dog_0164.jpg,dog
F:\NTSE\lab02\output\class_named_dataset\dog_0165.jpg,output/class_named_dataset/dog_0165.jpg,dog
F:\NTSE\lab02\output\class_named_dataset\dog_0166.jpg,output/class_named_dataset/dog_0166.jpg,dog
F:\NTSE\lab02\output\class_named_dataset\dog_0167.jpg,output/class_named_dataset/dog_0167.jpg,dog
F:\NTSE\lab02\output\class_named_dataset\dog_0168.jpg,output/class_named_dataset/dog_0168.jpg,dog
F:\NTSE\lab02\output\class_named_dataset\dog_0169.jpg,output/class_named_dataset/dog_0169.jpg,dog
F:\NTSE\lab02\output\class_named_dataset\dog_0170.jpg,output/class_named_dataset/dog_0170.jpg,dog
F:\NTSE\lab02\output\class_named_dataset\dog_0171.jpg,output/class_named_dataset/dog_0171.jpg,dog
F:\NTSE\lab02\output\class_named_dataset\dog_0172.jpg,output/class_named_dataset/dog_0172.jpg,dog
F:\NTSE\lab02\output\class_named_dataset\dog_0173.jpg,output/class_named_dataset/dog_0173.jpg,dog
F:\NTSE\lab02\output\class_named_dataset\dog_0174.jpg,output/class_named_dataset/dog_0174.jpg,dog
F:\NTSE\lab02\output\class_named_dataset\dog_0175.jpg,output/class_named_dataset/dog_0175.jpg,dog
F:\NTSE\lab02\output\class_named_dataset\dog_0176.jpg,output/class_named_dataset/dog_0176.jpg,dog
F:\NTSE\lab02\output\class_named_dataset\dog_0177.jpg,output/class_named_dataset/dog_0177.jpg,dog
F:\NTSE\lab02\output\class_named_dataset\dog_0178.jpg,output/class_named_dataset/dog_0178.jpg,dog
F:\NTSE\lab02\output\class_named_dataset\dog_0179.jpg,output/class_named_dataset/dog_0179.jpg,dog
F:\NTSE\lab02\output\class_named_dataset\dog_0180.jpg,output/class_named_dataset/dog_0180.jpg,dog
F:\NTSE\lab02\output\class_named_dataset\dog_0181.jpg,output/class_named_dataset/dog_0181.jpg,dog
F:\NTSE\lab02\output\class_named_dataset\dog_0182.jpg,output/class_named_dataset/dog_0182.jpg,dog
F:\NTSE\lab02\output\class_named_dataset\dog_0183.jpg,output/class_named_dataset/dog_0183.jpg,dog
F:\NTSE\lab02\output\class_named_dataset\dog_0184.jpg,output/class_named_dataset/dog_0184.jpg,dog
F:\NTSE\lab02\output\class_named_dataset\dog_0185.jpg,output/class_named_dataset/dog_0185.jpg,dog
F:\NTSE\lab02\output\class_named_dataset\dog_0186.jpg,output/class_named_dataset/dog_0186.jpg,dog
F:\NTSE\lab02\output\class_named_dataset\dog_0187.jpg,output/class_named_dataset/dog_0187.jpg,dog
F:\NTSE\lab02\output\class_named_dataset\dog_0188.jpg,output/class_named_dataset/dog_0188.jpg,dog
F:\NTSE\lab02\output\class_named_dataset\dog_0189.jpg,output/class_named_dataset/dog_0189.jpg,dog
F:\NTSE\lab02\output\class_named_dataset\dog_0190.jpg,output/class_named_dataset/dog_0190.jpg,dog
F:\NTSE\lab02\output\class_named_dataset\dog_0191.jpg,output/class_named_dataset/dog_0191.jpg,dog
F:\NTSE\lab02\output\class_named_dataset\dog_0192.jpg,output/class_named_dataset/dog_0192.jpg,dog
F:\NTSE\lab02\output\class_named_dataset\dog_0193.jpg,output/class_named_dataset/dog_0193.jpg,dog
F:\NTSE\lab02\output\class_named_dataset\dog_0194.jpg,output/class_named_dataset/dog_0194.jpg,dog
F:\NTSE\lab02\output\class_named_dataset\dog_0195.jpg,output/class_named_dataset/dog_0195.jpg,dog
F:\NTSE\lab02\output\class_named_dataset\dog_0196.jpg,output/class_named_dataset/dog_0196.jpg,dog
F:\NTSE\lab02\output\class_named_dataset\dog_0197.jpg,output/class_named_dataset/dog_0197.jpg,dog
F:\NTSE\lab02\output\class_named_dataset\dog_0198.jpg,output/class_named_dataset/dog_0198.jpg,dog
F:\NTSE\lab02\output\class_named_dataset\dog_0199.jpg,output/class_named_dataset/dog_0199.jpg,dog
F:\NTSE\lab02\output\class_named_dataset\dog_0200.jpg,output/class_named_dataset/dog_0200.jpg,dog
F:\NTSE\lab02\output\class_named_dataset\dog_0201.jpg,output/class_named_dataset/dog_0201.jpg,dog
F:\NTSE\lab02\output\class_named_dataset\dog_0202.jpg,output/class_named_dataset/dog_0202.jpg,dog
F:\NTSE\lab02\output\class_named_dataset\dog_0203.jpg,output/class_named_dataset/dog_0203.jpg,dog
F:\NTSE\lab02\output\class_named_dataset\dog_0204.jpg,output/class_named_dataset/dog_0204.jpg,dog
F:\NTSE\lab02\output\class_named_dataset\dog_0205.jpg,output/class_named_dataset/dog_0205.jpg,dog
F:\NTSE\lab02\output\class_named_dataset\dog_0206.jpg,output/class_named_dataset/dog_0206.jpg,dog
F:\NTSE\lab02\output\class_named_dataset\dog_0207.jpg,output/class_named_dataset/dog_0207.jpg,dog
F:\NTSE\lab02\output\class_named_dataset\dog_0208.jpg,output/class_named_dataset/dog_0208.jpg,dog
F:\NTSE\lab02\output\class_named_dataset\dog_0209.jpg,output/class_named_dataset/dog_0209.jpg,dog
F:\NTSE\lab02\output\class_named_dataset\dog_0210.jpg,output/class_named_dataset/dog_0210.jpg,dog
F:\NTSE\lab02\output\class_named_dataset\dog_0211.jpg,output/class_named_dataset/dog_0211.jpg,dog
F:\NTSE\lab02\output\class_named_dataset\dog_0212.jpg,output/class_named_dataset/dog_0212.jpg,dog
F:\NTSE\lab02\output\class_named_dataset\dog_0213.jpg,output/class_named_dataset/dog_0213.jpg,dog
F:\NTSE\lab02\output\class_named_dataset\dog_0214.jpg,output/class_named_dataset/dog_0214.jpg,dog
F:\NTSE\lab02\output\class_named_dataset\dog_0215.jpg,output/class_named_dataset/dog_0215.jpg,dog
F:\NTSE\lab02\output\class_named_dataset\dog_0216.jpg,output/class_named_dataset/dog_0216.jpg,dog
F:\NTSE\lab02\output\class_named_dataset\dog_0217.jpg,output/class_named_dataset/dog_0217.jpg,dog
F:\NTSE\lab02\output\class_named_dataset\dog_0218.jpg,output/class_named_dataset/dog_0218.jpg,dog
F:\NTSE\lab02\output\class_named_dataset\dog_0219.jpg,output/class_named_dataset/dog_0219.jpg,dog
F:\NTSE\lab02\output\class_named_dataset\dog_0220.jpg,output/class_named_dataset/dog_0220.jpg,dog
F:\NTSE\lab02\output\class_named_dataset\dog_0221.jpg,output/class_named_dataset/dog_0221.jpg,dog
F:\NTSE\lab02\output\class_named_dataset\dog_0222.jpg,output/class_named_dataset/dog_0222.jpg,dog
F:\NTSE\lab02\output\class_named_dataset\dog_0223.jpg,output/class_named_dataset/dog_0223.jpg,dog
F:\NTSE\lab02\output\class_named_dataset\dog_0224.jpg,output/class_named_dataset/dog_0224.jpg,dog
F:\NTSE\lab02\output\class_named_dataset\dog_0225.jpg,output/class_named_dataset/dog_0225.jpg,dog
F:\NTSE\lab02\output\class_named_dataset\dog_0226.jpg,output/class_named_dataset/dog_0226.jpg,dog
F:\NTSE\lab02\output\class_named_dataset\dog_0227.jpg,output/class_named_dataset/dog_0227.jpg,dog
F:\NTSE\lab02\output\class_named_dataset\dog_0228.jpg,output/class_named_dataset/dog_0228.jpg,dog
F:\NTSE\lab02\output\class_named_dataset\dog_0229.jpg,output/class_named_dataset/dog_0229.jpg,dog
F:\NTSE\lab02\output\class_named_dataset\dog_0230.jpg,output/class_named_dataset/dog_0230.jpg,dog
F:\NTSE\lab02\output\class_named_dataset\dog_0231.jpg,output/class_named_dataset/dog_0231.jpg,dog
F:\NTSE\lab02\output\class_named_dataset\dog_0232.jpg,output/class_named_dataset/dog_0232.jpg,dog
F:\NTSE\lab02\output\class_named_dataset\dog_0233.jpg,output/class_named_dataset/dog_0233.jpg,dog
F:\NTSE\lab02\output\class_named_dataset\dog_0234.jpg,output/class_named_dataset/dog_0234.jpg,dog
F:\NTSE\lab02\output\class_named_dataset\dog_0235.jpg,output/class_named_dataset/dog_0235.jpg,dog
F:\NTSE\lab02\output\class_named_dataset\dog_0236.jpg,output/class_named_dataset/dog_0236.jpg,dog
F:\NTSE\lab02\output\class_named_dataset\dog_0237.jpg,output/class_named_dataset/dog_0237.jpg,dog
F:\NTSE\lab02\output\class_named_dataset\dog_0238.jpg,output/class_named_dataset/dog_0238.jpg,dog
F:\NTSE\lab02\output\class_named_dataset\dog_0239.jpg,output/class_named_dataset/dog_0239.jpg,dog
F:\NTSE\lab02\output\class_named_dataset\dog_0240.jpg,output/class_named_dataset/dog_0240.jpg,dog
F:\NTSE\lab02\output\class_named_dataset\dog_0241.jpg,output/class_named_dataset/dog_0241.jpg,dog
F:\NTSE\lab02\output\class_named_dataset\dog_0242.jpg,output/class_named_dataset/dog_0242.jpg,dog
F:\NTSE\lab02\output\class_named_dataset\dog_0243.jpg,output/class_named_dataset/dog_0243.jpg,dog
F:\NTSE\lab02\output\class_named_dataset\dog_0244.jpg,output/class_named_dataset/dog_0244.jpg,dog
F:\NTSE\lab02\output\class_named_dataset\dog_0245.jpg,output/class_named_dataset/dog_0245.jpg,dog
F:\NTSE\lab02\output\class_named_dataset\dog_0246.jpg,output/class_named_dataset/dog_0246.jpg,dog
F:\NTSE\lab02\output\class_named_dataset\dog_0247.jpg,output/class_named_dataset/dog_0247.jpg,dog
F:\NTSE\lab02\output\class_named_dataset\dog_0248.jpg,output/class_named_dataset/dog_0248.jpg,dog
F:\NTSE\lab02\output\class_named_dataset\dog_0249.jpg,output/class_named_dataset/dog_0249.jpg,dog
F:\NTSE\lab02\output\class_named_dataset\dog_0250.jpg,output/class_named_dataset/dog_0250.jpg,dog
F:\NTSE\lab02\output\class_named_dataset\dog_0251.jpg,output/class_named_dataset/dog_0251.jpg,dog
F:\NTSE\lab02\output\class_named_dataset\dog_0252.jpg,output/class_named_dataset/dog_0252.jpg,dog
F:\NTSE\lab02\output\class_named_dataset\dog_0253.jpg,output/class_named_dataset/dog_0253.jpg,dog
F:\NTSE\lab02\output\class_named_dataset\dog_0254.jpg,output/class_named_dataset/dog_0254.jpg,dog
F:\NTSE\lab02\output\class_named_dataset\dog_0255.jpg,output/class_named_dataset/dog_0255.jpg,dog
F:\NTSE\lab02\output\class_named_dataset\dog_0256.jpg,output/class_named_dataset/dog_0256.jpg,dog
F:\NTSE\lab02\output\class_named_dataset\dog_0257.jpg,output/class_named_dataset/dog_0257.jpg,dog
F:\NTSE\lab02\output\class_named_dataset\dog_0258.jpg,output/class_named_dataset/dog_0258.jpg,dog
F:\NTSE\lab02\output\class_named_dataset\dog_0259.jpg,output/class_named_dataset/dog_0259.jpg,dog
F:\NTSE\lab02\output\class_named_dataset\dog_0260.jpg,output/class_named_dataset/dog_0260.jpg,dog
F:\NTSE\lab02\output\class_named_dataset\dog_0261.jpg,output/class_named_dataset/dog_0261.jpg,dog
F:\NTSE\lab02\output\class_named_dataset\dog_0262.jpg,output/class_named_dataset/dog_0262.jpg,dog
F:\NTSE\lab02\output\class_named_dataset\dog_0263.jpg,output/class_named_dataset/dog_0263.jpg,dog
F:\NTSE\lab02\output\class_named_dataset\dog_0264.jpg,output/class_named_dataset/dog_0264.jpg,dog
F:\NTSE\lab02\output\class_named_dataset\dog_0265.jpg,output/class_named_dataset/dog_0265.jpg,dog
F:\NTSE\lab02\output\class_named_dataset\dog_0266.jpg,output/class_named_dataset/dog_0266.jpg,dog
F:\NTSE\lab02\output\class_named_dataset\dog_0267.jpg,output/class_named_dataset/dog_0267.jpg,dog
F:\NTSE\lab02\output\class_named_dataset\dog_0268.jpg,output/class_named_dataset/dog_0268.jpg,dog
F:\NTSE\lab02\output\class_named_dataset\dog_0269.jpg,output/class_named_dataset/dog_0269.jpg,dog
F:\NTSE\lab02\output\class_named_dataset\dog_0270.jpg,output/class_named_dataset/dog_0270.jpg,dog
F:\NTSE\lab02\output\class_named_dataset\dog_0271.jpg,output/class_named_dataset/dog_0271.jpg,dog
F:\NTSE\lab02\output\class_named_dataset\dog_0272.jpg,output/class_named_dataset/dog_0272.jpg,dog
F:\NTSE\lab02\output\class_named_dataset\dog_0273.jpg,output/class_named_dataset/dog_0273.jpg,dog
F:\NTSE\lab02\output\class_named_dataset\dog_0274.jpg,output/class_named_dataset/dog_0274.jpg,dog
F:\NTSE\lab02\output\class_named_dataset\dog_0275.jpg,output/class_named_dataset/dog_0275.jpg,dog
F:\NTSE\lab02\output\class_named_dataset\dog_0276.jpg,output/class_named_dataset/dog_0276.jpg,dog
F:\NTSE\lab02\output\class_named_dataset\dog_0277.jpg,output/class_named_dataset/dog_0277.jpg,dog
F:\NTSE\lab02\output\class_named_dataset\dog_0278.jpg,output/class_named_dataset/dog_0278.jpg,dog
F:\NTSE\lab02\output\class_named_dataset\dog_0279.jpg,output/class_named_dataset/dog_0279.jpg,dog
F:\NTSE\lab02\output\class_named_dataset\dog_0280.jpg,output/class_named_dataset/dog_0280.jpg,dog
F:\NTSE\lab02\output\class_named_dataset\dog_0281.jpg,output/class_named_dataset/dog_0281.jpg,dog
F:\NTSE\lab02\output\class_named_dataset\dog_0282.jpg,output/class_named_dataset/dog_0282.jpg,dog
F:\NTSE\lab02\output\class_named_dataset\dog_0283.jpg,output/class_named_dataset/dog_0283.jpg,dog
F:\NTSE\lab02\output\class_named_dataset\dog_0284.jpg,output/class_named_dataset/dog_0284.jpg,dog
F:\NTSE\lab02\output\class_named_dataset\dog_0285.jpg,output/class_named_dataset/dog_0285.jpg,dog
F:\NTSE\lab02\output\class_named_dataset\dog_0286.jpg,output/class_named_dataset/dog_0286.jpg,dog
F:\NTSE\lab02\output\class_named_dataset\dog_0287.jpg,output/class_named_dataset/dog_0287.jpg,dog
F:\NTSE\lab02\output\class_named_dataset\dog_0288.jpg,output/class_named_dataset/dog_0288.jpg,dog
F:\NTSE\lab02\output\class_named_dataset\dog_0289.jpg,output/class_named_dataset/dog_0289.jpg,dog
F:\NTSE\lab02\output\class_named_dataset\dog_0290.jpg,output/class_named_dataset/dog_0290.jpg,dog
F:\NTSE\lab02\output\class_named_dataset\dog_0291.jpg,output/class_named_dataset/dog_0291.jpg,dog
F:\NTSE\lab02\output\class_named_dataset\dog_0292.jpg,output/class_named_dataset/dog_0292.jpg,dog
F:\NTSE\lab02\output\class_named_dataset\dog_0293.jpg,output/class_named_dataset/dog_0293.jpg,dog
F:\NTSE\lab02\output\class_named_dataset\dog_0294.jpg,output/class_named_dataset/dog_0294.jpg,dog
F:\NTSE\lab02\output\class_named_dataset\dog_0295.jpg,output/class_named_dataset/dog_0295.jpg,dog
F:\NTSE\lab02\output\class_named_dataset\dog_0296.jpg,output/class_named_dataset/dog_0296.jpg,dog
F:\NTSE\lab02\output\class_named_dataset\dog_0297.jpg,output/class_named_dataset/dog_0297.jpg,dog
F:\NTSE\lab02\output\class_named_dataset\dog_0298.jpg,output/class_named_dataset/dog_0298.jpg,dog
F:\NTSE\lab02\output\class_named_dataset\dog_0299.jpg,output/class_named_dataset/dog_0299.jpg,dog
F:\NTSE\lab02\output\class_named_dataset\dog_0300.jpg,output/class_named_dataset/dog_0300.jpg,dog
F:\NTSE\lab02\output\class_named_dataset\dog_0301.jpg,output/class_named_dataset/dog_0301.jpg,dog
F:\NTSE\lab02\output\class_named_dataset\dog_0302.jpg,output/class_named_dataset/dog_0302.jpg,dog
F:\NTSE\lab02\output\class_named_dataset\dog_0303.jpg,output/class_named_dataset/dog_0303.jpg,dog
F:\NTSE\lab02\output\class_named_dataset\dog_0304.jpg,output/class_named_dataset/dog_0304.jpg,dog
F:\NTSE\lab02\output\class_named_dataset\dog_0305.jpg,output/class_named_dataset/dog_0305.jpg,dog
F:\NTSE\lab02\output\class_named_dataset\dog_0306.jpg,output/class_named_dataset/dog_0306.jpg,dog
F:\NTSE\lab02\output\class_named_dataset\dog_0307.jpg,output/class_named_dataset/dog_0307.jpg,dog
F:\NTSE\lab02\output\class_named_dataset\dog_0308.jpg,output/class_named_dataset/dog_0308.jpg,dog
F:\NTSE\lab02\output\class_named_dataset\dog_0309.jpg,output/class_named_dataset/dog_0309.jpg,dog
F:\NTSE\lab02\output\class_named_dataset\dog_0310.jpg,output/class_named_dataset/dog_0310.jpg,dog
F:\NTSE\lab02\output\class_named_dataset\dog_0311.jpg,output/class_named_dataset/dog_0311.jpg,dog
F:\NTSE\lab02\output\class_named_dataset\dog_0312.jpg,output/class_named_dataset/dog_0312.jpg,dog
F:\NTSE\lab02\output\class_named_dataset\dog_0313.jpg,output/class_named_dataset/dog_0313.jpg,dog
F:\NTSE\lab02\output\class_named_dataset\dog_0314.jpg,output/class_named_dataset/dog_0314.jpg,dog
F:\NTSE\lab02\output\class_named_dataset\dog_0315.jpg,output/class_named_dataset/dog_0315.jpg,dog
F:\NTSE\lab02\output\class_named_dataset\dog_0316.jpg,output/class_named_dataset/dog_0316.jpg,dog
F:\NTSE\lab02\output\class_named_dataset\dog_0317.jpg,output/class_named_dataset/dog_0317.jpg,dog
F:\NTSE\lab02\output\class_named_dataset\dog_0318.jpg,output/class_named_dataset/dog_0318.jpg,dog
F:\NTSE\lab02\output\class_named_dataset\dog_0319.jpg,output/class_named_dataset/dog_0319.jpg,dog
F:\NTSE\lab02\output\class_named_dataset\dog_0320.jpg,output/class_named_dataset/dog_0320.jpg,dog
F:\NTSE\lab02\output\class_named_dataset\dog_0321.jpg,output/class_named_dataset/dog_0321.jpg,dog
F:\NTSE\lab02\output\class_named_dataset\dog_0322.jpg,output/class_named_dataset/dog_0322.jpg,dog
F:\NTSE\lab02\output\class_named_dataset\dog_0323.jpg,output/class_named_dataset/dog_0323.jpg,dog
F:\NTSE\lab02\output\class_named_dataset\dog_0324.jpg,output/class_named_dataset/dog_0324.jpg,dog
F:\NTSE\lab02\output\class_named_dataset\dog_0325.jpg,output/class_named_dataset/dog_0325.jpg,dog
F:\NTSE\lab02\output\class_named_dataset\dog_0326.jpg,output/class_named_dataset/dog_0326.jpg,dog
F:\NTSE\lab02\output\class_named_dataset\dog_0327.jpg,output/class_named_dataset/dog_0327.jpg,dog
F:\NTSE\lab02\output\class_named_dataset\dog_0328.jpg,output/class_named_dataset/dog_0328.jpg,dog
F:\NTSE\lab02\output\class_named_dataset\dog_0329.jpg,output/class_named_dataset/dog_0329.jpg,dog
F:\NTSE\lab02\output\class_named_dataset\dog_0330.jpg,output/class_named_dataset/dog_0330.jpg,dog
F:\NTSE\lab02\output\class_named_dataset\dog_0331.jpg,output/class_named_dataset/dog_0331.jpg,dog
F:\NTSE\lab02\output\class_named_dataset\dog_0332.jpg,output/class_named_dataset/dog_0332.jpg,dog
F:\NTSE\lab02\output\class_named_dataset\dog_0333.jpg,output/class_named_dataset/dog_0333.jpg,dog
F:\NTSE\lab02\output\class_named_dataset\dog_0334.jpg,output/class_named_dataset/dog_0334.jpg,dog
F:\NTSE\lab02\output\class_named_dataset\dog_0335.jpg,output/class_named_dataset/dog_0335.jpg,dog
F:\NTSE\lab02\output\class_named_dataset\dog_0336.jpg,output/class_named_dataset/dog_0336.jpg,dog
F:\NTSE\lab02\output\class_named_dataset\dog_0337.jpg,output/class_named_dataset/dog_0337.jpg,dog
F:\NTSE\lab02\output\class_named_dataset\dog_0338.jpg,output/class_named_dataset/dog_0338.jpg,dog
F:\NTSE\lab02\output\class_named_dataset\dog_0339.jpg,output/class_named_dataset/dog_0339.jpg,dog
F:\NTSE\lab02\output\class_named_dataset\dog_0340.jpg,output/class_named_dataset/dog_0340.jpg,dog
F:\NTSE\lab02\output\class_named_dataset\dog_0341.jpg,output/class_named_dataset/dog_0341.jpg,dog
F:\NTSE\lab02\output\class_named_dataset\dog_0342.jpg,output/class_named_dataset/dog_0342.jpg,dog
F:\NTSE\lab02\output\class_named_dataset\dog_0343.jpg,output/class_named_dataset/dog_0343.jpg,dog
F:\NTSE\lab02\output\class_named_dataset\dog_0344.jpg,output/class_named_dataset/dog_0344.jpg,dog
F:\NTSE\lab02\output\class_named_dataset\dog_0345.jpg,output/class_named_dataset/dog_0345.jpg,dog
F:\NTSE\lab02\output\class_named_dataset\dog_0346.jpg,output/class_named_dataset/dog_0346.jpg,dog
F:\NTSE\lab02\output\class_named_dataset\dog_0347.jpg,output/class_named_dataset/dog_0347.jpg,dog
F:\NTSE\lab02\output\class_named_dataset\dog_0348.jpg,output/class_named_dataset/dog_0348.jpg,dog
F:\NTSE\lab02\output\class_named_dataset\dog_0349.jpg,output/class_named_dataset/dog_0349.jpg,dog
F:\NTSE\lab02\output\class_named_dataset\dog_0350.jpg,output/class_named_dataset/dog_0350.jpg,dog
F:\NTSE\lab02\output\class_named_dataset\dog_0351.jpg,output/class_named_dataset/dog_0351.jpg,dog
F:\NTSE\lab02\output\class_named_dataset\dog_0352.jpg,output/class_named_dataset/dog_0352.jpg,dog
F:\NTSE\lab02\output\class_named_dataset\dog_0353.jpg,output/class_named_dataset/dog_0353.jpg,dog
F:\NTSE\lab02\output\class_named_dataset\dog_0354.jpg,output/class_named_dataset/dog_0354.jpg,dog
F:\NTSE\lab02\output\class_named_dataset\dog_0355.jpg,output/class_named_dataset/dog_0355.jpg,dog
F:\NTSE\lab02\output\class_named_dataset\dog_0356.jpg,output/class_named_dataset/dog_0356.jpg,dog
F:\NTSE\lab02\output\class_named_dataset\dog_0357.jpg,output/class_named_dataset/dog_0357.jpg,dog
F:\NTSE\lab02\output\class_named_dataset\dog_0358.jpg,output/class_named_dataset/dog_0358.jpg,dog
F:\NTSE\lab02\output\class_named_dataset\dog_0359.jpg,output/class_named_dataset/dog_0359.jpg,dog
F:\NTSE\lab02\output\class_named_dataset\dog_0360.jpg,output/class_named_dataset/dog_0360.jpg,dog
F:\NTSE\lab02\output\class_named_dataset\dog_0361.jpg,output/class_named_dataset/dog_0361.jpg,dog
F:\NTSE\lab02\output\class_named_dataset\dog_0362.jpg,output/class_named_dataset/dog_0362.jpg,dog
F:\NTSE\lab02\output\class_named_dataset\dog_0363.jpg,output/class_named_dataset/dog_0363.jpg,dog
F:\NTSE\lab02\output\class_named_dataset\dog_0364.jpg,output/class_named_dataset/dog_0364.jpg,dog
F:\NTSE\lab02\output\class_named_dataset\dog_0365.jpg,output/class_named_dataset/dog_0365.jpg,dog
F:\NTSE\lab02\output\class_named_dataset\dog_0366.jpg,output/class_named_dataset/dog_0366.jpg,dog
F:\NTSE\lab02\output\class_named_dataset\dog_0367.jpg,output/class_named_dataset/dog_0367.jpg,dog
F:\NTSE\lab02\output\class_named_dataset\dog_0368.jpg,output/class_named_dataset/dog_0368.jpg,dog
F:\NTSE\lab02\output\class_named_dataset\dog_0369.jpg,output/class_named_dataset/dog_0369.jpg,dog
F:\NTSE\lab02\output\class_named_dataset\dog_0370.jpg,output/class_named_dataset/dog_0370.jpg,dog
F:\NTSE\lab02\output\class_named_dataset\dog_0371.jpg,output/class_named_dataset/dog_0371.jpg,dog
F:\NTSE\lab02\output\class_named_dataset\dog_0372.jpg,output/class_named_dataset/dog_0372.jpg,dog
F:\NTSE\lab02\output\class_named_dataset\dog_0373.jpg,output/class_named_dataset/dog_0373.jpg,dog
F:\NTSE\lab02\output\class_named_dataset\dog_0374.jpg,output/class_named_dataset/dog_0374.jpg,dog
F:\NTSE\lab02\output\class_named_dataset\dog_0375.jpg,output/class_named_dataset/dog_0375.jpg,dog
F:\NTSE\lab02\output\class_named_dataset\dog_0376.jpg,output/class_named_dataset/dog_0376.jpg,dog
F:\NTSE\lab02\output\class_named_dataset\dog_0377.jpg,output/class_named_dataset/dog_0377.jpg,dog
F:\NTSE\lab02\output\class_named_dataset\dog_0378.jpg,output/class_named_dataset/dog_0378.jpg,dog
F:\NTSE\lab02\output\class_named_dataset\dog_0379.jpg,output/class_named_dataset/dog_0379.jpg,dog
F:\NTSE\lab02\output\class_named_dataset\dog_0380.jpg,output/class_named_dataset/dog_0380.jpg,dog
F:\NTSE\lab02\output\class_named_dataset\dog_0381.jpg,output/class_named_dataset/dog_0381.jpg,dog
F:\NTSE\lab02\output\class_named_dataset\dog_0382.jpg,output/class_named_dataset/dog_0382.jpg,dog
F:\NTSE\lab02\output\class_named_dataset\dog_0383.jpg,output/class_named_dataset/dog_0383.jpg,dog
F:\NTSE\lab02\output\class_named_dataset\dog_0384.jpg,output/class_named_dataset/dog_0384.jpg,dog
F:\NTSE\lab02\output\class_named_dataset\dog_0385.jpg,output/class_named_dataset/dog_0385.jpg,dog
F:\NTSE\lab02\output\class_named_dataset\dog_0386.jpg,output/class_named_dataset/dog_0386.jpg,dog
F:\NTSE\lab02\output\class_named_dataset\dog_0387.jpg,output/class_named_dataset/dog_0387.jpg,dog
F:\NTSE\lab02\output\class_named_dataset\dog_0388.jpg,output/class_named_dataset/dog_0388.jpg,dog
F:\NTSE\lab02\output\class_named_dataset\dog_0389.jpg,output/class_named_dataset/dog_0389.jpg,dog
F:\NTSE\lab02\output\class_named_dataset\dog_0390.jpg,output/class_named_dataset/dog_0390.jpg,dog
F:\NTSE\lab02\output\class_named_dataset\dog_0391.jpg,output/class_named_dataset/dog_0391.jpg,dog
F:\NTSE\lab02\output\class_named_dataset\dog_0392.jpg,output/class_named_dataset/dog_0392.jpg,dog
F:\NTSE\lab02\output\class_named_dataset\dog_0393.jpg,output/class_named_dataset/dog_0393.jpg,dog
F:\NTSE\lab02\output\class_named_dataset\dog_0394.jpg,output/class_named_dataset/dog_0394.jpg,dog
F:\NTSE\lab02\output\class_named_dataset\dog_0395.jpg,output/class_named_dataset/dog_0395.jpg,dog
F:\NTSE\lab02\output\class_named_dataset\dog_0396.jpg,output/class_named_dataset/dog_0396.jpg,dog
F:\NTSE\lab02\output\class_named_dataset\dog_0397.jpg,output/class_named_dataset/dog_0397.jpg,dog
F:\NTSE\lab02\output\class_named_dataset\dog_0398.jpg,output/class_named_dataset/dog_0398.jpg,dog
F:\NTSE\lab02\output\class_named_dataset\dog_0399.jpg,output/class_named_dataset/dog_0399.jpg,dog
F:\NTSE\lab02\output\class_named_dataset\dog_0400.jpg,output/class_named_dataset/dog_0400.jpg,dog
F:\NTSE\lab02\output\class_named_dataset\dog_0401.jpg,output/class_named_dataset/dog_0401.jpg,dog
F:\NTSE\lab02\output\class_named_dataset\dog_0402.jpg,output/class_named_dataset/dog_0402.jpg,dog
F:\NTSE\lab02\output\class_named_dataset\dog_0403.jpg,output/class_named_dataset/dog_0403.jpg,dog
F:\NTSE\lab02\output\class_named_dataset\dog_0404.jpg,output/class_named_dataset/dog_0404.jpg,dog
F:\NTSE\lab02\output\class_named_dataset\dog_0405.jpg,output/class_named_dataset/dog_0405.jpg,dog
F:\NTSE\lab02\output\class_named_dataset\dog_0406.jpg,output/class_named_dataset/dog_0406.jpg,dog
F:\NTSE\lab02\output\class_named_dataset\dog_0407.jpg,output/class_named_dataset/dog_0407.jpg,dog
F:\NTSE\lab02\output\class_named_dataset\dog_0408.jpg,output/class_named_dataset/dog_0408.jpg,dog
F:\NTSE\lab02\output\class_named_dataset\dog_0409.jpg,output/class_named_dataset/dog_0409.jpg,dog
F:\NTSE\lab02\output\class_named_dataset\dog_0410.jpg,output/class_named_dataset/dog_0410.jpg,dog
F:\NTSE\lab02\output\class_named_dataset\dog_0411.jpg,output/class_named_dataset/dog_0411.jpg,dog
F:\NTSE\lab02\output\class_named_dataset\dog_0412.jpg,output/class_named_dataset/dog_0412.jpg,dog
F:\NTSE\lab02\output\class_named_dataset\dog_0413.jpg,output/class_named_dataset/dog_0413.jpg,dog
F:\NTSE\lab02\output\class_named_dataset\dog_0414.jpg,output/class_named_dataset/dog_0414.jpg,dog
F:\NTSE\lab02\output\class_named_dataset\dog_0415.jpg,output/class_named_dataset/dog_0415.jpg,dog
F:\NTSE\lab02\output\class_named_dataset\dog_0416.jpg,output/class_named_dataset/dog_0416.jpg,dog
F:\NTSE\lab02\output\class_named_dataset\dog_0417.jpg,output/class_named_dataset/dog_0417.jpg,dog
F:\NTSE\lab02\output\class_named_dataset\dog_0418.jpg,output/class_named_dataset/dog_0418.jpg,dog
F:\NTSE\lab02\output\class_named_dataset\dog_0419.jpg,output/class_named_dataset/dog_0419.jpg,dog
F:\NTSE\lab02\output\class_named_dataset\dog_0420.jpg,output/class_named_dataset/dog_0420.jpg,dog
F:\NTSE\lab02\output\class_named_dataset\dog_0421.jpg,output/class_named_dataset/dog_0421.jpg,dog
F:\NTSE\lab02\output\class_named_dataset\dog_0422.jpg,output/class_named_dataset/dog_0422.jpg,dog
F:\NTSE\lab02\output\class_named_dataset\dog_0423.jpg,output/class_named_dataset/dog_0423.jpg,dog
F:\NTSE\lab02\output\class_named_dataset\dog_0424.jpg,output/class_named_dataset/dog_0424.jpg,dog
F:\NTSE\lab02\output\class_named_dataset\dog_0425.jpg,output/class_named_dataset/dog_0425.jpg,dog
F:\NTSE\lab02\output\class_named_dataset\dog_0426.jpg,output/class_named_dataset/dog_0426.jpg,dog
F:\NTSE\lab02\output\class_named_dataset\dog_0427.jpg,output/class_named_dataset/dog_0427.jpg,dog
F:\NTSE\lab02\output\class_named_dataset\dog_0428.jpg,output/class_named_dataset/dog_0428.jpg,dog
F:\NTSE\lab02\output\class_named_dataset\dog_0429.jpg,output/class_named_dataset/dog_0429.jpg,dog
F:\NTSE\lab02\output\class_named_dataset\dog_0430.jpg,output/class_named_dataset/dog_0430.jpg,dog
F:\NTSE\lab02\output\class_named_dataset\dog_0431.jpg,output/class_named_dataset/dog_0431.jpg,dog
F:\NTSE\lab02\output\class_named_dataset\dog_0432.jpg,output/class_named_dataset/dog_0432.jpg,dog
F:\NTSE\lab02\output\class_named_dataset\dog_0433.jpg,output/class_named_dataset/dog_0433.jpg,dog
F:\NTSE\lab02\output\class_named_dataset\dog_0434.jpg,output/class_named_dataset/dog_0434.jpg,dog
F:\NTSE\lab02\output\class_named_dataset\dog_0435.jpg,output/class_named_dataset/dog_0435.jpg,dog
F:\NTSE\lab02\output\class_named_dataset\dog_0436.jpg,output/class_named_dataset/dog_0436.jpg,dog
F:\NTSE\lab02\output\class_named_dataset\dog_0437.jpg,output/class_named_dataset/dog_0437.jpg,dog
F:\NTSE\lab02\output\class_named_dataset\dog_0438.jpg,output/class_named_dataset/dog_0438.jpg,dog
F:\NTSE\lab02\output\class_named_dataset\dog_0439.jpg,output/class_named_dataset/dog_0439.jpg,dog
F:\NTSE\lab02\output\class_named_dataset\dog_0440.jpg,output/class_named_dataset/dog_0440.jpg,dog
F:\NTSE\lab02\output\class_named_dataset\dog_0441.jpg,output/class_named_dataset/dog_0441.jpg,dog
F:\NTSE\lab02\output\class_named_dataset\dog_0442.jpg,output/class_named_dataset/dog_0442.jpg,dog
F:\NTSE\lab02\output\class_named_dataset\dog_0443.jpg,output/class_named_dataset/dog_0443.jpg,dog
F:\NTSE\lab02\output\class_named_dataset\dog_0444.jpg,output/class_named_dataset/dog_0444.jpg,dog
F:\NTSE\lab02\output\class_named_dataset\dog_0445.jpg,output/class_named_dataset/dog_0445.jpg,dog
F:\NTSE\lab02\output\class_named_dataset\dog_0446.jpg,output/class_named_dataset/dog_0446.jpg,dog
F:\NTSE\lab02\output\class_named_dataset\dog_0447.jpg,output/class_named_dataset/dog_0447.jpg,dog
F:\NTSE\lab02\output\class_named_dataset\dog_0448.jpg,output/class_named_dataset/dog_0448.jpg,dog
F:\NTSE\lab02\output\class_named_dataset\dog_0449.jpg,output/class_named_dataset/dog_0449.jpg,dog
F:\NTSE\lab02\output\class_named_dataset\dog_0450.jpg,output/class_named_dataset/dog_0450.jpg,dog
F:\NTSE\lab02\output\class_named_dataset\dog_0451.jpg,output/class_named_dataset/dog_0451.jpg,dog
F:\NTSE\lab02\output\class_named_dataset\dog_0452.jpg,output/class_named_dataset/dog_0452.jpg,dog
F:\NTSE\lab02\output\class_named_dataset\dog_0453.jpg,output/class_named_dataset/dog_0453.jpg,dog
F:\NTSE\lab02\output\class_named_dataset\dog_0454.jpg,output/class_named_dataset/dog_0454.jpg,dog
F:\NTSE\lab02\output\class_named_dataset\dog_0455.jpg,output/class_named_dataset/dog_0455.jpg,dog
F:\NTSE\lab02\output\class_named_dataset\dog_0456.jpg,output/class_named_dataset/dog_0456.jpg,dog
F:\NTSE\lab02\output\class_named_dataset\dog_0457.jpg,output/class_named_dataset/dog_0457.jpg,dog
F:\NTSE\lab02\output\class_named_dataset\dog_0458.jpg,output/class_named_dataset/dog_0458.jpg,dog
F:\NTSE\lab02\output\class_named_dataset\dog_0459.jpg,output/class_named_dataset/dog_0459.jpg,dog
F:\NTSE\lab02\output\class_named_dataset\dog_0460.jpg,output/class_named_dataset/dog_0460.jpg,dog
F:\NTSE\lab02\output\class_named_dataset\dog_0461.jpg,output/class_named_dataset/dog_0461.jpg,dog
F:\NTSE\lab02\output\class_named_dataset\dog_0462.jpg,output/class_named_dataset/dog_0462.jpg,dog
F:\NTSE\lab02\output\class_named_dataset\dog_0463.jpg,output/class_named_dataset/dog_0463.jpg,dog
F:\NTSE\lab02\output\class_named_dataset\dog_0464.jpg,output/class_named_dataset/dog_0464.jpg,dog
F:\NTSE\lab02\output\class_named_dataset\dog_0465.jpg,output/class_named_dataset/dog_0465.jpg,dog
F:\NTSE\lab02\output\class_named_dataset\dog_0466.jpg,output/class_named_dataset/dog_0466.jpg,dog
F:\NTSE\lab02\output\class_named_dataset\dog_0467.jpg,output/class_named_dataset/dog_0467.jpg,dog
F:\NTSE\lab02\output\class_named_dataset\dog_0468.jpg,output/class_named_dataset/dog_0468.jpg,dog
F:\NTSE\lab02\output\class_named_dataset\dog_0469.jpg,output/class_named_dataset/dog_0469.jpg,dog
F:\NTSE\lab02\output\class_named_dataset\dog_0470.jpg,output/class_named_dataset/dog_0470.jpg,dog
F:\NTSE\lab02\output\class_named_dataset\dog_0471.jpg,output/class_named_dataset/dog_0471.jpg,dog
F:\NTSE\lab02\output\class_named_dataset\dog_0472.jpg,output/class_named_dataset/dog_0472.jpg,dog
F:\NTSE\lab02\output\class_named_dataset\dog_0473.jpg,output/class_named_dataset/dog_0473.jpg,dog
F:\NTSE\lab02\output\class_named_dataset\dog_0474.jpg,output/class_named_dataset/dog_0474.jpg,dog
F:\NTSE\lab02\output\class_named_dataset\dog_0475.jpg,output/class_named_dataset/dog_0475.jpg,dog
F:\NTSE\lab02\output\class_named_dataset\dog_0476.jpg,output/class_named_dataset/dog_0476.jpg,dog
F:\NTSE\lab02\output\class_named_dataset\dog_0477.jpg,output/class_named_dataset/dog_0477.jpg,dog
F:\NTSE\lab02\output\class_named_dataset\dog_0478.jpg,output/class_named_dataset/dog_0478.jpg,dog
F:\NTSE\lab02\output\class_named_dataset\dog_0479.jpg,output/class_named_dataset/dog_0479.jpg,dog
F:\NTSE\lab02\output\class_named_dataset\dog_0480.jpg,output/class_named_dataset/dog_0480.jpg,dog
F:\NTSE\lab02\output\class_named_dataset\dog_0481.jpg,output/class_named_dataset/dog_0481.jpg,dog
F:\NTSE\lab02\output\class_named_dataset\dog_0482.jpg,output/class_named_dataset/dog_0482.jpg,dog
F:\NTSE\lab02\output\class_named_dataset\dog_0483.jpg,output/class_named_dataset/dog_0483.jpg,dog
F:\NTSE\lab02\output\class_named_dataset\dog_0484.jpg,output/class_named_dataset/dog_0484.jpg,dog
F:\NTSE\lab02\output\class_named_dataset\dog_0485.jpg,output/class_named_dataset/dog_0485.jpg,dog
F:\NTSE\lab02\output\class_named_dataset\dog_0486.jpg,output/class_named_dataset/dog_0486.jpg,dog
F:\NTSE\lab02\output\class_named_dataset\dog_0487.jpg,output/class_named_dataset/dog_0487.jpg,dog
F:\NTSE\lab02\output\class_named_dataset\dog_0488.jpg,output/class_named_dataset/dog_0488.jpg,dog
F:\NTSE\lab02\output\class_named_dataset\dog_0489.jpg,output/class_named_dataset/dog_0489.jpg,dog
F:\NTSE\lab02\output\class_named_dataset\dog_0490.jpg,output/class_named_dataset/dog_0490.jpg,dog
F:\NTSE\lab02\output\class_named_dataset\dog_0491.jpg,output/class_named_dataset/dog_0491.jpg,dog
F:\NTSE\lab02\output\class_named_dataset\dog_0492.jpg,output/class_named_dataset/dog_0492.jpg,dog
F:\NTSE\lab02\output\class_named_dataset\dog_0493.jpg,output/class_named_dataset/dog_0493.jpg,dog
F:\NTSE\lab02\output\class_named_dataset\dog_0494.jpg,output/class_named_dataset/dog_0494.jpg,dog
F:\NTSE\lab02\output\class_named_dataset\dog_0495.jpg,output/class_named_dataset/dog_0495.jpg,dog
F:\NTSE\lab02\output\class_named_dataset\dog_0496.jpg,output/class_named_dataset/dog_0496.jpg,dog
F:\NTSE\lab02\output\class_named_dataset\dog_0497.jpg,output/class_named_dataset/dog_0497.jpg,dog
F:\NTSE\lab02\output\class_named_dataset\dog_0498.jpg,output/class_named_dataset/dog_0498.jpg,dog
F:\NTSE\lab02\output\class_named_dataset\dog_0499.jpg,output/class_named_dataset/dog_0499.jpg,dog
F:\NTSE\lab02\output\class_named_dataset\dog_0500.jpg,output/class_named_dataset/dog_0500.jpg,dog
F:\NTSE\lab02\output\class_named_dataset\dog_0501.jpg,output/class_named_dataset/dog_0501.jpg,dog
F:\NTSE\lab02\output\class_named_dataset\dog_0502.jpg,output/class_named_dataset/dog_0502.jpg,dog
F:\NTSE\lab02\output\class_named_dataset\dog_0503.jpg,output/class_named_dataset/dog_0503.jpg,dog
F:\NTSE\lab02\output\class_named_dataset\dog_0504.jpg,output/class_named_dataset/dog_0504.jpg,dog
F:\NTSE\lab02\output\class_named_dataset\dog_0505.jpg,output/class_named_dataset/dog_0505.jpg,dog
F:\NTSE\lab02\output\class_named_dataset\dog_0506.jpg,output/class_named_dataset/dog_0506.jpg,dog
F:\NTSE\lab02\output\class_named_dataset\dog_0507.jpg,output/class_named_dataset/dog_0507.jpg,dog
F:\NTSE\lab02\output\class_named_dataset\dog_0508.jpg,output/class_named_dataset/dog_0508.jpg,dog
F:\NTSE\lab02\output\class_named_dataset\dog_0509.jpg,output/class_named_dataset/dog_0509.jpg,dog
F:\NTSE\lab02\output\class_named_dataset\dog_0510.jpg,output/class_named_dataset/dog_0510.jpg,dog
F:\NTSE\lab02\output\class_named_dataset\dog_0511.jpg,output/class_named_dataset/dog_0511.jpg,dog
F:\NTSE\lab02\output\class_named_dataset\dog_0512.jpg,output/class_named_dataset/dog_0512.jpg,dog
F:\NTSE\lab02\output\class_named_dataset\dog_0513.jpg,output/class_named_dataset/dog_0513.jpg,dog
F:\NTSE\lab02\output\class_named_dataset\dog_0514.jpg,output/class_named_dataset/dog_0514.jpg,dog
F:\NTSE\lab02\output\class_named_dataset\dog_0515.jpg,output/class_named_dataset/dog_0515.jpg,dog
F:\NTSE\lab02\output\class_named_dataset\dog_0516.jpg,output/class_named_dataset/dog_0516.jpg,dog
F:\NTSE\lab02\output\class_named_dataset\dog_0517.jpg,output/class_named_dataset/dog_0517.jpg,dog
F:\NTSE\lab02\output\class_named_dataset\dog_0518.jpg,output/class_named_dataset/dog_0518.jpg,dog
F:\NTSE\lab02\output\class_named_dataset\dog_0519.jpg,output/class_named_dataset/dog_0519.jpg,dog
F:\NTSE\lab02\output\class_named_dataset\dog_0520.jpg,output/class_named_dataset/dog_0520.jpg,dog
F:\NTSE\lab02\output\class_named_dataset\dog_0521.jpg,output/class_named_dataset/dog_0521.jpg,dog
F:\NTSE\lab02\output\class_named_dataset\dog_0522.jpg,output/class_named_dataset/dog_0522.jpg,dog
F:\NTSE\lab02\output\class_named_dataset\dog_0523.jpg,output/class_named_dataset/dog_0523.jpg,dog
F:\NTSE\lab02\output\class_named_dataset\dog_0524.jpg,output/class_named_dataset/dog_0524.jpg,dog
F:\NTSE\lab02\output\class_named_dataset\dog_0525.jpg,output/class_named_dataset/dog_0525.jpg,dog
F:\NTSE\lab02\output\class_named_dataset\dog_0526.jpg,output/class_named_dataset/dog_0526.jpg,dog
F:\NTSE\lab02\output\class_named_dataset\dog_0527.jpg,output/class_named_dataset/dog_0527.jpg,dog
F:\NTSE\lab02\output\class_named_dataset\dog_0528.jpg,output/class_named_dataset/dog_0528.jpg,dog
F:\NTSE\lab02\output\class_named_dataset\dog_0529.jpg,output/class_named_dataset/dog_0529.jpg,dog
F:\NTSE\lab02\output\class_named_dataset\dog_0530.jpg,output/class_named_dataset/dog_0530.jpg,dog
F:\NTSE\lab02\output\class_named_dataset\dog_0531.jpg,output/class_named_dataset/dog_0531.jpg,dog
F:\NTSE\lab02\output\class_named_dataset\dog_0532.jpg,output/class_named_dataset/dog_0532.jpg,dog
F:\NTSE\lab02\output\class_named_dataset\dog_0533.jpg,output/class_named_dataset/dog_0533.jpg,dog
F:\NTSE\lab02\output\class_named_dataset\dog_0534.jpg,output/class_named_dataset/dog_0534.jpg,dog
F:\NTSE\lab02\output\class_named_dataset\dog_0535.jpg,output/class_named_dataset/dog_0535.jpg,dog
F:\NTSE\lab02\output\class_named_dataset\dog_0536.jpg,output/class_named_dataset/dog_0536.jpg,dog
F:\NTSE\lab02\output\class_named_dataset\dog_0537.jpg,output/class_named_dataset/dog_0537.jpg,dog
F:\NTSE\lab02\output\class_named_dataset\dog_0538.jpg,output/class_named_dataset/dog_0538.jpg,dog
F:\NTSE\lab02\output\class_named_dataset\dog_0539.jpg,output/class_named_dataset/dog_0539.jpg,dog
F:\NTSE\lab02\output\class_named_dataset\dog_0540.jpg,output/class_named_dataset/dog_0540.jpg,dog
F:\NTSE\lab02\output\class_named_dataset\dog_0541.jpg,output/class_named_dataset/dog_0541.jpg,dog
F:\NTSE\lab02\output\class_named_dataset\dog_0542.jpg,output/class_named_dataset/dog_0542.jpg,dog
F:\NTSE\lab02\output\class_named_dataset\dog_0543.jpg,output/class_named_dataset/dog_0543.jpg,dog
F:\NTSE\lab02\output\class_named_dataset\dog_0544.jpg,output/class_named_dataset/dog_0544.jpg,dog
F:\NTSE\lab02\output\class_named_dataset\dog_0545.jpg,output/class_named_dataset/dog_0545.jpg,dog
F:\NTSE\lab02\output\class_named_dataset\dog_0546.jpg,output/class_named_dataset/dog_0546.jpg,dog
F:\NTSE\lab02\output\class_named_dataset\dog_0547.jpg,output/class_named_dataset/dog_0547.jpg,dog
F:\NTSE\lab02\output\class_named_dataset\dog_0548.jpg,output/class_named_dataset/dog_0548.jpg,dog
F:\NTSE\lab02\output\class_named_dataset\dog_0549.jpg,output/class_named_dataset/dog_0549.jpg,dog
F:\NTSE\lab02\output\class_named_dataset\dog_0550.jpg,output/class_named_dataset/dog_0550.jpg,dog
F:\NTSE\lab02\output\class_named_dataset\dog_0551.jpg,output/class_named_dataset/dog_0551.jpg,dog
F:\NTSE\lab02\output\class_named_dataset\dog_0552.jpg,output/class_named_dataset/dog_0552.jpg,dog
F:\NTSE\lab02\output\class_named_dataset\dog_0553.jpg,output/class_named_dataset/dog_0553.jpg,dog
F:\NTSE\lab02\output\class_named_dataset\dog_0554.jpg,output/class_named_dataset/dog_0554.jpg,dog
F:\NTSE\lab02\output\class_named_dataset\dog_0555.jpg,output/class_named_dataset/dog_0555.jpg,dog
F:\NTSE\lab02\output\class_named_dataset\dog_0556.jpg,output/class_named_dataset/dog_0556.jpg,dog
F:\NTSE\lab02\output\class_named_dataset\dog_0557.jpg,output/class_named_dataset/dog_0557.jpg,dog
F:\NTSE\lab02\output\class_named_dataset\dog_0558.jpg,output/class_named_dataset/dog_0558.jpg,dog
F:\NTSE\lab02\output\class_named_dataset\dog_0559.jpg,output/class_named_dataset/dog_0559.jpg,dog
F:\NTSE\lab02\output\class_named_dataset\dog_0560.jpg,output/class_named_dataset/dog_0560.jpg,dog
F:\NTSE\lab02\output\class_named_dataset\dog_0561.jpg,output/class_named_dataset/dog_0561.jpg,dog
F:\NTSE\lab02\output\class_named_dataset\dog_0562.jpg,output/class_named_dataset/dog_0562.jpg,dog
F:\NTSE\lab02\output\class_named_dataset\dog_0563.jpg,output/class_named_dataset/dog_0563.jpg,dog
F:\NTSE\lab02\output\class_named_dataset\dog_0564.jpg,output/class_named_dataset/dog_0564.jpg,dog
F:\NTSE\lab02\output\class_named_dataset\dog_0565.jpg,output/class_named_dataset/dog_0565.jpg,dog
F:\NTSE\lab02\output\class_named_dataset\dog_0566.jpg,output/class_named_dataset/dog_0566.jpg,dog
F:\NTSE\lab02\output\class_named_dataset\dog_0567.jpg,output/class_named_dataset/dog_0567.jpg,dog
F:\NTSE\lab02\output\class_named_dataset\dog_0568.jpg,output/class_named_dataset/dog_0568.jpg,dog
F:\NTSE\lab02\output\class_named_dataset\dog_0569.jpg,output/class_named_dataset/dog_0569.jpg,dog
F:\NTSE\lab02\output\class_named_dataset\dog_0570.jpg,output/class_named_dataset/dog_0570.jpg,dog
F:\NTSE\lab02\output\class_named_dataset\dog_0571.jpg,output/class_named_dataset/dog_0571.jpg,dog
F:\NTSE\lab02\output\class_named_dataset\dog_0572.jpg,output/class_named_dataset/dog_0572.jpg,dog
F:\NTSE\lab02\output\class_named_dataset\dog_0573.jpg,output/class_named_dataset/dog_0573.jpg,dog
F:\NTSE\lab02\output\class_named_dataset\dog_0574.jpg,output/class_named_dataset/dog_0574.jpg,dog
F:\NTSE\lab02\output\class_named_dataset\dog_0575.jpg,output/class_named_dataset/dog_0575.jpg,dog
F:\NTSE\lab02\output\class_named_dataset\dog_0576.jpg,output/class_named_dataset/dog_0576.jpg,dog
F:\NTSE\lab02\output\class_named_dataset\dog_0577.jpg,output/class_named_dataset/dog_0577.jpg,dog
F:\NTSE\lab02\output\class_named_dataset\dog_0578.jpg,output/class_named_dataset/dog_0578.jpg,dog
F:\NTSE\lab02\output\class_named_dataset\dog_0579.jpg,output/class_named_dataset/dog_0579.jpg,dog
F:\NTSE\lab02\output\class_named_dataset\dog_0580.jpg,output/class_named_dataset/dog_0580.jpg,dog
F:\NTSE\lab02\output\class_named_dataset\dog_0581.jpg,output/class_named_dataset/dog_0581.jpg,dog
F:\NTSE\lab02\output\class_named_dataset\dog_0582.jpg,output/class_named_dataset/dog_0582.jpg,dog
F:\NTSE\lab02\output\class_named_dataset\dog_0583.jpg,output/class_named_dataset/dog_0583.jpg,dog
F:\NTSE\lab02\output\class_named_dataset\dog_0584.jpg,output/class_named_dataset/dog_0584.jpg,dog
F:\NTSE\lab02\output\class_named_dataset\dog_0585.jpg,output/class_named_dataset/dog_0585.jpg,dog
F:\NTSE\lab02\output\class_named_dataset\dog_0586.jpg,output/class_named_dataset/dog_0586.jpg,dog
F:\NTSE\lab02\output\class_named_dataset\dog_0587.jpg,output/class_named_dataset/dog_0587.jpg,dog
F:\NTSE\lab02\output\class_named_dataset\dog_0588.jpg,output/class_named_dataset/dog_0588.jpg,dog
F:\NTSE\lab02\output\class_named_dataset\dog_0589.jpg,output/class_named_dataset/dog_0589.jpg,dog
F:\NTSE\lab02\output\class_named_dataset\dog_0590.jpg,output/class_named_dataset/dog_0590.jpg,dog
F:\NTSE\lab02\output\class_named_dataset\dog_0591.jpg,output/class_named_dataset/dog_0591.jpg,dog
F:\NTSE\lab02\output\class_named_dataset\dog_0592.jpg,output/class_named_dataset/dog_0592.jpg,dog
F:\NTSE\lab02\output\class_named_dataset\dog_0593.jpg,output/class_named_dataset/dog_0593.jpg,dog
F:\NTSE\lab02\output\class_named_dataset\dog_0594.jpg,output/class_named_dataset/dog_0594.jpg,dog
F:\NTSE\lab02\output\class_named_dataset\dog_0595.jpg,output/class_named_dataset/dog_0595.jpg,dog
F:\NTSE\lab02\output\class_named_dataset\dog_0596.jpg,output/class_named_dataset/dog_0596.jpg,dog
F:\NTSE\lab02\output\class_named_dataset\dog_0597.jpg,output/class_named_dataset/dog_0597.jpg,dog
F:\NTSE\lab02\output\class_named_dataset\dog_0598.jpg,output/class_named_dataset/dog_0598.jpg,dog
F:\NTSE\lab02\output\class_named_dataset\dog_0599.jpg,output/class_named_dataset/dog_0599.jpg,dog
F:\NTSE\lab02\output\class_named_dataset\dog_0600.jpg,output/class_named_dataset/dog_0600.jpg,dog
F:\NTSE\lab02\output\class_named_dataset\dog_0601.jpg,output/class_named_dataset/dog_0601.jpg,dog
F:\NTSE\lab02\output\class_named_dataset\dog_0602.jpg,output/class_named_dataset/dog_0602.jpg,dog
F:\NTSE\lab02\output\class_named_dataset\dog_0603.jpg,output/class_named_dataset/dog_0603.jpg,dog
F:\NTSE\lab02\output\class_named_dataset\dog_0604.jpg,output/class_named_dataset/dog_0604.jpg,dog
F:\NTSE\lab02\output\class_named_dataset\dog_0605.jpg,output/class_named_dataset/dog_0605.jpg,dog
F:\NTSE\lab02\output\class_named_dataset\dog_0606.jpg,output/class_named_dataset/dog_0606.jpg,dog
F:\NTSE\lab02\output\class_named_dataset\dog_0607.jpg,output/class_named_dataset/dog_0607.jpg,dog
F:\NTSE\lab02\output\class_named_dataset\dog_0608.jpg,output/class_named_dataset/dog_0608.jpg,dog
F:\NTSE\lab02\output\class_named_dataset\dog_0609.jpg,output/class_named_dataset/dog_0609.jpg,dog
F:\NTSE\lab02\output\class_named_dataset\dog_0610.jpg,output/class_named_dataset/dog_0610.jpg,dog
F:\NTSE\lab02\output\class_named_dataset\dog_0611.jpg,output/class_named_dataset/dog_0611.jpg,dog
F:\NTSE\lab02\output\class_named_dataset\dog_0612.jpg,output/class_named_dataset/dog_0612.jpg,dog
F:\NTSE\lab02\output\class_named_dataset\dog_0613.jpg,output/class_named_dataset/dog_0613.jpg,dog
F:\NTSE\lab02\output\class_named_dataset\dog_0614.jpg,output/class_named_dataset/dog_0614.jpg,dog
F:\NTSE\lab02\output\class_named_dataset\dog_0615.jpg,output/class_named_dataset/dog_0615.jpg,dog
F:\NTSE\lab02\output\class_named_dataset\dog_0616.jpg,output/class_named_dataset/dog_0616.jpg,dog
F:\NTSE\lab02\output\class_named_dataset\dog_0617.jpg,output/class_named_dataset/dog_0617.jpg,dog
F:\NTSE\lab02\output\class_named_dataset\dog_0618.jpg,output/class_named_dataset/dog_0618.jpg,dog
F:\NTSE\lab02\output\class_named_dataset\dog_0619.jpg,output/class_named_dataset/dog_0619.jpg,dog
F:\NTSE\lab02\output\class_named_dataset\dog_0620.jpg,output/class_named_dataset/dog_0620.jpg,dog
F:\NTSE\lab02\output\class_named_dataset\dog_0621.jpg,output/class_named_dataset/dog_0621.jpg,dog
F:\NTSE\lab02\output\class_named_dataset\dog_0622.jpg,output/class_named_dataset/dog_0622.jpg,dog
F:\NTSE\lab02\output\class_named_dataset\dog_0623.jpg,output/class_named_dataset/dog_0623.jpg,dog
F:\NTSE\lab02\output\class_named_dataset\dog_0624.jpg,output/class_named_dataset/dog_0624.jpg,dog
F:\NTSE\lab02\output\class_named_dataset\dog_0625.jpg,output/class_named_dataset/dog_0625.jpg,dog
F:\NTSE\lab02\output\class_named_dataset\dog_0626.jpg,output/class_named_dataset/dog_0626.jpg,dog
F:\NTSE\lab02\output\class_named_dataset\dog_0627.jpg,output/class_named_dataset/dog_0627.jpg,dog
F:\NTSE\lab02\output\class_named_dataset\dog_0628.jpg,output/class_named_dataset/dog_0628.jpg,dog
F:\NTSE\lab02\output\class_named_dataset\dog_0629.jpg,output/class_named_dataset/dog_0629.jpg,dog
F:\NTSE\lab02\output\class_named_dataset\dog_0630.jpg,output/class_named_dataset/dog_0630.jpg,dog
F:\NTSE\lab02\output\class_named_dataset\dog_0631.jpg,output/class_named_dataset/dog_0631.jpg,dog
F:\NTSE\lab02\output\class_named_dataset\dog_0632.jpg,output/class_named_dataset/dog_0632.jpg,dog
F:\NTSE\lab02\output\class_named_dataset\dog_0633.jpg,output/class_named_dataset/dog_0633.jpg,dog
F:\NTSE\lab02\output\class_named_dataset\dog_0634.jpg,output/class_named_dataset/dog_0634.jpg,dog
F:\NTSE\lab02\output\class_named_dataset\dog_0635.jpg,output/class_named_dataset/dog_0635.jpg,dog
F:\NTSE\lab02\output\class_named_dataset\dog_0636.jpg,output/class_named_dataset/dog_0636.jpg,dog
F:\NTSE\lab02\output\class_named_dataset\dog_0637.jpg,output/class_named_dataset/dog_0637.jpg,dog
F:\NTSE\lab02\output\class_named_dataset\dog_0638.jpg,output/class_named_dataset/dog_0638.jpg,dog
F:\NTSE\lab02\output\class_named_dataset\dog_0639.jpg,output/class_named_dataset/dog_0639.jpg,dog
F:\NTSE\lab02\output\class_named_dataset\dog_0640.jpg,output/class_named_dataset/dog_0640.jpg,dog
F:\NTSE\lab02\output\class_named_dataset\dog_0641.jpg,output/class_named_dataset/dog_0641.jpg,dog
F:\NTSE\lab02\output\class_named_dataset\dog_0642.jpg,output/class_named_dataset/dog_0642.jpg,dog
F:\NTSE\lab02\output\class_named_dataset\dog_0643.jpg,output/class_named_dataset/dog_0643.jpg,dog
F:\NTSE\lab02\output\class_named_dataset\dog_0644.jpg,output/class_named_dataset/dog_0644.jpg,dog
F:\NTSE\lab02\output\class_named_dataset\dog_0645.jpg,output/class_named_dataset/dog_0645.jpg,dog
F:\NTSE\lab02\output\class_named_dataset\dog_0646.jpg,output/class_named_dataset/dog_0646.jpg,dog
F:\NTSE\lab02\output\class_named_dataset\dog_0647.jpg,output/class_named_dataset/dog_0647.jpg,dog
F:\NTSE\lab02\output\class_named_dataset\dog_0648.jpg,output/class_named_dataset/dog_0648.jpg,dog
F:\NTSE\lab02\output\class_named_dataset\dog_0649.jpg,output/class_named_dataset/dog_0649.jpg,dog
F:\NTSE\lab02\output\class_named_dataset\dog_0650.jpg,output/class_named_dataset/dog_0650.jpg,dog
F:\NTSE\lab02\output\class_named_dataset\dog_0651.jpg,output/class_named_dataset/dog_0651.jpg,dog
F:\NTSE\lab02\output\class_named_dataset\dog_0652.jpg,output/class_named_dataset/dog_0652.jpg,dog
F:\NTSE\lab02\output\class_named_dataset\dog_0653.jpg,output/class_named_dataset/dog_0653.jpg,dog
F:\NTSE\lab02\output\class_named_dataset\dog_0654.jpg,output/class_named_dataset/dog_0654.jpg,dog
F:\NTSE\lab02\output\class_named_dataset\dog_0655.jpg,output/class_named_dataset/dog_0655.jpg,dog
F:\NTSE\lab02\output\class_named_dataset\dog_0656.jpg,output/class_named_dataset/dog_0656.jpg,dog
F:\NTSE\lab02\output\class_named_dataset\dog_0657.jpg,output/class_named_dataset/dog_0657.jpg,dog
F:\NTSE\lab02\output\class_named_dataset\dog_0658.jpg,output/class_named_dataset/dog_0658.jpg,dog
F:\NTSE\lab02\output\class_named_dataset\dog_0659.jpg,output/class_named_dataset/dog_0659.jpg,dog
F:\NTSE\lab02\output\class_named_dataset\dog_0660.jpg,output/class_named_dataset/dog_0660.jpg,dog
F:\NTSE\lab02\output\class_named_dataset\dog_0661.jpg,output/class_named_dataset/dog_0661.jpg,dog
F:\NTSE\lab02\output\class_named_dataset\dog_0662.jpg,output/class_named_dataset/dog_0662.jpg,dog
F:\NTSE\lab02\output\class_named_dataset\dog_0663.jpg,output/class_named_dataset/dog_0663.jpg,dog
F:\NTSE\lab02\output\class_named_dataset\dog_0664.jpg,output/class_named_dataset/dog_0664.jpg,dog
F:\NTSE\lab02\output\class_named_dataset\dog_0665.jpg,output/class_named_dataset/dog_0665.jpg,dog
F:\NTSE\lab02\output\class_named_dataset\dog_0666.jpg,output/class_named_dataset/dog_0666.jpg,dog
F:\NTSE\lab02\output\class_named_dataset\dog_0667.jpg,output/class_named_dataset/dog_0667.jpg,dog
F:\NTSE\lab02\output\class_named_dataset\dog_0668.jpg,output/class_named_dataset/dog_0668.jpg,dog
F:\NTSE\lab02\output\class_named_dataset\dog_0669.jpg,output/class_named_dataset/dog_0669.jpg,dog
F:\NTSE\lab02\output\class_named_dataset\dog_0670.jpg,output/class_named_dataset/dog_0670.jpg,dog
F:\NTSE\lab02\output\class_named_dataset\dog_0671.jpg,output/class_named_dataset/dog_0671.jpg,dog
F:\NTSE\lab02\output\class_named_dataset\dog_0672.jpg,output/class_named_dataset/dog_0672.jpg,dog
F:\NTSE\lab02\output\class_named_dataset\dog_0673.jpg,output/class_named_dataset/dog_0673.jpg,dog
F:\NTSE\lab02\output\class_named_dataset\dog_0674.jpg,output/class_named_dataset/dog_0674.jpg,dog
F:\NTSE\lab02\output\class_named_dataset\dog_0675.jpg,output/class_named_dataset/dog_0675.jpg,dog
F:\NTSE\lab02\output\class_named_dataset\dog_0676.jpg,output/class_named_dataset/dog_0676.jpg,dog
F:\NTSE\lab02\output\class_named_dataset\dog_0677.jpg,output/class_named_dataset/dog_0677.jpg,dog
F:\NTSE\lab02\output\class_named_dataset\dog_0678.jpg,output/class_named_dataset/dog_0678.jpg,dog
F:\NTSE\lab02\output\class_named_dataset\dog_0679.jpg,output/class_named_dataset/dog_0679.jpg,dog
F:\NTSE\lab02\output\class_named_dataset\dog_0680.jpg,output/class_named_dataset/dog_0680.jpg,dog
F:\NTSE\lab02\output\class_named_dataset\dog_0681.jpg,output/class_named_dataset/dog_0681.jpg,dog
F:\NTSE\lab02\output\class_named_dataset\dog_0682.jpg,output/class_named_dataset/dog_0682.jpg,dog
F:\NTSE\lab02\output\class_named_dataset\dog_0683.jpg,output/class_named_dataset/dog_0683.jpg,dog
F:\NTSE\lab02\output\class_named_dataset\dog_0684.jpg,output/class_named_dataset/dog_0684.jpg,dog
F:\NTSE\lab02\output\class_named_dataset\dog_0685.jpg,output/class_named_dataset/dog_0685.jpg,dog
F:\NTSE\lab02\output\class_named_dataset\dog_0686.jpg,output/class_named_dataset/dog_0686.jpg,dog
F:\NTSE\lab02\output\class_named_dataset\dog_0687.jpg,output/class_named_dataset/dog_0687.jpg,dog
F:\NTSE\lab02\output\class_named_dataset\dog_0688.jpg,output/class_named_dataset/dog_0688.jpg,dog
F:\NTSE\lab02\output\class_named_dataset\dog_0689.jpg,output/class_named_dataset/dog_0689.jpg,dog
F:\NTSE\lab02\output\class_named_dataset\dog_0690.jpg,output/class_named_dataset/dog_0690.jpg,dog
F:\NTSE\lab02\output\class_named_dataset\dog_0691.jpg,output/class_named_dataset/dog_0691.jpg,dog
F:\NTSE\lab02\output\class_named_dataset\dog_0692.jpg,output/class_named_dataset/dog_0692.jpg,dog
F:\NTSE\lab02\output\class_named_dataset\dog_0693.jpg,output/class_named_dataset/dog_0693.jpg,dog
F:\NTSE\lab02\output\class_named_dataset\dog_0694.jpg,output/class_named_dataset/dog_0694.jpg,dog
F:\NTSE\lab02\output\class_named_dataset\dog_0695.jpg,output/class_named_dataset/dog_0695.jpg,dog
F:\NTSE\lab02\output\class_named_dataset\dog_0696.jpg,output/class_named_dataset/dog_0696.jpg,dog
F:\NTSE\lab02\output\class_named_dataset\dog_0697.jpg,output/class_named_dataset/dog_0697.jpg,dog
F:\NTSE\lab02\output\class_named_dataset\dog_0698.jpg,output/class_named_dataset/dog_0698.jpg,dog
F:\NTSE\lab02\output\class_named_dataset\dog_0699.jpg,output/class_named_dataset/dog_0699.jpg,dog
F:\NTSE\lab02\output\class_named_dataset\dog_0700.jpg,output/class_named_dataset/dog_0700.jpg,dog
F:\NTSE\lab02\output\class_named_dataset\dog_0701.jpg,output/class_named_dataset/dog_0701.jpg,dog
F:\NTSE\lab02\output\class_named_dataset\dog_0702.jpg,output/class_named_dataset/dog_0702.jpg,dog
F:\NTSE\lab02\output\class_named_dataset\dog_0703.jpg,output/class_named_dataset/dog_0703.jpg,dog
F:\NTSE\lab02\output\class_named_dataset\dog_0704.jpg,output/class_named_dataset/dog_0704.jpg,dog
F:\NTSE\lab02\output\class_named_dataset\dog_0705.jpg,output/class_named_dataset/dog_0705.jpg,dog
F:\NTSE\lab02\output\class_named_dataset\dog_0706.jpg,output/class_named_dataset/dog_0706.jpg,dog
F:\NTSE\lab02\output\class_named_dataset\dog_0707.jpg,output/class_named_dataset/dog_0707.jpg,dog
F:\NTSE\lab02\output\class_named_dataset\dog_0708.jpg,output/class_named_dataset/dog_0708.jpg,dog
F:\NTSE\lab02\output\class_named_dataset\dog_0709.jpg,output/class_named_dataset/dog_0709.jpg,dog
F:\NTSE\lab02\output\class_named_dataset\dog_0710.jpg,output/class_named_dataset/dog_0710.jpg,dog
F:\NTSE\lab02\output\class_named_dataset\dog_0711.jpg,output/class_named_dataset/dog_0711.jpg,dog
F:\NTSE\lab02\output\class_named_dataset\dog_0712.jpg,output/class_named_dataset/dog_0712.jpg,dog
F:\NTSE\lab02\output\class_named_dataset\dog_0713.jpg,output/class_named_dataset/dog_0713.jpg,dog
F:\NTSE\lab02\output\class_named_dataset\dog_0714.jpg,output/class_named_dataset/dog_0714.jpg,dog
F:\NTSE\lab02\output\class_named_dataset\dog_0715.jpg,output/class_named_dataset/dog_0715.jpg,dog
F:\NTSE\lab02\output\class_named_dataset\dog_0716.jpg,output/class_named_dataset/dog_0716.jpg,dog
F:\NTSE\lab02\output\class_named_dataset\dog_0717.jpg,output/class_named_dataset/dog_0717.jpg,dog
F:\NTSE\lab02\output\class_named_dataset\dog_0718.jpg,output/class_named_dataset/dog_0718.jpg,dog
F:\NTSE\lab02\output\class_named_dataset\dog_0719.jpg,output/class_named_dataset/dog_0719.jpg,dog
F:\NTSE\lab02\output\class_named_dataset\dog_0720.jpg,output/class_named_dataset/dog_0720.jpg,dog
F:\NTSE\lab02\output\class_named_dataset\dog_0721.jpg,output/class_named_dataset/dog_0721.jpg,dog
F:\NTSE\lab02\output\class_named_dataset\dog_0722.jpg,output/class_named_dataset/dog_0722.jpg,dog
F:\NTSE\lab02\output\class_named_dataset\dog_0723.jpg,output/class_named_dataset/dog_0723.jpg,dog
F:\NTSE\lab02\output\class_named_dataset\dog_0724.jpg,output/class_named_dataset/dog_0724.jpg,dog
F:\NTSE\lab02\output\class_named_dataset\dog_0725.jpg,output/class_named_dataset/dog_0725.jpg,dog
F:\NTSE\lab02\output\class_named_dataset\dog_0726.jpg,output/class_named_dataset/dog_0726.jpg,dog
F:\NTSE\lab02\output\class_named_dataset\dog_0727.jpg,output/class_named_dataset/dog_0727.jpg,dog
F:\NTSE\lab02\output\class_named_dataset\dog_0728.jpg,output/class_named_dataset/dog_0728.jpg,dog
F:\NTSE\lab02\output\class_named_dataset\dog_0729.jpg,output/class_named_dataset/dog_0729.jpg,dog
F:\NTSE\lab02\output\class_named_dataset\dog_0730.jpg,output/class_named_dataset/dog_0730.jpg,dog
F:\NTSE\lab02\output\class_named_dataset\dog_0731.jpg,output/class_named_dataset/dog_0731.jpg,dog
F:\NTSE\lab02\output\class_named_dataset\dog_0732.jpg,output/class_named_dataset/dog_0732.jpg,dog
F:\NTSE\lab02\output\class_named_dataset\dog_0733.jpg,output/class_named_dataset/dog_0733.jpg,dog
F:\NTSE\lab02\output\class_named_dataset\dog_0734.jpg,output/class_named_dataset/dog_0734.jpg,dog
F:\NTSE\lab02\output\class_named_dataset\dog_0735.jpg,output/class_named_dataset/dog_0735.jpg,dog
F:\NTSE\lab02\output\class_named_dataset\dog_0736.jpg,output/class_named_dataset/dog_0736.jpg,dog
F:\NTSE\lab02\output\class_named_dataset\dog_0737.jpg,output/class_named_dataset/dog_0737.jpg,dog
F:\NTSE\lab02\output\class_named_dataset\dog_0738.jpg,output/class_named_dataset/dog_0738.jpg,dog
F:\NTSE\lab02\output\class_named_dataset\dog_0739.jpg,output/class_named_dataset/dog_0739.jpg,dog
F:\NTSE\lab02\output\class_named_dataset\dog_0740.jpg,output/class_named_dataset/dog_0740.jpg,dog
F:\NTSE\lab02\output\class_named_dataset\dog_0741.jpg,output/class_named_dataset/dog_0741.jpg,dog
F:\NTSE\lab02\output\class_named_dataset\dog_0742.jpg,output/class_named_dataset/dog_0742.jpg,dog
F:\NTSE\lab02\output\class_named_dataset\dog_0743.jpg,output/class_named_dataset/dog_0743.jpg,dog
F:\NTSE\lab02\output\class_named_dataset\dog_0744.jpg,output/class_named_dataset/dog_0744.jpg,dog
F:\NTSE\lab02\output\class_named_dataset\dog_0745.jpg,output/class_named_dataset/dog_0745.jpg,dog
F:\NTSE\lab02\output\class_named_dataset\dog_0746.jpg,output/class_named_dataset/dog_0746.jpg,dog
F:\NTSE\lab02\output\class_named_dataset\dog_0747.jpg,output/class_named_dataset/dog_0747.jpg,dog
F:\NTSE\lab02\output\class_named_dataset\dog_0748.jpg,output/class_named_dataset/dog_0748.jpg,dog
F:\NTSE\lab02\output\class_named_dataset\dog_0749.jpg,output/class_named_dataset/dog_0749.jpg,dog
F:\NTSE\lab02\output\class_named_dataset\dog_0750.jpg,output/class_named_dataset/dog_0750.jpg,dog
F:\NTSE\lab02\output\class_named_dataset\dog_0751.jpg,output/class_named_dataset/dog_0751.jpg,dog
F:\NTSE\lab02\output\class_named_dataset\dog_0752.jpg,output/class_named_dataset/dog_0752.jpg,dog
F:\NTSE\lab02\output\class_named_dataset\dog_0753.jpg,output/class_named_dataset/dog_0753.jpg,dog
F:\NTSE\lab02\output\class_named_dataset\dog_0754.jpg,output/class_named_dataset/dog_0754.jpg,dog
F:\NTSE\lab02\output\class_named_dataset\dog_0755.jpg,output/class_named_dataset/dog_0755.jpg,dog
F:\NTSE\lab02\output\class_named_dataset\dog_0756.jpg,output/class_named_dataset/dog_0756.jpg,dog
F:\NTSE\lab02\output\class_named_dataset\dog_0757.jpg,output/class_named_dataset/dog_0757.jpg,dog
F:\NTSE\lab02\output\class_named_dataset\dog_0758.jpg,output/class_named_dataset/dog_0758.jpg,dog
F:\NTSE\lab02\output\class_named_dataset\dog_0759.jpg,output/class_named_dataset/dog_0759.jpg,dog
F:\NTSE\lab02\output\class_named_dataset\dog_0760.jpg,output/class_named_dataset/dog_0760.jpg,dog
F:\NTSE\lab02\output\class_named_dataset\dog_0761.jpg,output/class_named_dataset/dog_0761.jpg,dog
F:\NTSE\lab02\output\class_named_dataset\dog_0762.jpg,output/class_named_dataset/dog_0762.jpg,dog
F:\NTSE\lab02\output\class_named_dataset\dog_0763.jpg,output/class_named_dataset/dog_0763.jpg,dog
F:\NTSE\lab02\output\class_named_dataset\dog_0764.jpg,output/class_named_dataset/dog_0764.jpg,dog
F:\NTSE\lab02\output\class_named_dataset\dog_0765.jpg,output/class_named_dataset/dog_0765.jpg,dog
F:\NTSE\lab02\output\class_named_dataset\dog_0766.jpg,output/class_named_dataset/dog_0766.jpg,dog
F:\NTSE\lab02\output\class_named_dataset\dog_0767.jpg,output/class_named_dataset/dog_0767.jpg,dog
F:\NTSE\lab02\output\class_named_dataset\dog_0768.jpg,output/class_named_dataset/dog_0768.jpg,dog
F:\NTSE\lab02\output\class_named_dataset\dog_0769.jpg,output/class_named_dataset/dog_0769.jpg,dog
F:\NTSE\lab02\output\class_named_dataset\dog_0770.jpg,output/class_named_dataset/dog_0770.jpg,dog
F:\NTSE\lab02\output\class_named_dataset\dog_0771.jpg,output/class_named_dataset/dog_0771.jpg,dog
F:\NTSE\lab02\output\class_named_dataset\dog_0772.jpg,output/class_named_dataset/dog_0772.jpg,dog
F:\NTSE\lab02\output\class_named_dataset\dog_0773.jpg,output/class_named_dataset/dog_0773.jpg,dog
F:\NTSE\lab02\output\class_named_dataset\dog_0774.jpg,output/class_named_dataset/dog_0774.jpg,dog
F:\NTSE\lab02\output\class_named_dataset\dog_0775.jpg,output/class_named_dataset/dog_0775.jpg,dog
F:\NTSE\lab02\output\class_named_dataset\dog_0776.jpg,output/class_named_dataset/dog_0776.jpg,dog
F:\NTSE\lab02\output\class_named_dataset\dog_0777.jpg,output/class_named_dataset/dog_0777.jpg,dog
F:\NTSE\lab02\output\class_named_dataset\dog_0778.jpg,output/class_named_dataset/dog_0778.jpg,dog
F:\NTSE\lab02\output\class_named_dataset\dog_0779.jpg,output/class_named_dataset/dog_0779.jpg,dog
F:\NTSE\lab02\output\class_named_dataset\dog_0780.jpg,output/class_named_dataset/dog_0780.jpg,dog
F:\NTSE\lab02\output\class_named_dataset\dog_0781.jpg,output/class_named_dataset/dog_0781.jpg,dog
F:\NTSE\lab02\output\class_named_dataset\dog_0782.jpg,output/class_named_dataset/dog_0782.jpg,dog
F:\NTSE\lab02\output\class_named_dataset\dog_0783.jpg,output/class_named_dataset/dog_0783.jpg,dog
F:\NTSE\lab02\output\class_named_dataset\dog_0784.jpg,output/class_named_dataset/dog_0784.jpg,dog
F:\NTSE\lab02\output\class_named_dataset\dog_0785.jpg,output/class_named_dataset/dog_0785.jpg,dog
F:\NTSE\lab02\output\class_named_dataset\dog_0786.jpg,output/class_named_dataset/dog_0786.jpg,dog
F:\NTSE\lab02\output\class_named_dataset\dog_0787.jpg,output/class_named_dataset/dog_0787.jpg,dog
F:\NTSE\lab02\output\class_named_dataset\dog_0788.jpg,output/class_named_dataset/dog_0788.jpg,dog
F:\NTSE\lab02\output\class_named_dataset\dog_0789.jpg,output/class_named_dataset/dog_0789.jpg,dog
F:\NTSE\lab02\output\class_named_dataset\dog_0790.jpg,output/class_named_dataset/dog_0790.jpg,dog
F:\NTSE\lab02\output\class_named_dataset\dog_0791.jpg,output/class_named_dataset/dog_0791.jpg,dog
F:\NTSE\lab02\output\class_named_dataset\dog_0792.jpg,output/class_named_dataset/dog_0792.jpg,dog
F:\NTSE\lab02\output\class_named_dataset\dog_0793.jpg,output/class_named_dataset/dog_0793.jpg,dog
F:\NTSE\lab02\output\class_named_dataset\dog_0794.jpg,output/class_named_dataset/dog_0794.jpg,dog
F:\NTSE\lab02\output\class_named_dataset\dog_0795.jpg,output/class_named_dataset/dog_0795.jpg,dog
F:\NTSE\lab02\output\class_named_dataset\dog_0796.jpg,output/class_named_dataset/dog_0796.jpg,dog
F:\NTSE\lab02\output\class_named_dataset\dog_0797.jpg,output/class_named_dataset/dog_0797.jpg,dog
F:\NTSE\lab02\output\class_named_dataset\dog_0798.jpg,output/class_named_dataset/dog_0798.jpg,dog
F:\NTSE\lab02\output\class_named_dataset\dog_0799.jpg,output/class_named_dataset/dog_0799.jpg,dog
F:\NTSE\lab02\output\class_named_dataset\dog_0800.jpg,output/class_named_dataset/dog_0800.jpg,dog
F:\NTSE\lab02\output\class_named_dataset\dog_0801.jpg,output/class_named_dataset/dog_0801.jpg,dog
F:\NTSE\lab02\output\class_named_dataset\dog_0802.jpg,output/class_named_dataset/dog_0802.jpg,dog
F:\NTSE\lab02\output\class_named_dataset\dog_0803.jpg,output/class_named_dataset/dog_0803.jpg,dog
F:\NTSE\lab02\output\class_named_dataset\dog_0804.jpg,output/class_named_dataset/dog_0804.jpg,dog
F:\NTSE\lab02\output\class_named_dataset\dog_0805.jpg,output/class_named_dataset/dog_0805.jpg,dog
F:\NTSE\lab02\output\class_named_dataset\dog_0806.jpg,output/class_named_dataset/dog_0806.jpg,dog
F:\NTSE\lab02\output\class_named_dataset\dog_0807.jpg,output/class_named_dataset/dog_0807.jpg,dog
F:\NTSE\lab02\output\class_named_dataset\dog_0808.jpg,output/class_named_dataset/dog_0808.jpg,dog
F:\NTSE\lab02\output\class_named_dataset\dog_0809.jpg,output/class_named_dataset/dog_0809.jpg,dog
F:\NTSE\lab02\output\class_named_dataset\dog_0810.jpg,output/class_named_dataset/dog_0810.jpg,dog
F:\NTSE\lab02\output\class_named_dataset\dog_0811.jpg,output/class_named_dataset/dog_0811.jpg,dog
F:\NTSE\lab02\output\class_named_dataset\dog_0812.jpg,output/class_named_dataset/dog_0812.jpg,dog
F:\NTSE\lab02\output\class_named_dataset\dog_0813.jpg,output/class_named_dataset/dog_0813.jpg,dog
F:\NTSE\lab02\output\class_named_dataset\dog_0814.jpg,output/class_named_dataset/dog_0814.jpg,dog
F:\NTSE\lab02\output\class_named_dataset\dog_0815.jpg,output/class_named_dataset/dog_0815.jpg,dog
F:\NTSE\lab02\output\class_named_dataset\dog_0816.jpg,output/class_named_dataset/dog_0816.jpg,dog
F:\NTSE\lab02\output\class_named_dataset\dog_0817.jpg,output/class_named_dataset/dog_0817.jpg,dog
F:\NTSE\lab02\output\class_named_dataset\dog_0818.jpg,output/class_named_dataset/dog_0818.jpg,dog
F:\NTSE\lab02\output\class_named_dataset\dog_0819.jpg,output/class_named_dataset/dog_0819.jpg,dog
F:\NTSE\lab02\output\class_named_dataset\dog_0820.jpg,output/class_named_dataset/dog_0820.jpg,dog
F:\NTSE\lab02\output\class_named_dataset\dog_0821.jpg,output/class_named_dataset/dog_0821.jpg,dog
F:\NTSE\lab02\output\class_named_dataset\dog_0822.jpg,output/class_named_dataset/dog_0822.jpg,dog
F:\NTSE\lab02\output\class_named_dataset\dog_0823.jpg,output/class_named_dataset/dog_0823.jpg,dog
F:\NTSE\lab02\output\class_named_dataset\dog_0824.jpg,output/class_named_dataset/dog_0824.jpg,dog
F:\NTSE\lab02\output\class_named_dataset\dog_0825.jpg,output/class_named_dataset/dog_0825.jpg,dog
F:\NTSE\lab02\output\class_named_dataset\dog_0826.jpg,output/class_named_dataset/dog_0826.jpg,dog
F:\NTSE\lab02\output\class_named_dataset\dog_0827.jpg,output/class_named_dataset/dog_0827.jpg,dog
F:\NTSE\lab02\output\class_named_dataset\dog_0828.jpg,output/class_named_dataset/dog_0828.jpg,dog
F:\NTSE\lab02\output\class_named_dataset\dog_0829.jpg,output/class_named_dataset/dog_0829.jpg,dog
F:\NTSE\lab02\output\class_named_dataset\dog_0830.jpg,output/class_named_dataset/dog_0830.jpg,dog
F:\NTSE\lab02\output\class_named_dataset\dog_0831.jpg,output/class_named_dataset/dog_0831.jpg,dog
F:\NTSE\lab02\output\class_named_dataset\dog_0832.jpg,output/class_named_dataset/dog_0832.jpg,dog
F:\NTSE\lab02\output\class_named_dataset\dog_0833.jpg,output/class_named_dataset/dog_0833.jpg,dog
F:\NTSE\lab02\output\class_named_dataset\dog_0834.jpg,output/class_named_dataset/dog_0834.jpg,dog
F:\NTSE\lab02\output\class_named_dataset\dog_0835.jpg,output/class_named_dataset/dog_0835.jpg,dog
F:\NTSE\lab02\output\class_named_dataset\dog_0836.jpg,output/class_named_dataset/dog_0836.jpg,dog
F:\NTSE\lab02\output\class_named_dataset\dog_0837.jpg,output/class_named_dataset/dog_0837.jpg,dog
F:\NTSE\lab02\output\class_named_dataset\dog_0838.jpg,output/class_named_dataset/dog_0838.jpg,dog
F:\NTSE\lab02\output\class_named_dataset\dog_0839.jpg,output/class_named_dataset/dog_0839.jpg,dog
F:\NTSE\lab02\output\class_named_dataset\dog_0840.jpg,output/class_named_dataset/dog_0840.jpg,dog
F:\NTSE\lab02\output\class_named_dataset\dog_0841.jpg,output/class_named_dataset/dog_0841.jpg,dog
F:\NTSE\lab02\output\class_named_dataset\dog_0842.jpg,output/class_named_dataset/dog_0842.jpg,dog
F:\NTSE\lab02\output\class_named_dataset\dog_0843.jpg,output/class_named_dataset/dog_0843.jpg,dog
F:\NTSE\lab02\output\class_named_dataset\dog_0844.jpg,output/class_named_dataset/dog_0844.jpg,dog
F:\NTSE\lab02\output\class_named_dataset\dog_0845.jpg,output/class_named_dataset/dog_0845.jpg,dog
F:\NTSE\lab02\output\class_named_dataset\dog_0846.jpg,output/class_named_dataset/dog_0846.jpg,dog
F:\NTSE\lab02\output\class_named_dataset\dog_0847.jpg,output/class_named_dataset/dog_0847.jpg,dog
F:\NTSE\lab02\output\class_named_dataset\dog_0848.jpg,output/class_named_dataset/dog_0848.jpg,dog
F:\NTSE\lab02\output\class_named_dataset\dog_0849.jpg,output/class_named_dataset/dog_0849.jpg,dog
F:\NTSE\lab02\output\class_named_dataset\dog_0850.jpg,output/class_named_dataset/dog_0850.jpg,dog
F:\NTSE\lab02\output\class_named_dataset\dog_0851.jpg,output/class_named_dataset/dog_0851.jpg,dog
F:\NTSE\lab02\output\class_named_dataset\dog_0852.jpg,output/class_named_dataset/dog_0852.jpg,dog
F:\NTSE\lab02\output\class_named_dataset\dog_0853.jpg,output/class_named_dataset/dog_0853.jpg,dog
F:\NTSE\lab02\output\class_named_dataset\dog_0854.jpg,output/class_named_dataset/dog_0854.jpg,dog
F:\NTSE\lab02\output\class_named_dataset\dog_0855.jpg,output/class_named_dataset/dog_0855.jpg,dog
F:\NTSE\lab02\output\class_named_dataset\dog_0856.jpg,output/class_named_dataset/dog_0856.jpg,dog
F:\NTSE\lab02\output\class_named_dataset\dog_0857.jpg,output/class_named_dataset/dog_0857.jpg,dog
F:\NTSE\lab02\output\class_named_dataset\dog_0858.jpg,output/class_named_dataset/dog_0858.jpg,dog
F:\NTSE\lab02\output\class_named_dataset\dog_0859.jpg,output/class_named_dataset/dog_0859.jpg,dog
F:\NTSE\lab02\output\class_named_dataset\dog_0860.jpg,output/class_named_dataset/dog_0860.jpg,dog
F:\NTSE\lab02\output\class_named_dataset\dog_0861.jpg,output/class_named_dataset/dog_0861.jpg,dog
F:\NTSE\lab02\output\class_named_dataset\dog_0862.jpg,output/class_named_dataset/dog_0862.jpg,dog
F:\NTSE\lab02\output\class_named_dataset\dog_0863.jpg,output/class_named_dataset/dog_0863.jpg,dog
F:\NTSE\lab02\output\class_named_dataset\dog_0864.jpg,output/class_named_dataset/dog_0864.jpg,dog
F:\NTSE\lab02\output\class_named_dataset\dog_0865.jpg,output/class_named_dataset/dog_0865.jpg,dog
F:\NTSE\lab02\output\class_named_dataset\dog_0866.jpg,output/class_named_dataset/dog_0866.jpg,dog
F:\NTSE\lab02\output\class_named_dataset\dog_0867.jpg,output/class_named_dataset/dog_0867.jpg,dog
F:\NTSE\lab02\output\class_named_dataset\dog_0868.jpg,output/class_named_dataset/dog_0868.jpg,dog
F:\NTSE\lab02\output\class_named_dataset\dog_0869.jpg,output/class_named_dataset/dog_0869.jpg,dog
F:\NTSE\lab02\output\class_named_dataset\dog_0870.jpg,output/class_named_dataset/dog_0870.jpg,dog
F:\NTSE\lab02\output\class_named_dataset\dog_0871.jpg,output/class_named_dataset/dog_0871.jpg,dog
F:\NTSE\lab02\output\class_named_dataset\dog_0872.jpg,output/class_named_dataset/dog_0872.jpg,dog
F:\NTSE\lab02\output\class_named_dataset\dog_0873.jpg,output/class_named_dataset/dog_0873.jpg,dog
F:\NTSE\lab02\output\class_named_dataset\dog_0874.jpg,output/class_named_dataset/dog_0874.jpg,dog
F:\NTSE\lab02\output\class_named_dataset\dog_0875.jpg,output/class_named_dataset/dog_0875.jpg,dog
F:\NTSE\lab02\output\class_named_dataset\dog_0876.jpg,output/class_named_dataset/dog_0876.jpg,dog
F:\NTSE\lab02\output\class_named_dataset\dog_0877.jpg,output/class_named_dataset/dog_0877.jpg,dog
F:\NTSE\lab02\output\class_named_dataset\dog_0878.jpg,output/class_named_dataset/dog_0878.jpg,dog
F:\NTSE\lab02\output\class_named_dataset\dog_0879.jpg,output/class_named_dataset/dog_0879.jpg,dog
F:\NTSE\lab02\output\class_named_dataset\dog_0880.jpg,output/class_named_dataset/dog_0880.jpg,dog
F:\NTSE\lab02\output\class_named_dataset\dog_0881.jpg,output/class_named_dataset/dog_0881.jpg,dog
F:\NTSE\lab02\output\class_named_dataset\dog_0882.jpg,output/class_named_dataset/dog_0882.jpg,dog
F:\NTSE\lab02\output\class_named_dataset\dog_0883.jpg,output/class_named_dataset/dog_0883.jpg,dog
F:\NTSE\lab02\output\class_named_dataset\dog_0884.jpg,output/class_named_dataset/dog_0884.jpg,dog
F:\NTSE\lab02\output\class_named_dataset\dog_0885.jpg,output/class_named_dataset/dog_0885.jpg,dog
F:\NTSE\lab02\output\class_named_dataset\dog_0886.jpg,output/class_named_dataset/dog_0886.jpg,dog
F:\NTSE\lab02\output\class_named_dataset\dog_0887.jpg,output/class_named_dataset/dog_0887.jpg,dog
F:\NTSE\lab02\output\class_named_dataset\dog_0888.jpg,output/class_named_dataset/dog_0888.jpg,dog
F:\NTSE\lab02\output\class_named_dataset\dog_0889.jpg,output/class_named_dataset/dog_0889.jpg,dog
F:\NTSE\lab02\output\class_named_dataset\dog_0890.jpg,output/class_named_dataset/dog_0890.jpg,dog
F:\NTSE\lab02\output\class_named_dataset\dog_0891.jpg,output/class_named_dataset/dog_0891.jpg,dog
F:\NTSE\lab02\output\class_named_dataset\dog_0892.jpg,output/class_named_dataset/dog_0892.jpg,dog
F:\NTSE\lab02\output\class_named_dataset\dog_0893.jpg,output/class_named_dataset/dog_0893.jpg,dog
F:\NTSE\lab02\output\class_named_dataset\dog_0894.jpg,output/class_named_dataset/dog_0894.jpg,dog
F:\NTSE\lab02\output\class_named_dataset\dog_0895.jpg,output/class_named_dataset/dog_0895.jpg,dog
F:\NTSE\lab02\output\class_named_dataset\dog_0896.jpg,output/class_named_dataset/dog_0896.jpg,dog
F:\NTSE\lab02\output\class_named_dataset\dog_0897.jpg,output/class_named_dataset/dog_0897.jpg,dog
F:\NTSE\lab02\output\class_named_dataset\dog_0898.jpg,output/class_named_dataset/dog_0898.jpg,dog
F:\NTSE\lab02\output\class_named_dataset\dog_0899.jpg,output/class_named_dataset/dog_0899.jpg,dog
F:\NTSE\lab02\output\class_named_dataset\dog_0900.jpg,output/class_named_dataset/dog_0900.jpg,dog
F:\NTSE\lab02\output\class_named_dataset\dog_0901.jpg,output/class_named_dataset/dog_0901.jpg,dog
F:\NTSE\lab02\output\class_named_dataset\dog_0902.jpg,output/class_named_dataset/dog_0902.jpg,dog
F:\NTSE\lab02\output\class_named_dataset\dog_0903.jpg,output/class_named_dataset/dog_0903.jpg,dog
F:\NTSE\lab02\output\class_named_dataset\dog_0904.jpg,output/class_named_dataset/dog_0904.jpg,dog
F:\NTSE\lab02\output\class_named_dataset\dog_0905.jpg,output/class_named_dataset/dog_0905.jpg,dog
F:\NTSE\lab02\output\class_named_dataset\dog_0906.jpg,output/class_named_dataset/dog_0906.jpg,dog
F:\NTSE\lab02\output\class_named_dataset\dog_0907.jpg,output/class_named_dataset/dog_0907.jpg,dog
F:\NTSE\lab02\output\class_named_dataset\dog_0908.jpg,output/class_named_dataset/dog_0908.jpg,dog
F:\NTSE\lab02\output\class_named_dataset\dog_0909.jpg,output/class_named_dataset/dog_0909.jpg,dog
F:\NTSE\lab02\output\class_named_dataset\dog_0910.jpg,output/class_named_dataset/dog_0910.jpg,dog
F:\NTSE\lab02\output\class_named_dataset\dog_0911.jpg,output/class_named_dataset/dog_0911.jpg,dog
F:\NTSE\lab02\output\class_named_dataset\dog_0912.jpg,output/class_named_dataset/dog_0912.jpg,dog
F:\NTSE\lab02\output\class_named_dataset\dog_0913.jpg,output/class_named_dataset/dog_0913.jpg,dog
F:\NTSE\lab02\output\class_named_dataset\dog_0914.jpg,output/class_named_dataset/dog_0914.jpg,dog
F:\NTSE\lab02\output\class_named_dataset\dog_0915.jpg,output/class_named_dataset/dog_0915.jpg,dog
F:\NTSE\lab02\output\class_named_dataset\dog_0916.jpg,output/class_named_dataset/dog_0916.jpg,dog
F:\NTSE\lab02\output\class_named_dataset\dog_0917.jpg,output/class_named_dataset/dog_0917.jpg,dog
F:\NTSE\lab02\output\class_named_dataset\dog_0918.jpg,output/class_named_dataset/dog_0918.jpg,dog
F:\NTSE\lab02\output\class_named_dataset\dog_0919.jpg,output/class_named_dataset/dog_0919.jpg,dog
F:\NTSE\lab02\output\class_named_dataset\dog_0920.jpg,output/class_named_dataset/dog_0920.jpg,dog
F:\NTSE\lab02\output\class_named_dataset\dog_0921.jpg,output/class_named_dataset/dog_0921.jpg,dog
F:\NTSE\lab02\output\class_named_dataset\dog_0922.jpg,output/class_named_dataset/dog_0922.jpg,dog
F:\NTSE\lab02\output\class_named_dataset\dog_0923.jpg,output/class_named_dataset/dog_0923.jpg,dog
F:\NTSE\lab02\output\class_named_dataset\dog_0924.jpg,output/class_named_dataset/dog_0924.jpg,dog
F:\NTSE\lab02\output\class_named_dataset\dog_0925.jpg,output/class_named_dataset/dog_0925.jpg,dog
F:\NTSE\lab02\output\class_named_dataset\dog_0926.jpg,output/class_named_dataset/dog_0926.jpg,dog
F:\NTSE\lab02\output\class_named_dataset\dog_0927.jpg,output/class_named_dataset/dog_0927.jpg,dog
F:\NTSE\lab02\output\class_named_dataset\dog_0928.jpg,output/class_named_dataset/dog_0928.jpg,dog
F:\NTSE\lab02\output\class_named_dataset\dog_0929.jpg,output/class_named_dataset/dog_0929.jpg,dog
F:\NTSE\lab02\output\class_named_dataset\dog_0930.jpg,output/class_named_dataset/dog_0930.jpg,dog
F:\NTSE\lab02\output\class_named_dataset\dog_0931.jpg,output/class_named_dataset/dog_0931.jpg,dog
F:\NTSE\lab02\output\class_named_dataset\dog_0932.jpg,output/class_named_dataset/dog_0932.jpg,dog
F:\NTSE\lab02\output\class_named_dataset\dog_0933.jpg,output/class_named_dataset/dog_0933.jpg,dog
F:\NTSE\lab02\output\class_named_dataset\dog_0934.jpg,output/class_named_dataset/dog_0934.jpg,dog
F:\NTSE\lab02\output\class_named_dataset\dog_0935.jpg,output/class_named_dataset/dog_0935.jpg,dog
F:\NTSE\lab02\output\class_named_dataset\dog_0936.jpg,output/class_named_dataset/dog_0936.jpg,dog
F:\NTSE\lab02\output\class_named_dataset\dog_0937.jpg,output/class_named_dataset/dog_0937.jpg,dog
F:\NTSE\lab02\output\class_named_dataset\dog_0938.jpg,output/class_named_dataset/dog_0938.jpg,dog
F:\NTSE\lab02\output\class_named_dataset\dog_0939.jpg,output/class_named_dataset/dog_0939.jpg,dog
F:\NTSE\lab02\output\class_named_dataset\dog_0940.jpg,output/class_named_dataset/dog_0940.jpg,dog
F:\NTSE\lab02\output\class_named_dataset\dog_0941.jpg,output/class_named_dataset/dog_0941.jpg,dog
F:\NTSE\lab02\output\class_named_dataset\dog_0942.jpg,output/class_named_dataset/dog_0942.jpg,dog
F:\NTSE\lab02\output\class_named_dataset\dog_0943.jpg,output/class_named_dataset/dog_0943.jpg,dog
F:\NTSE\lab02\output\class_named_dataset\dog_0944.jpg,output/class_named_dataset/dog_0944.jpg,dog
F:\NTSE\lab02\output\class_named_dataset\dog_0945.jpg,output/class_named_dataset/dog_0945.jpg,dog
F:\NTSE\lab02\output\class_named_dataset\dog_0946.jpg,output/class_named_dataset/dog_0946.jpg,dog
F:\NTSE\lab02\output\class_named_dataset\dog_0947.jpg,output/class_named_dataset/dog_0947.jpg,dog
F:\NTSE\lab02\output\class_named_dataset\dog_0948.jpg,output/class_named_dataset/dog_0948.jpg,dog
F:\NTSE\lab02\output\class_named_dataset\dog_0949.jpg,output/class_named_dataset/dog_0949.jpg,dog
F:\NTSE\lab02\output\class_named_dataset\dog_0950.jpg,output/class_named_dataset/dog_0950.jpg,dog
F:\NTSE\lab02\output\class_named_dataset\dog_0951.jpg,output/class_named_dataset/dog_0951.jpg,dog
F:\NTSE\lab02\output\class_named_dataset\dog_0952.jpg,output/class_named_dataset/dog_0952.jpg,dog
F:\NTSE\lab02\output\class_named_dataset\dog_0953.jpg,output/class_named_dataset/dog_0953.jpg,dog
F:\NTSE\lab02\output\class_named_dataset\dog_0954.jpg,output/class_named_dataset/dog_0954.jpg,dog
F:\NTSE\lab02\output\class_named_dataset\dog_0955.jpg,output/class_named_dataset/dog_0955.jpg,dog
F:\NTSE\lab02\output\class_named_dataset\dog_0956.jpg,output/class_named_dataset/dog_0956.jpg,dog
F:\NTSE\lab02\output\class_named_dataset\dog_0957.jpg,output/class_named_dataset/dog_0957.jpg,dog
F:\NTSE\lab02\output\class_named_dataset\dog_0958.jpg,output/class_named_dataset/dog_0958.jpg,dog
F:\NTSE\lab02\output\class_named_dataset\dog_0959.jpg,output/class_named_dataset/dog_0959.jpg,dog
F:\NTSE\lab02\output\class_named_dataset\dog_0960.jpg,output/class_named_dataset/dog_0960.jpg,dog
F:\NTSE\lab02\output\class_named_dataset\dog_0961.jpg,output/class_named_dataset/dog_0961.jpg,dog
F:\NTSE\lab02\output\class_named_dataset\dog_0962.jpg,output/class_named_dataset/dog_0962.jpg,dog
F:\NTSE\lab02\output\class_named_dataset\dog_0963.jpg,output/class_named_dataset/dog_0963.jpg,dog
F:\NTSE\lab02\output\class_named_dataset\dog_0964.jpg,output/class_named_dataset/dog_0964.jpg,dog
F:\NTSE\lab02\output\class_named_dataset\dog_0965.jpg,output/class_named_dataset/dog_0965.jpg,dog
F:\NTSE\lab02\output\class_named_dataset\dog_0966.jpg,output/class_named_dataset/dog_0966.jpg,dog
F:\NTSE\lab02\output\class_named_dataset\dog_0967.jpg,output/class_named_dataset/dog_0967.jpg,dog
F:\NTSE\lab02\output\class_named_dataset\dog_0968.jpg,output/class_named_dataset/dog_0968.jpg,dog
F:\NTSE\lab02\output\class_named_dataset\dog_0969.jpg,output/class_named_dataset/dog_0969.jpg,dog
F:\NTSE\lab02\output\class_named_dataset\dog_0970.jpg,output/class_named_dataset/dog_0970.jpg,dog
F:\NTSE\lab02\output\class_named_dataset\dog_0971.jpg,output/class_named_dataset/dog_0971.jpg,dog
F:\NTSE\lab02\output\class_named_dataset\dog_0972.jpg,output/class_named_dataset/dog_0972.jpg,dog
F:\NTSE\lab02\output\class_named_dataset\dog_0973.jpg,output/class_named_dataset/dog_0973.jpg,dog
F:\NTSE\lab02\output\class_named_dataset\dog_0974.jpg,output/class_named_dataset/dog_0974.jpg,dog
F:\NTSE\lab02\output\class_named_dataset\dog_0975.jpg,output/class_named_dataset/dog_0975.jpg,dog
F:\NTSE\lab02\output\class_named_dataset\dog_0976.jpg,output/class_named_dataset/dog_0976.jpg,dog
F:\NTSE\lab02\output\class_named_dataset\dog_0977.jpg,output/class_named_dataset/dog_0977.jpg,dog
F:\NTSE\lab02\output\class_named_dataset\dog_0978.jpg,output/class_named_dataset/dog_0978.jpg,dog
F:\NTSE\lab02\output\class_named_dataset\dog_0979.jpg,output/class_named_dataset/dog_0979.jpg,dog
F:\NTSE\lab02\output\class_named_dataset\dog_0980.jpg,output/class_named_dataset/dog_0980.jpg,dog
F:\NTSE\lab02\output\class_named_dataset\dog_0981.jpg,output/class_named_dataset/dog_0981.jpg,dog
F:\NTSE\lab02\output\class_named_dataset\dog_0982.jpg,output/class_named_dataset/dog_0982.jpg,dog
F:\NTSE\lab02\output\class_named_dataset\dog_0983.jpg,output/class_named_dataset/dog_0983.jpg,dog
F:\NTSE\lab02\output\class_named_dataset\dog_0984.jpg,output/class_named_dataset/dog_0984.jpg,dog
F:\NTSE\lab02\output\class_named_dataset\dog_0985.jpg,output/class_named_dataset/dog_0985.jpg,dog
F:\NTSE\lab02\output\class_named_dataset\dog_0986.jpg,output/class_named_dataset/dog_0986.jpg,dog
F:\NTSE\lab02\output\class_named_dataset\dog_0987.jpg,output/class_named_dataset/dog_0987.jpg,dog
F:\NTSE\lab02\output\class_named_dataset\dog_0988.jpg,output/class_named_dataset/dog_0988.jpg,dog
F:\NTSE\lab02\output\class_named_dataset\dog_0989.jpg,output/class_named_dataset/dog_0989.jpg,dog
F:\NTSE\lab02\output\class_named_dataset\dog_0990.jpg,output/class_named_dataset/dog_0990.jpg,dog
F:\NTSE\lab02\output\class_named_dataset\dog_0991.jpg,output/class_named_dataset/dog_0991.jpg,dog
F:\NTSE\lab02\output\class_named_dataset\dog_0992.jpg,output/class_named_dataset/dog_0992.jpg,dog
F:\NTSE\lab02\output\class_named_dataset\dog_0993.jpg,output/class_named_dataset/dog_0993.jpg,dog
F:\NTSE\lab02\output\class_named_dataset\dog_0994.jpg,output/class_named_dataset/dog_0994.jpg,dog
F:\NTSE\lab02\output\class_named_dataset\dog_0995.jpg,output/class_named_dataset/dog_0995.jpg,dog
F:\NTSE\lab02\output\class_named_dataset\dog_0996.jpg,output/class_named_dataset/dog_0996.jpg,dog
F:\NTSE\lab02\output\class_named_dataset\dog_0997.jpg,output/class_named_dataset/dog_0997.jpg,dog
F:\NTSE\lab02\output\class_named_dataset\dog_0998.jpg,output/class_named_dataset/dog_0998.jpg,dog
F:\NTSE\lab02\output\class_named_dataset\dog_0999.jpg,output/class_named_dataset/dog_0999.jpg,dog
F:\NTSE\lab02\output\class_named_dataset\dog_1000.jpg,output/class_named_dataset/dog_1000.jpg,dog
F:\NTSE\lab02\output\class_named_dataset\dog_1001.jpg,output/class_named_dataset/dog_1001.jpg,dog
F:\NTSE\lab02\output\class_named_dataset\dog_1002.jpg,output/class_named_dataset/dog_1002.jpg,dog
F:\NTSE\lab02\output\class_named_dataset\dog_1003.jpg,output/class_named_dataset/dog_1003.jpg,dog
F:\NTSE\lab02\output\class_named_dataset\dog_1004.jpg,output/class_named_dataset/dog_1004.jpg,dog
F:\NTSE\lab02\output\class_named_dataset\dog_1005.jpg,output/class_named_dataset/dog_1005.jpg,dog
F:\NTSE\lab02\output\class_named_dataset\dog_1006.jpg,output/class_named_dataset/dog_1006.jpg,dog
F:\NTSE\lab02\output\class_named_dataset\dog_1007.jpg,output/class_named_dataset/dog_1007.jpg,dog
F:\NTSE\lab02\output\class_named_dataset\dog_1008.jpg,output/class_named_dataset/dog_1008.jpg,dog
F:\NTSE\lab02\output\class_named_dataset\dog_1009.jpg,output/class_named_dataset/dog_1009.jpg,dog
F:\NTSE\lab02\output\class_named_dataset\dog_1010.jpg,output/class_named_dataset/dog_1010.jpg,dog
F:\NTSE\lab02\output\class_named_dataset\dog_1011.jpg,output/class_named_dataset/dog_1011.jpg,dog
F:\NTSE\lab02\output\class_named_dataset\dog_1012.jpg,output/class_named_dataset/dog_1012.jpg,dog
F:\NTSE\lab02\output\class_named_dataset\dog_1013.jpg,output/class_named_dataset/dog_1013.jpg,dog
F:\NTSE\lab02\output\class_named_dataset\dog_1014.jpg,output/class_named_dataset/dog_1014.jpg,dog
F:\NTSE\lab02\output\class_named_dataset\dog_1015.jpg,output/class_named_dataset/dog_1015.jpg,dog
F:\NTSE\lab02\output\class_named_dataset\dog_1016.jpg,output/class_named_dataset/dog_1016.jpg,dog
F:\NTSE\lab02\output\class_named_dataset\dog_1017.jpg,output/class_named_dataset/dog_1017.jpg,dog
F:\NTSE\lab02\output\class_named_dataset\dog_1018.jpg,output/class_named_dataset/dog_1018.jpg,dog
F:\NTSE\lab02\output\class_named_dataset\dog_1019.jpg,output/class_named_dataset/dog_1019.jpg,dog
F:\NTSE\lab02\output\class_named_dataset\dog_1020.jpg,output/class_named_dataset/dog_1020.jpg,dog
F:\NTSE\lab02\output\class_named_dataset\dog_1021.jpg,output/class_named_dataset/dog_1021.jpg,dog
F:\NTSE\lab02\output\class_named_dataset\dog_1022.jpg,output/class_named_dataset/dog_1022.jpg,dog
F:\NTSE\lab02\output\class_named_dataset\dog_1023.jpg,output/class_named_dataset/dog_1023.jpg,dog
F:\NTSE\lab02\output\class_named_dataset\dog_1024.jpg,output/class_named_dataset/dog_1024.jpg,dog
F:\NTSE\lab02\output\class_named_dataset\dog_1025.jpg,output/class_named_dataset/dog_1025.jpg,dog
F:\NTSE\lab02\output\class_named_dataset\dog_1026.jpg,output/class_named_dataset/dog_1026.jpg,dog
F:\NTSE\lab02\output\class_named_dataset\dog_1027.jpg,output/class_named_dataset/dog_1027.jpg,dog
F:\NTSE\lab02\output\class_named_dataset\dog_1028.jpg,output/class_named_dataset/dog_1028.jpg,dog
F:\NTSE\lab02\output\class_named_dataset\dog_1029.jpg,output/class_named_dataset/dog_1029.jpg,dog
F:\NTSE\lab02\output\class_named_dataset\dog_1030.jpg,output/class_named_dataset/dog_1030.jpg,dog
F:\NTSE\lab02\output\class_named_dataset\dog_1031.jpg,output/class_named_dataset/dog_1031.jpg,dog
F:\NTSE\lab02\output\class_named_dataset\dog_1032.jpg,output/class_named_dataset/dog_1032.jpg,dog
F:\NTSE\lab02\output\class_named_dataset\dog_1033.jpg,output/class_named_dataset/dog_1033.jpg,dog
F:\NTSE\lab02\output\class_named_dataset\dog_1034.jpg,output/class_named_dataset/dog_1034.jpg,dog
F:\NTSE\lab02\output\class_named_dataset\dog_1035.jpg,output/class_named_dataset/dog_1035.jpg,dog
F:\NTSE\lab02\output\class_named_dataset\dog_1036.jpg,output/class_named_dataset/dog_1036.jpg,dog
F:\NTSE\lab02\output\class_named_dataset\dog_1037.jpg,output/class_named_dataset/dog_1037.jpg,dog
F:\NTSE\lab02\output\class_named_dataset\dog_1038.jpg,output/class_named_dataset/dog_1038.jpg,dog
F:\NTSE\lab02\output\class_named_dataset\dog_1039.jpg,output/class_named_dataset/dog_1039.jpg,dog
F:\NTSE\lab02\output\class_named_dataset\dog_1040.jpg,output/class_named_dataset/dog_1040.jpg,dog
F:\NTSE\lab02\output\class_named_dataset\dog_1041.jpg,output/class_named_dataset/dog_1041.jpg,dog
F:\NTSE\lab02\output\class_named_dataset\dog_1042.jpg,output/class_named_dataset/dog_1042.jpg,dog
F:\NTSE\lab02\output\class_named_dataset\dog_1043.jpg,output/class_named_dataset/dog_1043.jpg,dog
F:\NTSE\lab02\output\class_named_dataset\dog_1044.jpg,output/class_named_dataset/dog_1044.jpg,dog
F:\NTSE\lab02\output\class_named_dataset\dog_1045.jpg,output/class_named_dataset/dog_1045.jpg,dog
F:\NTSE\lab02\output\class_named_dataset\dog_1046.jpg,output/class_named_dataset/dog_1046.jpg,dog
F:\NTSE\lab02\output\class_named_dataset\dog_1047.jpg,output/class_named_dataset/dog_1047.jpg,dog
F:\NTSE\lab02\output\class_named_dataset\dog_1048.jpg,output/class_named_dataset/dog_1048.jpg,dog
F:\NTSE\lab02\output\class_named_dataset\dog_1049.jpg,output/class_named_dataset/dog_1049.jpg,dog
F:\NTSE\lab02\output\class_named_dataset\dog_1050.jpg,output/class_named_dataset/dog_1050.jpg,dog
F:\NTSE\lab02\output\class_named_dataset\dog_1051.jpg,output/class_named_dataset/dog_1051.jpg,dog
F:\NTSE\lab02\output\class_named_dataset\dog_1052.jpg,output/class_named_dataset/dog_1052.jpg,dog
F:\NTSE\lab02\output\class_named_dataset\dog_1053.jpg,output/class_named_dataset/dog_1053.jpg,dog
F:\NTSE\lab02\output\class_named_dataset\dog_1054.jpg,output/class_named_dataset/dog_1054.jpg,dog
F:\NTSE\lab02\output\class_named_dataset\dog_1055.jpg,output/class_named_dataset/dog_1055.jpg,dog
F:\NTSE\lab02\output\class_named_dataset\dog_1056.jpg,output/class_named_dataset/dog_1056.jpg,dog
F:\NTSE\lab02\output\class_named_dataset\dog_1057.jpg,output/class_named_dataset/dog_1057.jpg,dog
F:\NTSE\lab02\output\class_named_dataset\dog_1058.jpg,output/class_named_dataset/dog_1058.jpg,dog
F:\NTSE\lab02\output\class_named_dataset\dog_1059.jpg,output/class_named_dataset/dog_1059.jpg,dog
F:\NTSE\lab02\output\class_named_dataset\dog_1060.jpg,output/class_named_dataset/dog_1060.jpg,dog
F:\NTSE\lab02\output\class_named_dataset\dog_1061.jpg,output/class_named_dataset/dog_1061.jpg,dog
F:\NTSE\lab02\output\class_named_dataset\dog_1062.jpg,output/class_named_dataset/dog_1062.jpg,dog
F:\NTSE\lab02\output\class_named_dataset\dog_1063.jpg,output/class_named_dataset/dog_1063.jpg,dog
F:\NTSE\lab02\output\class_named_dataset\dog_1064.jpg,output/class_named_dataset/dog_1064.jpg,dog
F:\NTSE\lab02\output\class_named_dataset\dog_1065.jpg,output/class_named_dataset/dog_1065.jpg,dog
F:\NTSE\lab02\output\class_named_dataset\dog_1066.jpg,output/class_named_dataset/dog_1066.jpg,dog
F:\NTSE\lab02\output\class_named_dataset\dog_1067.jpg,output/class_named_dataset/dog_1067.jpg,dog
F:\NTSE\lab02\output\class_named_dataset\dog_1068.jpg,output/class_named_dataset/dog_1068.jpg,dog
F:\NTSE\lab02\output\class_named_dataset\dog_1069.jpg,output/class_named_dataset/dog_1069.jpg,dog
F:\NTSE\lab02\output\class_named_dataset\dog_1070.jpg,output/class_named_dataset/dog_1070.jpg,dog
F:\NTSE\lab02\output\class_named_dataset\dog_1071.jpg,output/class_named_dataset/dog_1071.jpg,dog
F:\NTSE\lab02\output\class_named_dataset\dog_1072.jpg,output/class_named_dataset/dog_1072.jpg,dog
F:\NTSE\lab02\output\class_named_dataset\dog_1073.jpg,output/class_named_dataset/dog_1073.jpg,dog
F:\NTSE\lab02\output\class_named_dataset\dog_1074.jpg,output/class_named_dataset/dog_1074.jpg,dog
F:\NTSE\lab02\output\class_named_dataset\dog_1075.jpg,output/class_named_dataset/dog_1075.jpg,dog
F:\NTSE\lab02\output\class_named_dataset\dog_1076.jpg,output/class_named_dataset/dog_1076.jpg,dog
F:\NTSE\lab02\output\class_named_dataset\dog_1077.jpg,output/class_named_dataset/dog_1077.jpg,dog
F:\NTSE\lab02\output\class_named_dataset\dog_1078.jpg,output/class_named_dataset/dog_1078.jpg,dog
F:\NTSE\lab02\output\class_named_dataset\dog_1079.jpg,output/class_named_dataset/dog_1079.jpg,dog
F:\NTSE\lab02\output\class_named_dataset\dog_1080.jpg,output/class_named_dataset/dog_1080.jpg,dog
F:\NTSE\lab02\output\class_named_dataset\dog_1081.jpg,output/class_named_dataset/dog_1081.jpg,dog
F:\NTSE\lab02\output\class_named_dataset\dog_1082.jpg,output/class_named_dataset/dog_1082.jpg,dog
F:\NTSE\lab02\output\class_named_dataset\dog_1083.jpg,output/class_named_dataset/dog_1083.jpg,dog
F:\NTSE\lab02\output\class_named_dataset\dog_1084.jpg,output/class_named_dataset/dog_1084.jpg,dog
F:\NTSE\lab02\output\class_named_dataset\dog_1085.jpg,output/class_named_dataset/dog_1085.jpg,dog
F:\NTSE\lab02\output\class_named_dataset\dog_1086.jpg,output/class_named_dataset/dog_1086.jpg,dog
F:\NTSE\lab02\output\class_named_dataset\dog_1087.jpg,output/class_named_dataset/dog_1087.jpg,dog
F:\NTSE\lab02\output\class_named_dataset\dog_1088.jpg,output/class_named_dataset/dog_1088.jpg,dog
F:\NTSE\lab02\output\class_named_dataset\dog_1089.jpg,output/class_named_dataset/dog_1089.jpg,dog
F:\NTSE\lab02\output\class_named_dataset\dog_1090.jpg,output/class_named_dataset/dog_1090.jpg,dog
F:\NTSE\lab02\output\class_named_dataset\dog_1091.jpg,output/class_named_dataset/dog_1091.jpg,dog
F:\NTSE\lab02\output\class_named_dataset\dog_1092.jpg,output/class_named_dataset/dog_1092.jpg,dog
F:\NTSE\lab02\output\class_named_dataset\dog_1093.jpg,output/class_named_dataset/dog_1093.jpg,dog
F:\NTSE\lab02\output\class_named_dataset\dog_1094.jpg,output/class_named_dataset/dog_1094.jpg,dog
F:\NTSE\lab02\output\class_named_dataset\dog_1095.jpg,output/class_named_dataset/dog_1095.jpg,dog
F:\NTSE\lab02\output\class_named_dataset\dog_1096.jpg,output/class_named_dataset/dog_1096.jpg,dog
F:\NTSE\lab02\output\class_named_dataset\dog_1097.jpg,output/class_named_dataset/dog_1097.jpg,dog
F:\NTSE\lab02\output\class_named_dataset\dog_1098.jpg,output/class_named_dataset/dog_1098.jpg,dog
F:\NTSE\lab02\output\class_named_dataset\dog_1099.jpg,output/class_named_dataset/dog_1099.jpg,dog
F:\NTSE\lab02\output\class_named_dataset\dog_1100.jpg,output/class_named_dataset/dog_1100.jpg,dog
F:\NTSE\lab02\output\class_named_dataset\dog_1101.jpg,output/class_named_dataset/dog_1101.jpg,dog
F:\NTSE\lab02\output\class_named_dataset\dog_1102.jpg,output/class_named_dataset/dog_1102.jpg,dog
F:\NTSE\lab02\output\class_named_dataset\dog_1103.jpg,output/class_named_dataset/dog_1103.jpg,dog
F:\NTSE\lab02\output\class_named_dataset\dog_1104.jpg,output/class_named_dataset/dog_1104.jpg,dog
F:\NTSE\lab02\output\class_named_dataset\dog_1105.jpg,output/class_named_dataset/dog_1105.jpg,dog
F:\NTSE\lab02\output\class_named_dataset\dog_1106.jpg,output/class_named_dataset/dog_1106.jpg,dog
