absolute_path,relative_path,output_class
F:\NTSE\lab02\output\random_dataset\3396.jpg,output/random_dataset/3396.jpg,cat
F:\NTSE\lab02\output\random_dataset\5533.jpg,output/random_dataset/5533.jpg,cat
F:\NTSE\lab02\output\random_dataset\7866.jpg,output/random_dataset/7866.jpg,cat
F:\NTSE\lab02\output\random_dataset\409.jpg,output/random_dataset/409.jpg,cat
F:\NTSE\lab02\output\random_dataset\541.jpg,output/random_dataset/541.jpg,cat
F:\NTSE\lab02\output\random_dataset\7661.jpg,output/random_dataset/7661.jpg,cat
F:\NTSE\lab02\output\random_dataset\5892.jpg,output/random_dataset/5892.jpg,cat
F:\NTSE\lab02\output\random_dataset\5699.jpg,output/random_dataset/5699.jpg,cat
F:\NTSE\lab02\output\random_dataset\8334.jpg,output/random_dataset/8334.jpg,cat
F:\NTSE\lab02\output\random_dataset\5247.jpg,output/random_dataset/5247.jpg,cat
F:\NTSE\lab02\output\random_dataset\9821.jpg,output/random_dataset/9821.jpg,cat
F:\NTSE\lab02\output\random_dataset\7775.jpg,output/random_dataset/7775.jpg,cat
F:\NTSE\lab02\output\random_dataset\8455.jpg,output/random_dataset/8455.jpg,cat
F:\NTSE\lab02\output\random_dataset\1633.jpg,output/random_dataset/1633.jpg,cat
F:\NTSE\lab02\output\random_dataset\9958.jpg,output/random_dataset/9958.jpg,cat
F:\NTSE\lab02\output\random_dataset\8264.jpg,output/random_dataset/8264.jpg,cat
F:\NTSE\lab02\output\random_dataset\9877.jpg,output/random_dataset/9877.jpg,cat
F:\NTSE\lab02\output\random_dataset\4899.jpg,output/random_dataset/4899.jpg,cat
F:\NTSE\lab02\output\random_dataset\8226.jpg,output/random_dataset/8226.jpg,cat
F:\NTSE\lab02\output\random_dataset\6771.jpg,output/random_dataset/6771.jpg,cat
F:\NTSE\lab02\output\random_dataset\1383.jpg,output/random_dataset/1383.jpg,cat
F:\NTSE\lab02\output\random_dataset\5371.jpg,output/random_dataset/5371.jpg,cat
F:\NTSE\lab02\output\random_dataset\804.jpg,output/random_dataset/804.jpg,cat
F:\NTSE\lab02\output\random_dataset\4147.jpg,output/random_dataset/4147.jpg,cat
F:\NTSE\lab02\output\random_dataset\4636.jpg,output/random_dataset/4636.jpg,cat
F:\NTSE\lab02\output\random_dataset\6058.jpg,output/random_dataset/6058.jpg,cat
F:\NTSE\lab02\output\random_dataset\983.jpg,output/random_dataset/983.jpg,cat
F:\NTSE\lab02\output\random_dataset\4092.jpg,output/random_dataset/4092.jpg,cat
F:\NTSE\lab02\output\random_dataset\8330.jpg,output/random_dataset/8330.jpg,cat
F:\NTSE\lab02\output\random_dataset\5038.jpg,output/random_dataset/5038.jpg,cat
F:\NTSE\lab02\output\random_dataset\7270.jpg,output/random_dataset/7270.jpg,cat
F:\NTSE\lab02\output\random_dataset\2986.jpg,output/random_dataset/2986.jpg,cat
F:\NTSE\lab02\output\random_dataset\3468.jpg,output/random_dataset/3468.jpg,cat
F:\NTSE\lab02\output\random_dataset\1638.jpg,output/random_dataset/1638.jpg,cat
F:\NTSE\lab02\output\random_dataset\3383.jpg,output/random_dataset/3383.jpg,cat
F:\NTSE\lab02\output\random_dataset\9308.jpg,output/random_dataset/9308.jpg,cat
F:\NTSE\lab02\output\random_dataset\436.jpg,output/random_dataset/436.jpg,cat
F:\NTSE\lab02\output\random_dataset\3588.jpg,output/random_dataset/3588.jpg,cat
F:\NTSE\lab02\output\random_dataset\4169.jpg,output/random_dataset/4169.jpg,cat
F:\NTSE\lab02\output\random_dataset\1944.jpg,output/random_dataset/1944.jpg,cat
F:\NTSE\lab02\output\random_dataset\5673.jpg,output/random_dataset/5673.jpg,cat
F:\NTSE\lab02\output\random_dataset\434.jpg,output/random_dataset/434.jpg,cat
F:\NTSE\lab02\output\random_dataset\6302.jpg,output/random_dataset/6302.jpg,cat
F:\NTSE\lab02\output\random_dataset\6980.jpg,output/random_dataset/6980.jpg,cat
F:\NTSE\lab02\output\random_dataset\3568.jpg,output/random_dataset/3568.jpg,cat
F:\NTSE\lab02\output\random_dataset\4937.jpg,output/random_dataset/4937.jpg,cat
F:\NTSE\lab02\output\random_dataset\3436.jpg,output/random_dataset/3436.jpg,cat
F:\NTSE\lab02\output\random_dataset\2644.jpg,output/random_dataset/2644.jpg,cat
F:\NTSE\lab02\output\random_dataset\498.jpg,output/random_dataset/498.jpg,cat
F:\NTSE\lab02\output\random_dataset\3048.jpg,output/random_dataset/3048.jpg,cat
F:\NTSE\lab02\output\random_dataset\6621.jpg,output/random_dataset/6621.jpg,cat
F:\NTSE\lab02\output\random_dataset\9923.jpg,output/random_dataset/9923.jpg,cat
F:\NTSE\lab02\output\random_dataset\9191.jpg,output/random_dataset/9191.jpg,cat
F:\NTSE\lab02\output\random_dataset\1928.jpg,output/random_dataset/1928.jpg,cat
F:\NTSE\lab02\output\random_dataset\5753.jpg,output/random_dataset/5753.jpg,cat
F:\NTSE\lab02\output\random_dataset\4.jpg,output/random_dataset/4.jpg,cat
F:\NTSE\lab02\output\random_dataset\5801.jpg,output/random_dataset/5801.jpg,cat
F:\NTSE\lab02\output\random_dataset\4422.jpg,output/random_dataset/4422.jpg,cat
F:\NTSE\lab02\output\random_dataset\5867.jpg,output/random_dataset/5867.jpg,cat
F:\NTSE\lab02\output\random_dataset\9989.jpg,output/random_dataset/9989.jpg,cat
F:\NTSE\lab02\output\random_dataset\8401.jpg,output/random_dataset/8401.jpg,cat
F:\NTSE\lab02\output\random_dataset\9333.jpg,output/random_dataset/9333.jpg,cat
F:\NTSE\lab02\output\random_dataset\7337.jpg,output/random_dataset/7337.jpg,cat
F:\NTSE\lab02\output\random_dataset\2810.jpg,output/random_dataset/2810.jpg,cat
F:\NTSE\lab02\output\random_dataset\6655.jpg,output/random_dataset/6655.jpg,cat
F:\NTSE\lab02\output\random_dataset\1447.jpg,output/random_dataset/1447.jpg,cat
F:\NTSE\lab02\output\random_dataset\4393.jpg,output/random_dataset/4393.jpg,cat
F:\NTSE\lab02\output\random_dataset\1120.jpg,output/random_dataset/1120.jpg,cat
F:\NTSE\lab02\output\random_dataset\3017.jpg,output/random_dataset/3017.jpg,cat
F:\NTSE\lab02\output\random_dataset\3516.jpg,output/random_dataset/3516.jpg,cat
F:\NTSE\lab02\output\random_dataset\2374.jpg,output/random_dataset/2374.jpg,cat
F:\NTSE\lab02\output\random_dataset\3845.jpg,output/random_dataset/3845.jpg,cat
F:\NTSE\lab02\output\random_dataset\872.jpg,output/random_dataset/872.jpg,cat
F:\NTSE\lab02\output\random_dataset\1791.jpg,output/random_dataset/1791.jpg,cat
F:\NTSE\lab02\output\random_dataset\8325.jpg,output/random_dataset/8325.jpg,cat
F:\NTSE\lab02\output\random_dataset\46.jpg,output/random_dataset/46.jpg,cat
F:\NTSE\lab02\output\random_dataset\3985.jpg,output/random_dataset/3985.jpg,cat
F:\NTSE\lab02\output\random_dataset\9637.jpg,output/random_dataset/9637.jpg,cat
F:\NTSE\lab02\output\random_dataset\1818.jpg,output/random_dataset/1818.jpg,cat
F:\NTSE\lab02\output\random_dataset\9500.jpg,output/random_dataset/9500.jpg,cat
F:\NTSE\lab02\output\random_dataset\6465.jpg,output/random_dataset/6465.jpg,cat
F:\NTSE\lab02\output\random_dataset\6898.jpg,output/random_dataset/6898.jpg,cat
F:\NTSE\lab02\output\random_dataset\5019.jpg,output/random_dataset/5019.jpg,cat
F:\NTSE\lab02\output\random_dataset\1321.jpg,output/random_dataset/1321.jpg,cat
F:\NTSE\lab02\output\random_dataset\6503.jpg,output/random_dataset/6503.jpg,cat
F:\NTSE\lab02\output\random_dataset\4687.jpg,output/random_dataset/4687.jpg,cat
F:\NTSE\lab02\output\random_dataset\1710.jpg,output/random_dataset/1710.jpg,cat
F:\NTSE\lab02\output\random_dataset\8874.jpg,output/random_dataset/8874.jpg,cat
F:\NTSE\lab02\output\random_dataset\552.jpg,output/random_dataset/552.jpg,cat
F:\NTSE\lab02\output\random_dataset\8861.jpg,output/random_dataset/8861.jpg,cat
F:\NTSE\lab02\output\random_dataset\9178.jpg,output/random_dataset/9178.jpg,cat
F:\NTSE\lab02\output\random_dataset\1923.jpg,output/random_dataset/1923.jpg,cat
F:\NTSE\lab02\output\random_dataset\2693.jpg,output/random_dataset/2693.jpg,cat
F:\NTSE\lab02\output\random_dataset\911.jpg,output/random_dataset/911.jpg,cat
F:\NTSE\lab02\output\random_dataset\9706.jpg,output/random_dataset/9706.jpg,cat
F:\NTSE\lab02\output\random_dataset\4352.jpg,output/random_dataset/4352.jpg,cat
F:\NTSE\lab02\output\random_dataset\72.jpg,output/random_dataset/72.jpg,cat
F:\NTSE\lab02\output\random_dataset\1072.jpg,output/random_dataset/1072.jpg,cat
F:\NTSE\lab02\output\random_dataset\9816.jpg,output/random_dataset/9816.jpg,cat
F:\NTSE\lab02\output\random_dataset\716.jpg,output/random_dataset/716.jpg,cat
F:\NTSE\lab02\output\random_dataset\5189.jpg,output/random_dataset/5189.jpg,cat
F:\NTSE\lab02\output\random_dataset\8347.jpg,output/random_dataset/8347.jpg,cat
F:\NTSE\lab02\output\random_dataset\7724.jpg,output/random_dataset/7724.jpg,cat
F:\NTSE\lab02\output\random_dataset\909.jpg,output/random_dataset/909.jpg,cat
F:\NTSE\lab02\output\random_dataset\6113.jpg,output/random_dataset/6113.jpg,cat
F:\NTSE\lab02\output\random_dataset\2789.jpg,output/random_dataset/2789.jpg,cat
F:\NTSE\lab02\output\random_dataset\3490.jpg,output/random_dataset/3490.jpg,cat
F:\NTSE\lab02\output\random_dataset\1623.jpg,output/random_dataset/1623.jpg,cat
F:\NTSE\lab02\output\random_dataset\6610.jpg,output/random_dataset/6610.jpg,cat
F:\NTSE\lab02\output\random_dataset\8473.jpg,output/random_dataset/8473.jpg,cat
F:\NTSE\lab02\output\random_dataset\9651.jpg,output/random_dataset/9651.jpg,cat
F:\NTSE\lab02\output\random_dataset\8571.jpg,output/random_dataset/8571.jpg,cat
F:\NTSE\lab02\output\random_dataset\201.jpg,output/random_dataset/201.jpg,cat
F:\NTSE\lab02\output\random_dataset\3125.jpg,output/random_dataset/3125.jpg,cat
F:\NTSE\lab02\output\random_dataset\7370.jpg,output/random_dataset/7370.jpg,cat
F:\NTSE\lab02\output\random_dataset\9344.jpg,output/random_dataset/9344.jpg,cat
F:\NTSE\lab02\output\random_dataset\8730.jpg,output/random_dataset/8730.jpg,cat
F:\NTSE\lab02\output\random_dataset\5754.jpg,output/random_dataset/5754.jpg,cat
F:\NTSE\lab02\output\random_dataset\2090.jpg,output/random_dataset/2090.jpg,cat
F:\NTSE\lab02\output\random_dataset\5099.jpg,output/random_dataset/5099.jpg,cat
F:\NTSE\lab02\output\random_dataset\5877.jpg,output/random_dataset/5877.jpg,cat
F:\NTSE\lab02\output\random_dataset\5432.jpg,output/random_dataset/5432.jpg,cat
F:\NTSE\lab02\output\random_dataset\9075.jpg,output/random_dataset/9075.jpg,cat
F:\NTSE\lab02\output\random_dataset\4775.jpg,output/random_dataset/4775.jpg,cat
F:\NTSE\lab02\output\random_dataset\2069.jpg,output/random_dataset/2069.jpg,cat
F:\NTSE\lab02\output\random_dataset\138.jpg,output/random_dataset/138.jpg,cat
F:\NTSE\lab02\output\random_dataset\9530.jpg,output/random_dataset/9530.jpg,cat
F:\NTSE\lab02\output\random_dataset\8121.jpg,output/random_dataset/8121.jpg,cat
F:\NTSE\lab02\output\random_dataset\6837.jpg,output/random_dataset/6837.jpg,cat
F:\NTSE\lab02\output\random_dataset\8960.jpg,output/random_dataset/8960.jpg,cat
F:\NTSE\lab02\output\random_dataset\8435.jpg,output/random_dataset/8435.jpg,cat
F:\NTSE\lab02\output\random_dataset\6887.jpg,output/random_dataset/6887.jpg,cat
F:\NTSE\lab02\output\random_dataset\7944.jpg,output/random_dataset/7944.jpg,cat
F:\NTSE\lab02\output\random_dataset\7185.jpg,output/random_dataset/7185.jpg,cat
F:\NTSE\lab02\output\random_dataset\9358.jpg,output/random_dataset/9358.jpg,cat
F:\NTSE\lab02\output\random_dataset\2469.jpg,output/random_dataset/2469.jpg,cat
F:\NTSE\lab02\output\random_dataset\6892.jpg,output/random_dataset/6892.jpg,cat
F:\NTSE\lab02\output\random_dataset\2710.jpg,output/random_dataset/2710.jpg,cat
F:\NTSE\lab02\output\random_dataset\8123.jpg,output/random_dataset/8123.jpg,cat
F:\NTSE\lab02\output\random_dataset\2371.jpg,output/random_dataset/2371.jpg,cat
F:\NTSE\lab02\output\random_dataset\6829.jpg,output/random_dataset/6829.jpg,cat
F:\NTSE\lab02\output\random_dataset\9980.jpg,output/random_dataset/9980.jpg,cat
F:\NTSE\lab02\output\random_dataset\8431.jpg,output/random_dataset/8431.jpg,cat
F:\NTSE\lab02\output\random_dataset\9594.jpg,output/random_dataset/9594.jpg,cat
F:\NTSE\lab02\output\random_dataset\873.jpg,output/random_dataset/873.jpg,cat
F:\NTSE\lab02\output\random_dataset\9349.jpg,output/random_dataset/9349.jpg,cat
F:\NTSE\lab02\output\random_dataset\6649.jpg,output/random_dataset/6649.jpg,cat
F:\NTSE\lab02\output\random_dataset\2211.jpg,output/random_dataset/2211.jpg,cat
F:\NTSE\lab02\output\random_dataset\2386.jpg,output/random_dataset/2386.jpg,cat
F:\NTSE\lab02\output\random_dataset\642.jpg,output/random_dataset/642.jpg,cat
F:\NTSE\lab02\output\random_dataset\2941.jpg,output/random_dataset/2941.jpg,cat
F:\NTSE\lab02\output\random_dataset\2210.jpg,output/random_dataset/2210.jpg,cat
F:\NTSE\lab02\output\random_dataset\8176.jpg,output/random_dataset/8176.jpg,cat
F:\NTSE\lab02\output\random_dataset\9628.jpg,output/random_dataset/9628.jpg,cat
F:\NTSE\lab02\output\random_dataset\7018.jpg,output/random_dataset/7018.jpg,cat
F:\NTSE\lab02\output\random_dataset\2874.jpg,output/random_dataset/2874.jpg,cat
F:\NTSE\lab02\output\random_dataset\676.jpg,output/random_dataset/676.jpg,cat
F:\NTSE\lab02\output\random_dataset\9292.jpg,output/random_dataset/9292.jpg,cat
F:\NTSE\lab02\output\random_dataset\2222.jpg,output/random_dataset/2222.jpg,cat
F:\NTSE\lab02\output\random_dataset\2003.jpg,output/random_dataset/2003.jpg,cat
F:\NTSE\lab02\output\random_dataset\9836.jpg,output/random_dataset/9836.jpg,cat
F:\NTSE\lab02\output\random_dataset\8487.jpg,output/random_dataset/8487.jpg,cat
F:\NTSE\lab02\output\random_dataset\655.jpg,output/random_dataset/655.jpg,cat
F:\NTSE\lab02\output\random_dataset\7988.jpg,output/random_dataset/7988.jpg,cat
F:\NTSE\lab02\output\random_dataset\9981.jpg,output/random_dataset/9981.jpg,cat
F:\NTSE\lab02\output\random_dataset\6769.jpg,output/random_dataset/6769.jpg,cat
F:\NTSE\lab02\output\random_dataset\4612.jpg,output/random_dataset/4612.jpg,cat
F:\NTSE\lab02\output\random_dataset\2348.jpg,output/random_dataset/2348.jpg,cat
F:\NTSE\lab02\output\random_dataset\52.jpg,output/random_dataset/52.jpg,cat
F:\NTSE\lab02\output\random_dataset\9040.jpg,output/random_dataset/9040.jpg,cat
F:\NTSE\lab02\output\random_dataset\6099.jpg,output/random_dataset/6099.jpg,cat
F:\NTSE\lab02\output\random_dataset\8797.jpg,output/random_dataset/8797.jpg,cat
F:\NTSE\lab02\output\random_dataset\6489.jpg,output/random_dataset/6489.jpg,cat
F:\NTSE\lab02\output\random_dataset\6784.jpg,output/random_dataset/6784.jpg,cat
F:\NTSE\lab02\output\random_dataset\2461.jpg,output/random_dataset/2461.jpg,cat
F:\NTSE\lab02\output\random_dataset\8582.jpg,output/random_dataset/8582.jpg,cat
F:\NTSE\lab02\output\random_dataset\883.jpg,output/random_dataset/883.jpg,cat
F:\NTSE\lab02\output\random_dataset\6770.jpg,output/random_dataset/6770.jpg,cat
F:\NTSE\lab02\output\random_dataset\6552.jpg,output/random_dataset/6552.jpg,cat
F:\NTSE\lab02\output\random_dataset\4068.jpg,output/random_dataset/4068.jpg,cat
F:\NTSE\lab02\output\random_dataset\2479.jpg,output/random_dataset/2479.jpg,cat
F:\NTSE\lab02\output\random_dataset\4509.jpg,output/random_dataset/4509.jpg,cat
F:\NTSE\lab02\output\random_dataset\6027.jpg,output/random_dataset/6027.jpg,cat
F:\NTSE\lab02\output\random_dataset\2849.jpg,output/random_dataset/2849.jpg,cat
F:\NTSE\lab02\output\random_dataset\1551.jpg,output/random_dataset/1551.jpg,cat
F:\NTSE\lab02\output\random_dataset\1573.jpg,output/random_dataset/1573.jpg,cat
F:\NTSE\lab02\output\random_dataset\9384.jpg,output/random_dataset/9384.jpg,cat
F:\NTSE\lab02\output\random_dataset\4029.jpg,output/random_dataset/4029.jpg,cat
F:\NTSE\lab02\output\random_dataset\3304.jpg,output/random_dataset/3304.jpg,cat
F:\NTSE\lab02\output\random_dataset\9260.jpg,output/random_dataset/9260.jpg,cat
F:\NTSE\lab02\output\random_dataset\5407.jpg,output/random_dataset/5407.jpg,cat
F:\NTSE\lab02\output\random_dataset\6761.jpg,output/random_dataset/6761.jpg,cat
F:\NTSE\lab02\output\random_dataset\5518.jpg,output/random_dataset/5518.jpg,cat
F:\NTSE\lab02\output\random_dataset\5840.jpg,output/random_dataset/5840.jpg,cat
F:\NTSE\lab02\output\random_dataset\3771.jpg,output/random_dataset/3771.jpg,cat
F:\NTSE\lab02\output\random_dataset\4640.jpg,output/random_dataset/4640.jpg,cat
F:\NTSE\lab02\output\random_dataset\440.jpg,output/random_dataset/440.jpg,cat
F:\NTSE\lab02\output\random_dataset\5654.jpg,output/random_dataset/5654.jpg,cat
F:\NTSE\lab02\output\random_dataset\179.jpg,output/random_dataset/179.jpg,cat
F:\NTSE\lab02\output\random_dataset\4471.jpg,output/random_dataset/4471.jpg,cat
F:\NTSE\lab02\output\random_dataset\3369.jpg,output/random_dataset/3369.jpg,cat
F:\NTSE\lab02\output\random_dataset\4278.jpg,output/random_dataset/4278.jpg,cat
F:\NTSE\lab02\output\random_dataset\2074.jpg,output/random_dataset/2074.jpg,cat
F:\NTSE\lab02\output\random_dataset\6579.jpg,output/random_dataset/6579.jpg,cat
F:\NTSE\lab02\output\random_dataset\7950.jpg,output/random_dataset/7950.jpg,cat
F:\NTSE\lab02\output\random_dataset\5678.jpg,output/random_dataset/5678.jpg,cat
F:\NTSE\lab02\output\random_dataset\4752.jpg,output/random_dataset/4752.jpg,cat
F:\NTSE\lab02\output\random_dataset\8925.jpg,output/random_dataset/8925.jpg,cat
F:\NTSE\lab02\output\random_dataset\1874.jpg,output/random_dataset/1874.jpg,cat
F:\NTSE\lab02\output\random_dataset\1727.jpg,output/random_dataset/1727.jpg,cat
F:\NTSE\lab02\output\random_dataset\8148.jpg,output/random_dataset/8148.jpg,cat
F:\NTSE\lab02\output\random_dataset\1297.jpg,output/random_dataset/1297.jpg,cat
F:\NTSE\lab02\output\random_dataset\6296.jpg,output/random_dataset/6296.jpg,cat
F:\NTSE\lab02\output\random_dataset\2961.jpg,output/random_dataset/2961.jpg,cat
F:\NTSE\lab02\output\random_dataset\4849.jpg,output/random_dataset/4849.jpg,cat
F:\NTSE\lab02\output\random_dataset\4237.jpg,output/random_dataset/4237.jpg,cat
F:\NTSE\lab02\output\random_dataset\3783.jpg,output/random_dataset/3783.jpg,cat
F:\NTSE\lab02\output\random_dataset\83.jpg,output/random_dataset/83.jpg,cat
F:\NTSE\lab02\output\random_dataset\1770.jpg,output/random_dataset/1770.jpg,cat
F:\NTSE\lab02\output\random_dataset\6205.jpg,output/random_dataset/6205.jpg,cat
F:\NTSE\lab02\output\random_dataset\8403.jpg,output/random_dataset/8403.jpg,cat
F:\NTSE\lab02\output\random_dataset\5368.jpg,output/random_dataset/5368.jpg,cat
F:\NTSE\lab02\output\random_dataset\7609.jpg,output/random_dataset/7609.jpg,cat
F:\NTSE\lab02\output\random_dataset\2609.jpg,output/random_dataset/2609.jpg,cat
F:\NTSE\lab02\output\random_dataset\8708.jpg,output/random_dataset/8708.jpg,cat
F:\NTSE\lab02\output\random_dataset\4244.jpg,output/random_dataset/4244.jpg,cat
F:\NTSE\lab02\output\random_dataset\8025.jpg,output/random_dataset/8025.jpg,cat
F:\NTSE\lab02\output\random_dataset\2853.jpg,output/random_dataset/2853.jpg,cat
F:\NTSE\lab02\output\random_dataset\5891.jpg,output/random_dataset/5891.jpg,cat
F:\NTSE\lab02\output\random_dataset\9028.jpg,output/random_dataset/9028.jpg,cat
F:\NTSE\lab02\output\random_dataset\3314.jpg,output/random_dataset/3314.jpg,cat
F:\NTSE\lab02\output\random_dataset\1472.jpg,output/random_dataset/1472.jpg,cat
F:\NTSE\lab02\output\random_dataset\508.jpg,output/random_dataset/508.jpg,cat
F:\NTSE\lab02\output\random_dataset\2215.jpg,output/random_dataset/2215.jpg,cat
F:\NTSE\lab02\output\random_dataset\6147.jpg,output/random_dataset/6147.jpg,cat
F:\NTSE\lab02\output\random_dataset\4305.jpg,output/random_dataset/4305.jpg,cat
F:\NTSE\lab02\output\random_dataset\2636.jpg,output/random_dataset/2636.jpg,cat
F:\NTSE\lab02\output\random_dataset\7954.jpg,output/random_dataset/7954.jpg,cat
F:\NTSE\lab02\output\random_dataset\4233.jpg,output/random_dataset/4233.jpg,cat
F:\NTSE\lab02\output\random_dataset\1899.jpg,output/random_dataset/1899.jpg,cat
F:\NTSE\lab02\output\random_dataset\8793.jpg,output/random_dataset/8793.jpg,cat
F:\NTSE\lab02\output\random_dataset\9587.jpg,output/random_dataset/9587.jpg,cat
F:\NTSE\lab02\output\random_dataset\3726.jpg,output/random_dataset/3726.jpg,cat
F:\NTSE\lab02\output\random_dataset\2591.jpg,output/random_dataset/2591.jpg,cat
F:\NTSE\lab02\output\random_dataset\3083.jpg,output/random_dataset/3083.jpg,cat
F:\NTSE\lab02\output\random_dataset\9355.jpg,output/random_dataset/9355.jpg,cat
F:\NTSE\lab02\output\random_dataset\1514.jpg,output/random_dataset/1514.jpg,cat
F:\NTSE\lab02\output\random_dataset\5517.jpg,output/random_dataset/5517.jpg,cat
F:\NTSE\lab02\output\random_dataset\7500.jpg,output/random_dataset/7500.jpg,cat
F:\NTSE\lab02\output\random_dataset\1232.jpg,output/random_dataset/1232.jpg,cat
F:\NTSE\lab02\output\random_dataset\245.jpg,output/random_dataset/245.jpg,cat
F:\NTSE\lab02\output\random_dataset\2855.jpg,output/random_dataset/2855.jpg,cat
F:\NTSE\lab02\output\random_dataset\3267.jpg,output/random_dataset/3267.jpg,cat
F:\NTSE\lab02\output\random_dataset\7240.jpg,output/random_dataset/7240.jpg,cat
F:\NTSE\lab02\output\random_dataset\991.jpg,output/random_dataset/991.jpg,cat
F:\NTSE\lab02\output\random_dataset\6762.jpg,output/random_dataset/6762.jpg,cat
F:\NTSE\lab02\output\random_dataset\212.jpg,output/random_dataset/212.jpg,cat
F:\NTSE\lab02\output\random_dataset\5121.jpg,output/random_dataset/5121.jpg,cat
F:\NTSE\lab02\output\random_dataset\4205.jpg,output/random_dataset/4205.jpg,cat
F:\NTSE\lab02\output\random_dataset\8038.jpg,output/random_dataset/8038.jpg,cat
F:\NTSE\lab02\output\random_dataset\9684.jpg,output/random_dataset/9684.jpg,cat
F:\NTSE\lab02\output\random_dataset\5486.jpg,output/random_dataset/5486.jpg,cat
F:\NTSE\lab02\output\random_dataset\968.jpg,output/random_dataset/968.jpg,cat
F:\NTSE\lab02\output\random_dataset\647.jpg,output/random_dataset/647.jpg,cat
F:\NTSE\lab02\output\random_dataset\4736.jpg,output/random_dataset/4736.jpg,cat
F:\NTSE\lab02\output\random_dataset\5547.jpg,output/random_dataset/5547.jpg,cat
F:\NTSE\lab02\output\random_dataset\1909.jpg,output/random_dataset/1909.jpg,cat
F:\NTSE\lab02\output\random_dataset\9085.jpg,output/random_dataset/9085.jpg,cat
F:\NTSE\lab02\output\random_dataset\3147.jpg,output/random_dataset/3147.jpg,cat
F:\NTSE\lab02\output\random_dataset\5908.jpg,output/random_dataset/5908.jpg,cat
F:\NTSE\lab02\output\random_dataset\6802.jpg,output/random_dataset/6802.jpg,cat
F:\NTSE\lab02\output\random_dataset\6437.jpg,output/random_dataset/6437.jpg,cat
F:\NTSE\lab02\output\random_dataset\4329.jpg,output/random_dataset/4329.jpg,cat
F:\NTSE\lab02\output\random_dataset\3338.jpg,output/random_dataset/3338.jpg,cat
F:\NTSE\lab02\output\random_dataset\344.jpg,output/random_dataset/344.jpg,cat
F:\NTSE\lab02\output\random_dataset\4266.jpg,output/random_dataset/4266.jpg,cat
F:\NTSE\lab02\output\random_dataset\1307.jpg,output/random_dataset/1307.jpg,cat
F:\NTSE\lab02\output\random_dataset\5523.jpg,output/random_dataset/5523.jpg,cat
F:\NTSE\lab02\output\random_dataset\5634.jpg,output/random_dataset/5634.jpg,cat
F:\NTSE\lab02\output\random_dataset\7308.jpg,output/random_dataset/7308.jpg,cat
F:\NTSE\lab02\output\random_dataset\8771.jpg,output/random_dataset/8771.jpg,cat
F:\NTSE\lab02\output\random_dataset\9428.jpg,output/random_dataset/9428.jpg,cat
F:\NTSE\lab02\output\random_dataset\5761.jpg,output/random_dataset/5761.jpg,cat
F:\NTSE\lab02\output\random_dataset\7804.jpg,output/random_dataset/7804.jpg,cat
F:\NTSE\lab02\output\random_dataset\376.jpg,output/random_dataset/376.jpg,cat
F:\NTSE\lab02\output\random_dataset\3270.jpg,output/random_dataset/3270.jpg,cat
F:\NTSE\lab02\output\random_dataset\3101.jpg,output/random_dataset/3101.jpg,cat
F:\NTSE\lab02\output\random_dataset\963.jpg,output/random_dataset/963.jpg,cat
F:\NTSE\lab02\output\random_dataset\8840.jpg,output/random_dataset/8840.jpg,cat
F:\NTSE\lab02\output\random_dataset\2509.jpg,output/random_dataset/2509.jpg,cat
F:\NTSE\lab02\output\random_dataset\7317.jpg,output/random_dataset/7317.jpg,cat
F:\NTSE\lab02\output\random_dataset\3360.jpg,output/random_dataset/3360.jpg,cat
F:\NTSE\lab02\output\random_dataset\1684.jpg,output/random_dataset/1684.jpg,cat
F:\NTSE\lab02\output\random_dataset\2634.jpg,output/random_dataset/2634.jpg,cat
F:\NTSE\lab02\output\random_dataset\845.jpg,output/random_dataset/845.jpg,cat
F:\NTSE\lab02\output\random_dataset\4624.jpg,output/random_dataset/4624.jpg,cat
F:\NTSE\lab02\output\random_dataset\8341.jpg,output/random_dataset/8341.jpg,cat
F:\NTSE\lab02\output\random_dataset\7339.jpg,output/random_dataset/7339.jpg,cat
F:\NTSE\lab02\output\random_dataset\8231.jpg,output/random_dataset/8231.jpg,cat
F:\NTSE\lab02\output\random_dataset\9769.jpg,output/random_dataset/9769.jpg,cat
F:\NTSE\lab02\output\random_dataset\8707.jpg,output/random_dataset/8707.jpg,cat
F:\NTSE\lab02\output\random_dataset\8913.jpg,output/random_dataset/8913.jpg,cat
F:\NTSE\lab02\output\random_dataset\3582.jpg,output/random_dataset/3582.jpg,cat
F:\NTSE\lab02\output\random_dataset\5764.jpg,output/random_dataset/5764.jpg,cat
F:\NTSE\lab02\output\random_dataset\1211.jpg,output/random_dataset/1211.jpg,cat
F:\NTSE\lab02\output\random_dataset\6422.jpg,output/random_dataset/6422.jpg,cat
F:\NTSE\lab02\output\random_dataset\9504.jpg,output/random_dataset/9504.jpg,cat
F:\NTSE\lab02\output\random_dataset\4618.jpg,output/random_dataset/4618.jpg,cat
F:\NTSE\lab02\output\random_dataset\9995.jpg,output/random_dataset/9995.jpg,cat
F:\NTSE\lab02\output\random_dataset\5981.jpg,output/random_dataset/5981.jpg,cat
F:\NTSE\lab02\output\random_dataset\4571.jpg,output/random_dataset/4571.jpg,cat
F:\NTSE\lab02\output\random_dataset\5913.jpg,output/random_dataset/5913.jpg,cat
F:\NTSE\lab02\output\random_dataset\240.jpg,output/random_dataset/240.jpg,cat
F:\NTSE\lab02\output\random_dataset\9285.jpg,output/random_dataset/9285.jpg,cat
F:\NTSE\lab02\output\random_dataset\5611.jpg,output/random_dataset/5611.jpg,cat
F:\NTSE\lab02\output\random_dataset\2597.jpg,output/random_dataset/2597.jpg,cat
F:\NTSE\lab02\output\random_dataset\6263.jpg,output/random_dataset/6263.jpg,cat
F:\NTSE\lab02\output\random_dataset\9379.jpg,output/random_dataset/9379.jpg,cat
F:\NTSE\lab02\output\random_dataset\7533.jpg,output/random_dataset/7533.jpg,cat
F:\NTSE\lab02\output\random_dataset\2442.jpg,output/random_dataset/2442.jpg,cat
F:\NTSE\lab02\output\random_dataset\304.jpg,output/random_dataset/304.jpg,cat
F:\NTSE\lab02\output\random_dataset\4424.jpg,output/random_dataset/4424.jpg,cat
F:\NTSE\lab02\output\random_dataset\441.jpg,output/random_dataset/441.jpg,cat
F:\NTSE\lab02\output\random_dataset\6733.jpg,output/random_dataset/6733.jpg,cat
F:\NTSE\lab02\output\random_dataset\5690.jpg,output/random_dataset/5690.jpg,cat
F:\NTSE\lab02\output\random_dataset\2701.jpg,output/random_dataset/2701.jpg,cat
F:\NTSE\lab02\output\random_dataset\8408.jpg,output/random_dataset/8408.jpg,cat
F:\NTSE\lab02\output\random_dataset\192.jpg,output/random_dataset/192.jpg,cat
F:\NTSE\lab02\output\random_dataset\8240.jpg,output/random_dataset/8240.jpg,cat
F:\NTSE\lab02\output\random_dataset\4061.jpg,output/random_dataset/4061.jpg,cat
F:\NTSE\lab02\output\random_dataset\2657.jpg,output/random_dataset/2657.jpg,cat
F:\NTSE\lab02\output\random_dataset\6626.jpg,output/random_dataset/6626.jpg,cat
F:\NTSE\lab02\output\random_dataset\9828.jpg,output/random_dataset/9828.jpg,cat
F:\NTSE\lab02\output\random_dataset\2370.jpg,output/random_dataset/2370.jpg,cat
F:\NTSE\lab02\output\random_dataset\9137.jpg,output/random_dataset/9137.jpg,cat
F:\NTSE\lab02\output\random_dataset\3690.jpg,output/random_dataset/3690.jpg,cat
F:\NTSE\lab02\output\random_dataset\6148.jpg,output/random_dataset/6148.jpg,cat
F:\NTSE\lab02\output\random_dataset\4358.jpg,output/random_dataset/4358.jpg,cat
F:\NTSE\lab02\output\random_dataset\6289.jpg,output/random_dataset/6289.jpg,cat
F:\NTSE\lab02\output\random_dataset\2806.jpg,output/random_dataset/2806.jpg,cat
F:\NTSE\lab02\output\random_dataset\9211.jpg,output/random_dataset/9211.jpg,cat
F:\NTSE\lab02\output\random_dataset\8994.jpg,output/random_dataset/8994.jpg,cat
F:\NTSE\lab02\output\random_dataset\8597.jpg,output/random_dataset/8597.jpg,cat
F:\NTSE\lab02\output\random_dataset\6584.jpg,output/random_dataset/6584.jpg,cat
F:\NTSE\lab02\output\random_dataset\5879.jpg,output/random_dataset/5879.jpg,cat
F:\NTSE\lab02\output\random_dataset\9647.jpg,output/random_dataset/9647.jpg,cat
F:\NTSE\lab02\output\random_dataset\9700.jpg,output/random_dataset/9700.jpg,cat
F:\NTSE\lab02\output\random_dataset\4522.jpg,output/random_dataset/4522.jpg,cat
F:\NTSE\lab02\output\random_dataset\6255.jpg,output/random_dataset/6255.jpg,cat
F:\NTSE\lab02\output\random_dataset\8377.jpg,output/random_dataset/8377.jpg,cat
F:\NTSE\lab02\output\random_dataset\250.jpg,output/random_dataset/250.jpg,cat
F:\NTSE\lab02\output\random_dataset\6847.jpg,output/random_dataset/6847.jpg,cat
F:\NTSE\lab02\output\random_dataset\9921.jpg,output/random_dataset/9921.jpg,cat
F:\NTSE\lab02\output\random_dataset\7037.jpg,output/random_dataset/7037.jpg,cat
F:\NTSE\lab02\output\random_dataset\2301.jpg,output/random_dataset/2301.jpg,cat
F:\NTSE\lab02\output\random_dataset\5747.jpg,output/random_dataset/5747.jpg,cat
F:\NTSE\lab02\output\random_dataset\30.jpg,output/random_dataset/30.jpg,cat
F:\NTSE\lab02\output\random_dataset\554.jpg,output/random_dataset/554.jpg,cat
F:\NTSE\lab02\output\random_dataset\1719.jpg,output/random_dataset/1719.jpg,cat
F:\NTSE\lab02\output\random_dataset\167.jpg,output/random_dataset/167.jpg,cat
F:\NTSE\lab02\output\random_dataset\9607.jpg,output/random_dataset/9607.jpg,cat
F:\NTSE\lab02\output\random_dataset\3917.jpg,output/random_dataset/3917.jpg,cat
F:\NTSE\lab02\output\random_dataset\3259.jpg,output/random_dataset/3259.jpg,cat
F:\NTSE\lab02\output\random_dataset\2653.jpg,output/random_dataset/2653.jpg,cat
F:\NTSE\lab02\output\random_dataset\9633.jpg,output/random_dataset/9633.jpg,cat
F:\NTSE\lab02\output\random_dataset\1334.jpg,output/random_dataset/1334.jpg,cat
F:\NTSE\lab02\output\random_dataset\5370.jpg,output/random_dataset/5370.jpg,cat
F:\NTSE\lab02\output\random_dataset\1238.jpg,output/random_dataset/1238.jpg,cat
F:\NTSE\lab02\output\random_dataset\1342.jpg,output/random_dataset/1342.jpg,cat
F:\NTSE\lab02\output\random_dataset\1831.jpg,output/random_dataset/1831.jpg,cat
F:\NTSE\lab02\output\random_dataset\7911.jpg,output/random_dataset/7911.jpg,cat
F:\NTSE\lab02\output\random_dataset\2989.jpg,output/random_dataset/2989.jpg,cat
F:\NTSE\lab02\output\random_dataset\6165.jpg,output/random_dataset/6165.jpg,cat
F:\NTSE\lab02\output\random_dataset\8789.jpg,output/random_dataset/8789.jpg,cat
F:\NTSE\lab02\output\random_dataset\4919.jpg,output/random_dataset/4919.jpg,cat
F:\NTSE\lab02\output\random_dataset\4374.jpg,output/random_dataset/4374.jpg,cat
F:\NTSE\lab02\output\random_dataset\5405.jpg,output/random_dataset/5405.jpg,cat
F:\NTSE\lab02\output\random_dataset\2471.jpg,output/random_dataset/2471.jpg,cat
F:\NTSE\lab02\output\random_dataset\568.jpg,output/random_dataset/568.jpg,cat
F:\NTSE\lab02\output\random_dataset\3750.jpg,output/random_dataset/3750.jpg,cat
F:\NTSE\lab02\output\random_dataset\627.jpg,output/random_dataset/627.jpg,cat
F:\NTSE\lab02\output\random_dataset\4114.jpg,output/random_dataset/4114.jpg,cat
F:\NTSE\lab02\output\random_dataset\2101.jpg,output/random_dataset/2101.jpg,cat
F:\NTSE\lab02\output\random_dataset\9049.jpg,output/random_dataset/9049.jpg,cat
F:\NTSE\lab02\output\random_dataset\3347.jpg,output/random_dataset/3347.jpg,cat
F:\NTSE\lab02\output\random_dataset\7192.jpg,output/random_dataset/7192.jpg,cat
F:\NTSE\lab02\output\random_dataset\6455.jpg,output/random_dataset/6455.jpg,cat
F:\NTSE\lab02\output\random_dataset\1650.jpg,output/random_dataset/1650.jpg,cat
F:\NTSE\lab02\output\random_dataset\4518.jpg,output/random_dataset/4518.jpg,cat
F:\NTSE\lab02\output\random_dataset\3990.jpg,output/random_dataset/3990.jpg,cat
F:\NTSE\lab02\output\random_dataset\4347.jpg,output/random_dataset/4347.jpg,cat
F:\NTSE\lab02\output\random_dataset\96.jpg,output/random_dataset/96.jpg,cat
F:\NTSE\lab02\output\random_dataset\5733.jpg,output/random_dataset/5733.jpg,cat
F:\NTSE\lab02\output\random_dataset\8551.jpg,output/random_dataset/8551.jpg,cat
F:\NTSE\lab02\output\random_dataset\5301.jpg,output/random_dataset/5301.jpg,cat
F:\NTSE\lab02\output\random_dataset\657.jpg,output/random_dataset/657.jpg,cat
F:\NTSE\lab02\output\random_dataset\4865.jpg,output/random_dataset/4865.jpg,cat
F:\NTSE\lab02\output\random_dataset\9086.jpg,output/random_dataset/9086.jpg,cat
F:\NTSE\lab02\output\random_dataset\399.jpg,output/random_dataset/399.jpg,cat
F:\NTSE\lab02\output\random_dataset\5846.jpg,output/random_dataset/5846.jpg,cat
F:\NTSE\lab02\output\random_dataset\6089.jpg,output/random_dataset/6089.jpg,cat
F:\NTSE\lab02\output\random_dataset\3195.jpg,output/random_dataset/3195.jpg,cat
F:\NTSE\lab02\output\random_dataset\406.jpg,output/random_dataset/406.jpg,cat
F:\NTSE\lab02\output\random_dataset\7175.jpg,output/random_dataset/7175.jpg,cat
F:\NTSE\lab02\output\random_dataset\1535.jpg,output/random_dataset/1535.jpg,cat
F:\NTSE\lab02\output\random_dataset\9585.jpg,output/random_dataset/9585.jpg,cat
F:\NTSE\lab02\output\random_dataset\1329.jpg,output/random_dataset/1329.jpg,cat
F:\NTSE\lab02\output\random_dataset\4218.jpg,output/random_dataset/4218.jpg,cat
F:\NTSE\lab02\output\random_dataset\1420.jpg,output/random_dataset/1420.jpg,cat
F:\NTSE\lab02\output\random_dataset\3251.jpg,output/random_dataset/3251.jpg,cat
F:\NTSE\lab02\output\random_dataset\1432.jpg,output/random_dataset/1432.jpg,cat
F:\NTSE\lab02\output\random_dataset\6149.jpg,output/random_dataset/6149.jpg,cat
F:\NTSE\lab02\output\random_dataset\3989.jpg,output/random_dataset/3989.jpg,cat
F:\NTSE\lab02\output\random_dataset\8928.jpg,output/random_dataset/8928.jpg,cat
F:\NTSE\lab02\output\random_dataset\4272.jpg,output/random_dataset/4272.jpg,cat
F:\NTSE\lab02\output\random_dataset\5556.jpg,output/random_dataset/5556.jpg,cat
F:\NTSE\lab02\output\random_dataset\1892.jpg,output/random_dataset/1892.jpg,cat
F:\NTSE\lab02\output\random_dataset\6806.jpg,output/random_dataset/6806.jpg,cat
F:\NTSE\lab02\output\random_dataset\210.jpg,output/random_dataset/210.jpg,cat
F:\NTSE\lab02\output\random_dataset\2375.jpg,output/random_dataset/2375.jpg,cat
F:\NTSE\lab02\output\random_dataset\8492.jpg,output/random_dataset/8492.jpg,cat
F:\NTSE\lab02\output\random_dataset\6803.jpg,output/random_dataset/6803.jpg,cat
F:\NTSE\lab02\output\random_dataset\1263.jpg,output/random_dataset/1263.jpg,cat
F:\NTSE\lab02\output\random_dataset\8102.jpg,output/random_dataset/8102.jpg,cat
F:\NTSE\lab02\output\random_dataset\3402.jpg,output/random_dataset/3402.jpg,cat
F:\NTSE\lab02\output\random_dataset\1584.jpg,output/random_dataset/1584.jpg,cat
F:\NTSE\lab02\output\random_dataset\6280.jpg,output/random_dataset/6280.jpg,cat
F:\NTSE\lab02\output\random_dataset\5837.jpg,output/random_dataset/5837.jpg,cat
F:\NTSE\lab02\output\random_dataset\6888.jpg,output/random_dataset/6888.jpg,cat
F:\NTSE\lab02\output\random_dataset\9245.jpg,output/random_dataset/9245.jpg,cat
F:\NTSE\lab02\output\random_dataset\7519.jpg,output/random_dataset/7519.jpg,cat
F:\NTSE\lab02\output\random_dataset\6922.jpg,output/random_dataset/6922.jpg,cat
F:\NTSE\lab02\output\random_dataset\2129.jpg,output/random_dataset/2129.jpg,cat
F:\NTSE\lab02\output\random_dataset\2429.jpg,output/random_dataset/2429.jpg,cat
F:\NTSE\lab02\output\random_dataset\6911.jpg,output/random_dataset/6911.jpg,cat
F:\NTSE\lab02\output\random_dataset\3006.jpg,output/random_dataset/3006.jpg,cat
F:\NTSE\lab02\output\random_dataset\1728.jpg,output/random_dataset/1728.jpg,cat
F:\NTSE\lab02\output\random_dataset\8481.jpg,output/random_dataset/8481.jpg,cat
F:\NTSE\lab02\output\random_dataset\4953.jpg,output/random_dataset/4953.jpg,cat
F:\NTSE\lab02\output\random_dataset\2723.jpg,output/random_dataset/2723.jpg,cat
F:\NTSE\lab02\output\random_dataset\4579.jpg,output/random_dataset/4579.jpg,cat
F:\NTSE\lab02\output\random_dataset\7506.jpg,output/random_dataset/7506.jpg,cat
F:\NTSE\lab02\output\random_dataset\5767.jpg,output/random_dataset/5767.jpg,cat
F:\NTSE\lab02\output\random_dataset\3185.jpg,output/random_dataset/3185.jpg,cat
F:\NTSE\lab02\output\random_dataset\1761.jpg,output/random_dataset/1761.jpg,cat
F:\NTSE\lab02\output\random_dataset\7302.jpg,output/random_dataset/7302.jpg,cat
F:\NTSE\lab02\output\random_dataset\2785.jpg,output/random_dataset/2785.jpg,cat
F:\NTSE\lab02\output\random_dataset\4693.jpg,output/random_dataset/4693.jpg,cat
F:\NTSE\lab02\output\random_dataset\5951.jpg,output/random_dataset/5951.jpg,cat
F:\NTSE\lab02\output\random_dataset\6341.jpg,output/random_dataset/6341.jpg,cat
F:\NTSE\lab02\output\random_dataset\8720.jpg,output/random_dataset/8720.jpg,cat
F:\NTSE\lab02\output\random_dataset\9502.jpg,output/random_dataset/9502.jpg,cat
F:\NTSE\lab02\output\random_dataset\8416.jpg,output/random_dataset/8416.jpg,cat
F:\NTSE\lab02\output\random_dataset\9074.jpg,output/random_dataset/9074.jpg,cat
F:\NTSE\lab02\output\random_dataset\2787.jpg,output/random_dataset/2787.jpg,cat
F:\NTSE\lab02\output\random_dataset\8693.jpg,output/random_dataset/8693.jpg,cat
F:\NTSE\lab02\output\random_dataset\661.jpg,output/random_dataset/661.jpg,cat
F:\NTSE\lab02\output\random_dataset\293.jpg,output/random_dataset/293.jpg,cat
F:\NTSE\lab02\output\random_dataset\3974.jpg,output/random_dataset/3974.jpg,cat
F:\NTSE\lab02\output\random_dataset\9668.jpg,output/random_dataset/9668.jpg,cat
F:\NTSE\lab02\output\random_dataset\7121.jpg,output/random_dataset/7121.jpg,cat
F:\NTSE\lab02\output\random_dataset\4469.jpg,output/random_dataset/4469.jpg,cat
F:\NTSE\lab02\output\random_dataset\6693.jpg,output/random_dataset/6693.jpg,cat
F:\NTSE\lab02\output\random_dataset\7400.jpg,output/random_dataset/7400.jpg,cat
F:\NTSE\lab02\output\random_dataset\5137.jpg,output/random_dataset/5137.jpg,cat
F:\NTSE\lab02\output\random_dataset\373.jpg,output/random_dataset/373.jpg,cat
F:\NTSE\lab02\output\random_dataset\461.jpg,output/random_dataset/461.jpg,cat
F:\NTSE\lab02\output\random_dataset\6117.jpg,output/random_dataset/6117.jpg,cat
F:\NTSE\lab02\output\random_dataset\6740.jpg,output/random_dataset/6740.jpg,cat
F:\NTSE\lab02\output\random_dataset\5835.jpg,output/random_dataset/5835.jpg,cat
F:\NTSE\lab02\output\random_dataset\7384.jpg,output/random_dataset/7384.jpg,cat
F:\NTSE\lab02\output\random_dataset\4986.jpg,output/random_dataset/4986.jpg,cat
F:\NTSE\lab02\output\random_dataset\4056.jpg,output/random_dataset/4056.jpg,cat
F:\NTSE\lab02\output\random_dataset\6647.jpg,output/random_dataset/6647.jpg,cat
F:\NTSE\lab02\output\random_dataset\420.jpg,output/random_dataset/420.jpg,cat
F:\NTSE\lab02\output\random_dataset\1112.jpg,output/random_dataset/1112.jpg,cat
F:\NTSE\lab02\output\random_dataset\234.jpg,output/random_dataset/234.jpg,cat
F:\NTSE\lab02\output\random_dataset\3279.jpg,output/random_dataset/3279.jpg,cat
F:\NTSE\lab02\output\random_dataset\2547.jpg,output/random_dataset/2547.jpg,cat
F:\NTSE\lab02\output\random_dataset\5861.jpg,output/random_dataset/5861.jpg,cat
F:\NTSE\lab02\output\random_dataset\1166.jpg,output/random_dataset/1166.jpg,cat
F:\NTSE\lab02\output\random_dataset\3269.jpg,output/random_dataset/3269.jpg,cat
F:\NTSE\lab02\output\random_dataset\8800.jpg,output/random_dataset/8800.jpg,cat
F:\NTSE\lab02\output\random_dataset\815.jpg,output/random_dataset/815.jpg,cat
F:\NTSE\lab02\output\random_dataset\7226.jpg,output/random_dataset/7226.jpg,cat
F:\NTSE\lab02\output\random_dataset\4568.jpg,output/random_dataset/4568.jpg,cat
F:\NTSE\lab02\output\random_dataset\4662.jpg,output/random_dataset/4662.jpg,cat
F:\NTSE\lab02\output\random_dataset\396.jpg,output/random_dataset/396.jpg,cat
F:\NTSE\lab02\output\random_dataset\1184.jpg,output/random_dataset/1184.jpg,cat
F:\NTSE\lab02\output\random_dataset\2151.jpg,output/random_dataset/2151.jpg,cat
F:\NTSE\lab02\output\random_dataset\5821.jpg,output/random_dataset/5821.jpg,cat
F:\NTSE\lab02\output\random_dataset\1314.jpg,output/random_dataset/1314.jpg,cat
F:\NTSE\lab02\output\random_dataset\6327.jpg,output/random_dataset/6327.jpg,cat
F:\NTSE\lab02\output\random_dataset\2303.jpg,output/random_dataset/2303.jpg,cat
F:\NTSE\lab02\output\random_dataset\8016.jpg,output/random_dataset/8016.jpg,cat
F:\NTSE\lab02\output\random_dataset\9673.jpg,output/random_dataset/9673.jpg,cat
F:\NTSE\lab02\output\random_dataset\3456.jpg,output/random_dataset/3456.jpg,cat
F:\NTSE\lab02\output\random_dataset\3884.jpg,output/random_dataset/3884.jpg,cat
F:\NTSE\lab02\output\random_dataset\3967.jpg,output/random_dataset/3967.jpg,cat
F:\NTSE\lab02\output\random_dataset\5345.jpg,output/random_dataset/5345.jpg,cat
F:\NTSE\lab02\output\random_dataset\3272.jpg,output/random_dataset/3272.jpg,cat
F:\NTSE\lab02\output\random_dataset\9258.jpg,output/random_dataset/9258.jpg,cat
F:\NTSE\lab02\output\random_dataset\4537.jpg,output/random_dataset/4537.jpg,cat
F:\NTSE\lab02\output\random_dataset\658.jpg,output/random_dataset/658.jpg,cat
F:\NTSE\lab02\output\random_dataset\9064.jpg,output/random_dataset/9064.jpg,cat
F:\NTSE\lab02\output\random_dataset\4830.jpg,output/random_dataset/4830.jpg,cat
F:\NTSE\lab02\output\random_dataset\7720.jpg,output/random_dataset/7720.jpg,cat
F:\NTSE\lab02\output\random_dataset\5457.jpg,output/random_dataset/5457.jpg,cat
F:\NTSE\lab02\output\random_dataset\3671.jpg,output/random_dataset/3671.jpg,cat
F:\NTSE\lab02\output\random_dataset\2949.jpg,output/random_dataset/2949.jpg,cat
F:\NTSE\lab02\output\random_dataset\6300.jpg,output/random_dataset/6300.jpg,cat
F:\NTSE\lab02\output\random_dataset\7857.jpg,output/random_dataset/7857.jpg,cat
F:\NTSE\lab02\output\random_dataset\7576.jpg,output/random_dataset/7576.jpg,cat
F:\NTSE\lab02\output\random_dataset\5039.jpg,output/random_dataset/5039.jpg,cat
F:\NTSE\lab02\output\random_dataset\6491.jpg,output/random_dataset/6491.jpg,cat
F:\NTSE\lab02\output\random_dataset\7341.jpg,output/random_dataset/7341.jpg,cat
F:\NTSE\lab02\output\random_dataset\4915.jpg,output/random_dataset/4915.jpg,cat
F:\NTSE\lab02\output\random_dataset\3813.jpg,output/random_dataset/3813.jpg,cat
F:\NTSE\lab02\output\random_dataset\947.jpg,output/random_dataset/947.jpg,cat
F:\NTSE\lab02\output\random_dataset\1662.jpg,output/random_dataset/1662.jpg,cat
F:\NTSE\lab02\output\random_dataset\7797.jpg,output/random_dataset/7797.jpg,cat
F:\NTSE\lab02\output\random_dataset\827.jpg,output/random_dataset/827.jpg,cat
F:\NTSE\lab02\output\random_dataset\4526.jpg,output/random_dataset/4526.jpg,cat
F:\NTSE\lab02\output\random_dataset\2625.jpg,output/random_dataset/2625.jpg,cat
F:\NTSE\lab02\output\random_dataset\1164.jpg,output/random_dataset/1164.jpg,cat
F:\NTSE\lab02\output\random_dataset\5858.jpg,output/random_dataset/5858.jpg,cat
F:\NTSE\lab02\output\random_dataset\9745.jpg,output/random_dataset/9745.jpg,cat
F:\NTSE\lab02\output\random_dataset\2019.jpg,output/random_dataset/2019.jpg,cat
F:\NTSE\lab02\output\random_dataset\3358.jpg,output/random_dataset/3358.jpg,cat
F:\NTSE\lab02\output\random_dataset\6718.jpg,output/random_dataset/6718.jpg,cat
F:\NTSE\lab02\output\random_dataset\9404.jpg,output/random_dataset/9404.jpg,cat
F:\NTSE\lab02\output\random_dataset\795.jpg,output/random_dataset/795.jpg,cat
F:\NTSE\lab02\output\random_dataset\4666.jpg,output/random_dataset/4666.jpg,cat
F:\NTSE\lab02\output\random_dataset\9376.jpg,output/random_dataset/9376.jpg,cat
F:\NTSE\lab02\output\random_dataset\4426.jpg,output/random_dataset/4426.jpg,cat
F:\NTSE\lab02\output\random_dataset\5386.jpg,output/random_dataset/5386.jpg,cat
F:\NTSE\lab02\output\random_dataset\1376.jpg,output/random_dataset/1376.jpg,cat
F:\NTSE\lab02\output\random_dataset\452.jpg,output/random_dataset/452.jpg,cat
F:\NTSE\lab02\output\random_dataset\567.jpg,output/random_dataset/567.jpg,cat
F:\NTSE\lab02\output\random_dataset\5210.jpg,output/random_dataset/5210.jpg,cat
F:\NTSE\lab02\output\random_dataset\6057.jpg,output/random_dataset/6057.jpg,cat
F:\NTSE\lab02\output\random_dataset\653.jpg,output/random_dataset/653.jpg,cat
F:\NTSE\lab02\output\random_dataset\9581.jpg,output/random_dataset/9581.jpg,cat
F:\NTSE\lab02\output\random_dataset\5306.jpg,output/random_dataset/5306.jpg,cat
F:\NTSE\lab02\output\random_dataset\5085.jpg,output/random_dataset/5085.jpg,cat
F:\NTSE\lab02\output\random_dataset\1086.jpg,output/random_dataset/1086.jpg,cat
F:\NTSE\lab02\output\random_dataset\9394.jpg,output/random_dataset/9394.jpg,cat
F:\NTSE\lab02\output\random_dataset\3886.jpg,output/random_dataset/3886.jpg,cat
F:\NTSE\lab02\output\random_dataset\248.jpg,output/random_dataset/248.jpg,cat
F:\NTSE\lab02\output\random_dataset\8656.jpg,output/random_dataset/8656.jpg,cat
F:\NTSE\lab02\output\random_dataset\8550.jpg,output/random_dataset/8550.jpg,cat
F:\NTSE\lab02\output\random_dataset\6298.jpg,output/random_dataset/6298.jpg,cat
F:\NTSE\lab02\output\random_dataset\98.jpg,output/random_dataset/98.jpg,cat
F:\NTSE\lab02\output\random_dataset\7393.jpg,output/random_dataset/7393.jpg,cat
F:\NTSE\lab02\output\random_dataset\5490.jpg,output/random_dataset/5490.jpg,cat
F:\NTSE\lab02\output\random_dataset\6788.jpg,output/random_dataset/6788.jpg,cat
F:\NTSE\lab02\output\random_dataset\3354.jpg,output/random_dataset/3354.jpg,cat
F:\NTSE\lab02\output\random_dataset\5133.jpg,output/random_dataset/5133.jpg,cat
F:\NTSE\lab02\output\random_dataset\8620.jpg,output/random_dataset/8620.jpg,cat
F:\NTSE\lab02\output\random_dataset\2464.jpg,output/random_dataset/2464.jpg,cat
F:\NTSE\lab02\output\random_dataset\8022.jpg,output/random_dataset/8022.jpg,cat
F:\NTSE\lab02\output\random_dataset\9555.jpg,output/random_dataset/9555.jpg,cat
F:\NTSE\lab02\output\random_dataset\2705.jpg,output/random_dataset/2705.jpg,cat
F:\NTSE\lab02\output\random_dataset\2669.jpg,output/random_dataset/2669.jpg,cat
F:\NTSE\lab02\output\random_dataset\789.jpg,output/random_dataset/789.jpg,cat
F:\NTSE\lab02\output\random_dataset\7486.jpg,output/random_dataset/7486.jpg,cat
F:\NTSE\lab02\output\random_dataset\5317.jpg,output/random_dataset/5317.jpg,cat
F:\NTSE\lab02\output\random_dataset\4656.jpg,output/random_dataset/4656.jpg,cat
F:\NTSE\lab02\output\random_dataset\1163.jpg,output/random_dataset/1163.jpg,cat
F:\NTSE\lab02\output\random_dataset\9269.jpg,output/random_dataset/9269.jpg,cat
F:\NTSE\lab02\output\random_dataset\2714.jpg,output/random_dataset/2714.jpg,cat
F:\NTSE\lab02\output\random_dataset\1176.jpg,output/random_dataset/1176.jpg,cat
F:\NTSE\lab02\output\random_dataset\1614.jpg,output/random_dataset/1614.jpg,cat
F:\NTSE\lab02\output\random_dataset\4500.jpg,output/random_dataset/4500.jpg,cat
F:\NTSE\lab02\output\random_dataset\7768.jpg,output/random_dataset/7768.jpg,cat
F:\NTSE\lab02\output\random_dataset\606.jpg,output/random_dataset/606.jpg,cat
F:\NTSE\lab02\output\random_dataset\6739.jpg,output/random_dataset/6739.jpg,cat
F:\NTSE\lab02\output\random_dataset\6352.jpg,output/random_dataset/6352.jpg,cat
F:\NTSE\lab02\output\random_dataset\4508.jpg,output/random_dataset/4508.jpg,cat
F:\NTSE\lab02\output\random_dataset\4027.jpg,output/random_dataset/4027.jpg,cat
F:\NTSE\lab02\output\random_dataset\3149.jpg,output/random_dataset/3149.jpg,cat
F:\NTSE\lab02\output\random_dataset\7816.jpg,output/random_dataset/7816.jpg,cat
F:\NTSE\lab02\output\random_dataset\4485.jpg,output/random_dataset/4485.jpg,cat
F:\NTSE\lab02\output\random_dataset\5976.jpg,output/random_dataset/5976.jpg,cat
F:\NTSE\lab02\output\random_dataset\5097.jpg,output/random_dataset/5097.jpg,cat
F:\NTSE\lab02\output\random_dataset\7000.jpg,output/random_dataset/7000.jpg,cat
F:\NTSE\lab02\output\random_dataset\3448.jpg,output/random_dataset/3448.jpg,cat
F:\NTSE\lab02\output\random_dataset\5006.jpg,output/random_dataset/5006.jpg,cat
F:\NTSE\lab02\output\random_dataset\7190.jpg,output/random_dataset/7190.jpg,cat
F:\NTSE\lab02\output\random_dataset\8712.jpg,output/random_dataset/8712.jpg,cat
F:\NTSE\lab02\output\random_dataset\2590.jpg,output/random_dataset/2590.jpg,cat
F:\NTSE\lab02\output\random_dataset\5931.jpg,output/random_dataset/5931.jpg,cat
F:\NTSE\lab02\output\random_dataset\109.jpg,output/random_dataset/109.jpg,cat
F:\NTSE\lab02\output\random_dataset\6632.jpg,output/random_dataset/6632.jpg,cat
F:\NTSE\lab02\output\random_dataset\3264.jpg,output/random_dataset/3264.jpg,cat
F:\NTSE\lab02\output\random_dataset\5885.jpg,output/random_dataset/5885.jpg,cat
F:\NTSE\lab02\output\random_dataset\3745.jpg,output/random_dataset/3745.jpg,cat
F:\NTSE\lab02\output\random_dataset\6093.jpg,output/random_dataset/6093.jpg,cat
F:\NTSE\lab02\output\random_dataset\6120.jpg,output/random_dataset/6120.jpg,cat
F:\NTSE\lab02\output\random_dataset\9283.jpg,output/random_dataset/9283.jpg,cat
F:\NTSE\lab02\output\random_dataset\2064.jpg,output/random_dataset/2064.jpg,cat
F:\NTSE\lab02\output\random_dataset\3758.jpg,output/random_dataset/3758.jpg,cat
F:\NTSE\lab02\output\random_dataset\1037.jpg,output/random_dataset/1037.jpg,cat
F:\NTSE\lab02\output\random_dataset\8565.jpg,output/random_dataset/8565.jpg,cat
F:\NTSE\lab02\output\random_dataset\826.jpg,output/random_dataset/826.jpg,cat
F:\NTSE\lab02\output\random_dataset\6216.jpg,output/random_dataset/6216.jpg,cat
F:\NTSE\lab02\output\random_dataset\8299.jpg,output/random_dataset/8299.jpg,cat
F:\NTSE\lab02\output\random_dataset\700.jpg,output/random_dataset/700.jpg,cat
F:\NTSE\lab02\output\random_dataset\4512.jpg,output/random_dataset/4512.jpg,cat
F:\NTSE\lab02\output\random_dataset\6359.jpg,output/random_dataset/6359.jpg,cat
F:\NTSE\lab02\output\random_dataset\3847.jpg,output/random_dataset/3847.jpg,cat
F:\NTSE\lab02\output\random_dataset\1745.jpg,output/random_dataset/1745.jpg,cat
F:\NTSE\lab02\output\random_dataset\5581.jpg,output/random_dataset/5581.jpg,cat
F:\NTSE\lab02\output\random_dataset\7964.jpg,output/random_dataset/7964.jpg,cat
F:\NTSE\lab02\output\random_dataset\9222.jpg,output/random_dataset/9222.jpg,cat
F:\NTSE\lab02\output\random_dataset\3687.jpg,output/random_dataset/3687.jpg,cat
F:\NTSE\lab02\output\random_dataset\2554.jpg,output/random_dataset/2554.jpg,cat
F:\NTSE\lab02\output\random_dataset\4245.jpg,output/random_dataset/4245.jpg,cat
F:\NTSE\lab02\output\random_dataset\9899.jpg,output/random_dataset/9899.jpg,cat
F:\NTSE\lab02\output\random_dataset\4790.jpg,output/random_dataset/4790.jpg,cat
F:\NTSE\lab02\output\random_dataset\3197.jpg,output/random_dataset/3197.jpg,cat
F:\NTSE\lab02\output\random_dataset\895.jpg,output/random_dataset/895.jpg,cat
F:\NTSE\lab02\output\random_dataset\6881.jpg,output/random_dataset/6881.jpg,cat
F:\NTSE\lab02\output\random_dataset\3895.jpg,output/random_dataset/3895.jpg,cat
F:\NTSE\lab02\output\random_dataset\1782.jpg,output/random_dataset/1782.jpg,cat
F:\NTSE\lab02\output\random_dataset\2548.jpg,output/random_dataset/2548.jpg,cat
F:\NTSE\lab02\output\random_dataset\9347.jpg,output/random_dataset/9347.jpg,cat
F:\NTSE\lab02\output\random_dataset\8189.jpg,output/random_dataset/8189.jpg,cat
F:\NTSE\lab02\output\random_dataset\4534.jpg,output/random_dataset/4534.jpg,cat
F:\NTSE\lab02\output\random_dataset\1555.jpg,output/random_dataset/1555.jpg,cat
F:\NTSE\lab02\output\random_dataset\5384.jpg,output/random_dataset/5384.jpg,cat
F:\NTSE\lab02\output\random_dataset\8009.jpg,output/random_dataset/8009.jpg,cat
F:\NTSE\lab02\output\random_dataset\7527.jpg,output/random_dataset/7527.jpg,cat
F:\NTSE\lab02\output\random_dataset\9810.jpg,output/random_dataset/9810.jpg,cat
F:\NTSE\lab02\output\random_dataset\9077.jpg,output/random_dataset/9077.jpg,cat
F:\NTSE\lab02\output\random_dataset\3301.jpg,output/random_dataset/3301.jpg,cat
F:\NTSE\lab02\output\random_dataset\2401.jpg,output/random_dataset/2401.jpg,cat
F:\NTSE\lab02\output\random_dataset\7656.jpg,output/random_dataset/7656.jpg,cat
F:\NTSE\lab02\output\random_dataset\1936.jpg,output/random_dataset/1936.jpg,cat
F:\NTSE\lab02\output\random_dataset\3143.jpg,output/random_dataset/3143.jpg,cat
F:\NTSE\lab02\output\random_dataset\7823.jpg,output/random_dataset/7823.jpg,cat
F:\NTSE\lab02\output\random_dataset\8061.jpg,output/random_dataset/8061.jpg,cat
F:\NTSE\lab02\output\random_dataset\3134.jpg,output/random_dataset/3134.jpg,cat
F:\NTSE\lab02\output\random_dataset\1997.jpg,output/random_dataset/1997.jpg,cat
F:\NTSE\lab02\output\random_dataset\3543.jpg,output/random_dataset/3543.jpg,cat
F:\NTSE\lab02\output\random_dataset\6865.jpg,output/random_dataset/6865.jpg,cat
F:\NTSE\lab02\output\random_dataset\5952.jpg,output/random_dataset/5952.jpg,cat
F:\NTSE\lab02\output\random_dataset\5741.jpg,output/random_dataset/5741.jpg,cat
F:\NTSE\lab02\output\random_dataset\8213.jpg,output/random_dataset/8213.jpg,cat
F:\NTSE\lab02\output\random_dataset\9192.jpg,output/random_dataset/9192.jpg,cat
F:\NTSE\lab02\output\random_dataset\3054.jpg,output/random_dataset/3054.jpg,cat
F:\NTSE\lab02\output\random_dataset\562.jpg,output/random_dataset/562.jpg,cat
F:\NTSE\lab02\output\random_dataset\3505.jpg,output/random_dataset/3505.jpg,cat
F:\NTSE\lab02\output\random_dataset\8975.jpg,output/random_dataset/8975.jpg,cat
F:\NTSE\lab02\output\random_dataset\4818.jpg,output/random_dataset/4818.jpg,cat
F:\NTSE\lab02\output\random_dataset\8261.jpg,output/random_dataset/8261.jpg,cat
F:\NTSE\lab02\output\random_dataset\2061.jpg,output/random_dataset/2061.jpg,cat
F:\NTSE\lab02\output\random_dataset\57.jpg,output/random_dataset/57.jpg,cat
F:\NTSE\lab02\output\random_dataset\6900.jpg,output/random_dataset/6900.jpg,cat
F:\NTSE\lab02\output\random_dataset\9794.jpg,output/random_dataset/9794.jpg,cat
F:\NTSE\lab02\output\random_dataset\7146.jpg,output/random_dataset/7146.jpg,cat
F:\NTSE\lab02\output\random_dataset\9925.jpg,output/random_dataset/9925.jpg,cat
F:\NTSE\lab02\output\random_dataset\3698.jpg,output/random_dataset/3698.jpg,cat
F:\NTSE\lab02\output\random_dataset\5178.jpg,output/random_dataset/5178.jpg,cat
F:\NTSE\lab02\output\random_dataset\1069.jpg,output/random_dataset/1069.jpg,cat
F:\NTSE\lab02\output\random_dataset\6386.jpg,output/random_dataset/6386.jpg,cat
F:\NTSE\lab02\output\random_dataset\4121.jpg,output/random_dataset/4121.jpg,cat
F:\NTSE\lab02\output\random_dataset\6586.jpg,output/random_dataset/6586.jpg,cat
F:\NTSE\lab02\output\random_dataset\4780.jpg,output/random_dataset/4780.jpg,cat
F:\NTSE\lab02\output\random_dataset\3488.jpg,output/random_dataset/3488.jpg,cat
F:\NTSE\lab02\output\random_dataset\6081.jpg,output/random_dataset/6081.jpg,cat
F:\NTSE\lab02\output\random_dataset\7362.jpg,output/random_dataset/7362.jpg,cat
F:\NTSE\lab02\output\random_dataset\239.jpg,output/random_dataset/239.jpg,cat
F:\NTSE\lab02\output\random_dataset\2567.jpg,output/random_dataset/2567.jpg,cat
F:\NTSE\lab02\output\random_dataset\7705.jpg,output/random_dataset/7705.jpg,cat
F:\NTSE\lab02\output\random_dataset\1246.jpg,output/random_dataset/1246.jpg,cat
F:\NTSE\lab02\output\random_dataset\6511.jpg,output/random_dataset/6511.jpg,cat
F:\NTSE\lab02\output\random_dataset\1357.jpg,output/random_dataset/1357.jpg,cat
F:\NTSE\lab02\output\random_dataset\5524.jpg,output/random_dataset/5524.jpg,cat
F:\NTSE\lab02\output\random_dataset\560.jpg,output/random_dataset/560.jpg,cat
F:\NTSE\lab02\output\random_dataset\6421.jpg,output/random_dataset/6421.jpg,cat
F:\NTSE\lab02\output\random_dataset\9826.jpg,output/random_dataset/9826.jpg,cat
F:\NTSE\lab02\output\random_dataset\3308.jpg,output/random_dataset/3308.jpg,cat
F:\NTSE\lab02\output\random_dataset\6957.jpg,output/random_dataset/6957.jpg,cat
F:\NTSE\lab02\output\random_dataset\142.jpg,output/random_dataset/142.jpg,cat
F:\NTSE\lab02\output\random_dataset\3014.jpg,output/random_dataset/3014.jpg,cat
F:\NTSE\lab02\output\random_dataset\1236.jpg,output/random_dataset/1236.jpg,cat
F:\NTSE\lab02\output\random_dataset\1805.jpg,output/random_dataset/1805.jpg,cat
F:\NTSE\lab02\output\random_dataset\4192.jpg,output/random_dataset/4192.jpg,cat
F:\NTSE\lab02\output\random_dataset\7051.jpg,output/random_dataset/7051.jpg,cat
F:\NTSE\lab02\output\random_dataset\3827.jpg,output/random_dataset/3827.jpg,cat
F:\NTSE\lab02\output\random_dataset\8218.jpg,output/random_dataset/8218.jpg,cat
F:\NTSE\lab02\output\random_dataset\2062.jpg,output/random_dataset/2062.jpg,cat
F:\NTSE\lab02\output\random_dataset\6890.jpg,output/random_dataset/6890.jpg,cat
F:\NTSE\lab02\output\random_dataset\2803.jpg,output/random_dataset/2803.jpg,cat
F:\NTSE\lab02\output\random_dataset\8757.jpg,output/random_dataset/8757.jpg,cat
F:\NTSE\lab02\output\random_dataset\1152.jpg,output/random_dataset/1152.jpg,cat
F:\NTSE\lab02\output\random_dataset\7101.jpg,output/random_dataset/7101.jpg,cat
F:\NTSE\lab02\output\random_dataset\5328.jpg,output/random_dataset/5328.jpg,cat
F:\NTSE\lab02\output\random_dataset\6215.jpg,output/random_dataset/6215.jpg,cat
F:\NTSE\lab02\output\random_dataset\9129.jpg,output/random_dataset/9129.jpg,cat
F:\NTSE\lab02\output\random_dataset\2564.jpg,output/random_dataset/2564.jpg,cat
F:\NTSE\lab02\output\random_dataset\4891.jpg,output/random_dataset/4891.jpg,cat
F:\NTSE\lab02\output\random_dataset\1036.jpg,output/random_dataset/1036.jpg,cat
F:\NTSE\lab02\output\random_dataset\670.jpg,output/random_dataset/670.jpg,cat
F:\NTSE\lab02\output\random_dataset\730.jpg,output/random_dataset/730.jpg,cat
F:\NTSE\lab02\output\random_dataset\367.jpg,output/random_dataset/367.jpg,cat
F:\NTSE\lab02\output\random_dataset\2362.jpg,output/random_dataset/2362.jpg,cat
F:\NTSE\lab02\output\random_dataset\7334.jpg,output/random_dataset/7334.jpg,cat
F:\NTSE\lab02\output\random_dataset\9297.jpg,output/random_dataset/9297.jpg,cat
F:\NTSE\lab02\output\random_dataset\7330.jpg,output/random_dataset/7330.jpg,cat
F:\NTSE\lab02\output\random_dataset\7097.jpg,output/random_dataset/7097.jpg,cat
F:\NTSE\lab02\output\random_dataset\8164.jpg,output/random_dataset/8164.jpg,cat
F:\NTSE\lab02\output\random_dataset\5327.jpg,output/random_dataset/5327.jpg,cat
F:\NTSE\lab02\output\random_dataset\7733.jpg,output/random_dataset/7733.jpg,cat
F:\NTSE\lab02\output\random_dataset\8441.jpg,output/random_dataset/8441.jpg,cat
F:\NTSE\lab02\output\random_dataset\8658.jpg,output/random_dataset/8658.jpg,cat
F:\NTSE\lab02\output\random_dataset\3718.jpg,output/random_dataset/3718.jpg,cat
F:\NTSE\lab02\output\random_dataset\3415.jpg,output/random_dataset/3415.jpg,cat
F:\NTSE\lab02\output\random_dataset\6743.jpg,output/random_dataset/6743.jpg,cat
F:\NTSE\lab02\output\random_dataset\9708.jpg,output/random_dataset/9708.jpg,cat
F:\NTSE\lab02\output\random_dataset\1437.jpg,output/random_dataset/1437.jpg,cat
F:\NTSE\lab02\output\random_dataset\7111.jpg,output/random_dataset/7111.jpg,cat
F:\NTSE\lab02\output\random_dataset\3423.jpg,output/random_dataset/3423.jpg,cat
F:\NTSE\lab02\output\random_dataset\2481.jpg,output/random_dataset/2481.jpg,cat
F:\NTSE\lab02\output\random_dataset\2943.jpg,output/random_dataset/2943.jpg,cat
F:\NTSE\lab02\output\random_dataset\6874.jpg,output/random_dataset/6874.jpg,cat
F:\NTSE\lab02\output\random_dataset\5724.jpg,output/random_dataset/5724.jpg,cat
F:\NTSE\lab02\output\random_dataset\6127.jpg,output/random_dataset/6127.jpg,cat
F:\NTSE\lab02\output\random_dataset\1405.jpg,output/random_dataset/1405.jpg,cat
F:\NTSE\lab02\output\random_dataset\1531.jpg,output/random_dataset/1531.jpg,cat
F:\NTSE\lab02\output\random_dataset\5902.jpg,output/random_dataset/5902.jpg,cat
F:\NTSE\lab02\output\random_dataset\6059.jpg,output/random_dataset/6059.jpg,cat
F:\NTSE\lab02\output\random_dataset\1047.jpg,output/random_dataset/1047.jpg,cat
F:\NTSE\lab02\output\random_dataset\2460.jpg,output/random_dataset/2460.jpg,cat
F:\NTSE\lab02\output\random_dataset\4208.jpg,output/random_dataset/4208.jpg,cat
F:\NTSE\lab02\output\random_dataset\3999.jpg,output/random_dataset/3999.jpg,cat
F:\NTSE\lab02\output\random_dataset\2720.jpg,output/random_dataset/2720.jpg,cat
F:\NTSE\lab02\output\random_dataset\9149.jpg,output/random_dataset/9149.jpg,cat
F:\NTSE\lab02\output\random_dataset\6524.jpg,output/random_dataset/6524.jpg,cat
F:\NTSE\lab02\output\random_dataset\4048.jpg,output/random_dataset/4048.jpg,cat
F:\NTSE\lab02\output\random_dataset\8931.jpg,output/random_dataset/8931.jpg,cat
F:\NTSE\lab02\output\random_dataset\1280.jpg,output/random_dataset/1280.jpg,cat
F:\NTSE\lab02\output\random_dataset\4626.jpg,output/random_dataset/4626.jpg,cat
F:\NTSE\lab02\output\random_dataset\3892.jpg,output/random_dataset/3892.jpg,cat
F:\NTSE\lab02\output\random_dataset\3476.jpg,output/random_dataset/3476.jpg,cat
F:\NTSE\lab02\output\random_dataset\2114.jpg,output/random_dataset/2114.jpg,cat
F:\NTSE\lab02\output\random_dataset\5120.jpg,output/random_dataset/5120.jpg,cat
F:\NTSE\lab02\output\random_dataset\3373.jpg,output/random_dataset/3373.jpg,cat
F:\NTSE\lab02\output\random_dataset\8202.jpg,output/random_dataset/8202.jpg,cat
F:\NTSE\lab02\output\random_dataset\6843.jpg,output/random_dataset/6843.jpg,cat
F:\NTSE\lab02\output\random_dataset\7626.jpg,output/random_dataset/7626.jpg,cat
F:\NTSE\lab02\output\random_dataset\3603.jpg,output/random_dataset/3603.jpg,cat
F:\NTSE\lab02\output\random_dataset\5629.jpg,output/random_dataset/5629.jpg,cat
F:\NTSE\lab02\output\random_dataset\1214.jpg,output/random_dataset/1214.jpg,cat
F:\NTSE\lab02\output\random_dataset\8077.jpg,output/random_dataset/8077.jpg,cat
F:\NTSE\lab02\output\random_dataset\7323.jpg,output/random_dataset/7323.jpg,cat
F:\NTSE\lab02\output\random_dataset\8458.jpg,output/random_dataset/8458.jpg,cat
F:\NTSE\lab02\output\random_dataset\1453.jpg,output/random_dataset/1453.jpg,cat
F:\NTSE\lab02\output\random_dataset\7083.jpg,output/random_dataset/7083.jpg,cat
F:\NTSE\lab02\output\random_dataset\9854.jpg,output/random_dataset/9854.jpg,cat
F:\NTSE\lab02\output\random_dataset\4625.jpg,output/random_dataset/4625.jpg,cat
F:\NTSE\lab02\output\random_dataset\3563.jpg,output/random_dataset/3563.jpg,cat
F:\NTSE\lab02\output\random_dataset\6371.jpg,output/random_dataset/6371.jpg,cat
F:\NTSE\lab02\output\random_dataset\9445.jpg,output/random_dataset/9445.jpg,cat
F:\NTSE\lab02\output\random_dataset\1038.jpg,output/random_dataset/1038.jpg,cat
F:\NTSE\lab02\output\random_dataset\8596.jpg,output/random_dataset/8596.jpg,cat
F:\NTSE\lab02\output\random_dataset\6378.jpg,output/random_dataset/6378.jpg,cat
F:\NTSE\lab02\output\random_dataset\6816.jpg,output/random_dataset/6816.jpg,cat
F:\NTSE\lab02\output\random_dataset\6556.jpg,output/random_dataset/6556.jpg,cat
F:\NTSE\lab02\output\random_dataset\4575.jpg,output/random_dataset/4575.jpg,cat
F:\NTSE\lab02\output\random_dataset\8918.jpg,output/random_dataset/8918.jpg,cat
F:\NTSE\lab02\output\random_dataset\418.jpg,output/random_dataset/418.jpg,cat
F:\NTSE\lab02\output\random_dataset\4360.jpg,output/random_dataset/4360.jpg,cat
F:\NTSE\lab02\output\random_dataset\9999.jpg,output/random_dataset/9999.jpg,cat
F:\NTSE\lab02\output\random_dataset\6172.jpg,output/random_dataset/6172.jpg,cat
F:\NTSE\lab02\output\random_dataset\2901.jpg,output/random_dataset/2901.jpg,cat
F:\NTSE\lab02\output\random_dataset\8887.jpg,output/random_dataset/8887.jpg,cat
F:\NTSE\lab02\output\random_dataset\4168.jpg,output/random_dataset/4168.jpg,cat
F:\NTSE\lab02\output\random_dataset\4182.jpg,output/random_dataset/4182.jpg,cat
F:\NTSE\lab02\output\random_dataset\3447.jpg,output/random_dataset/3447.jpg,cat
F:\NTSE\lab02\output\random_dataset\1964.jpg,output/random_dataset/1964.jpg,cat
F:\NTSE\lab02\output\random_dataset\8296.jpg,output/random_dataset/8296.jpg,cat
F:\NTSE\lab02\output\random_dataset\6853.jpg,output/random_dataset/6853.jpg,cat
F:\NTSE\lab02\output\random_dataset\2111.jpg,output/random_dataset/2111.jpg,cat
F:\NTSE\lab02\output\random_dataset\2070.jpg,output/random_dataset/2070.jpg,cat
F:\NTSE\lab02\output\random_dataset\2399.jpg,output/random_dataset/2399.jpg,cat
F:\NTSE\lab02\output\random_dataset\7632.jpg,output/random_dataset/7632.jpg,cat
F:\NTSE\lab02\output\random_dataset\7726.jpg,output/random_dataset/7726.jpg,cat
F:\NTSE\lab02\output\random_dataset\1492.jpg,output/random_dataset/1492.jpg,cat
F:\NTSE\lab02\output\random_dataset\1138.jpg,output/random_dataset/1138.jpg,cat
F:\NTSE\lab02\output\random_dataset\5704.jpg,output/random_dataset/5704.jpg,cat
F:\NTSE\lab02\output\random_dataset\9537.jpg,output/random_dataset/9537.jpg,cat
F:\NTSE\lab02\output\random_dataset\8952.jpg,output/random_dataset/8952.jpg,cat
F:\NTSE\lab02\output\random_dataset\6299.jpg,output/random_dataset/6299.jpg,cat
F:\NTSE\lab02\output\random_dataset\7087.jpg,output/random_dataset/7087.jpg,cat
F:\NTSE\lab02\output\random_dataset\3380.jpg,output/random_dataset/3380.jpg,cat
F:\NTSE\lab02\output\random_dataset\3554.jpg,output/random_dataset/3554.jpg,cat
F:\NTSE\lab02\output\random_dataset\7357.jpg,output/random_dataset/7357.jpg,cat
F:\NTSE\lab02\output\random_dataset\2867.jpg,output/random_dataset/2867.jpg,cat
F:\NTSE\lab02\output\random_dataset\1477.jpg,output/random_dataset/1477.jpg,cat
F:\NTSE\lab02\output\random_dataset\6360.jpg,output/random_dataset/6360.jpg,cat
F:\NTSE\lab02\output\random_dataset\9596.jpg,output/random_dataset/9596.jpg,cat
F:\NTSE\lab02\output\random_dataset\6550.jpg,output/random_dataset/6550.jpg,cat
F:\NTSE\lab02\output\random_dataset\8063.jpg,output/random_dataset/8063.jpg,cat
F:\NTSE\lab02\output\random_dataset\2451.jpg,output/random_dataset/2451.jpg,cat
F:\NTSE\lab02\output\random_dataset\5109.jpg,output/random_dataset/5109.jpg,cat
F:\NTSE\lab02\output\random_dataset\5235.jpg,output/random_dataset/5235.jpg,cat
F:\NTSE\lab02\output\random_dataset\6266.jpg,output/random_dataset/6266.jpg,cat
F:\NTSE\lab02\output\random_dataset\6238.jpg,output/random_dataset/6238.jpg,cat
F:\NTSE\lab02\output\random_dataset\9986.jpg,output/random_dataset/9986.jpg,cat
F:\NTSE\lab02\output\random_dataset\1400.jpg,output/random_dataset/1400.jpg,cat
F:\NTSE\lab02\output\random_dataset\8784.jpg,output/random_dataset/8784.jpg,cat
F:\NTSE\lab02\output\random_dataset\106.jpg,output/random_dataset/106.jpg,cat
F:\NTSE\lab02\output\random_dataset\8405.jpg,output/random_dataset/8405.jpg,cat
F:\NTSE\lab02\output\random_dataset\3207.jpg,output/random_dataset/3207.jpg,cat
F:\NTSE\lab02\output\random_dataset\5385.jpg,output/random_dataset/5385.jpg,cat
F:\NTSE\lab02\output\random_dataset\4203.jpg,output/random_dataset/4203.jpg,cat
F:\NTSE\lab02\output\random_dataset\8778.jpg,output/random_dataset/8778.jpg,cat
F:\NTSE\lab02\output\random_dataset\3580.jpg,output/random_dataset/3580.jpg,cat
F:\NTSE\lab02\output\random_dataset\4298.jpg,output/random_dataset/4298.jpg,cat
F:\NTSE\lab02\output\random_dataset\1268.jpg,output/random_dataset/1268.jpg,cat
F:\NTSE\lab02\output\random_dataset\5960.jpg,output/random_dataset/5960.jpg,cat
F:\NTSE\lab02\output\random_dataset\2439.jpg,output/random_dataset/2439.jpg,cat
F:\NTSE\lab02\output\random_dataset\6664.jpg,output/random_dataset/6664.jpg,cat
F:\NTSE\lab02\output\random_dataset\6181.jpg,output/random_dataset/6181.jpg,cat
F:\NTSE\lab02\output\random_dataset\900.jpg,output/random_dataset/900.jpg,cat
F:\NTSE\lab02\output\random_dataset\3584.jpg,output/random_dataset/3584.jpg,cat
F:\NTSE\lab02\output\random_dataset\8204.jpg,output/random_dataset/8204.jpg,cat
F:\NTSE\lab02\output\random_dataset\846.jpg,output/random_dataset/846.jpg,cat
F:\NTSE\lab02\output\random_dataset\4372.jpg,output/random_dataset/4372.jpg,cat
F:\NTSE\lab02\output\random_dataset\2053.jpg,output/random_dataset/2053.jpg,cat
F:\NTSE\lab02\output\random_dataset\2380.jpg,output/random_dataset/2380.jpg,cat
F:\NTSE\lab02\output\random_dataset\4869.jpg,output/random_dataset/4869.jpg,cat
F:\NTSE\lab02\output\random_dataset\3386.jpg,output/random_dataset/3386.jpg,cat
F:\NTSE\lab02\output\random_dataset\749.jpg,output/random_dataset/749.jpg,cat
F:\NTSE\lab02\output\random_dataset\6177.jpg,output/random_dataset/6177.jpg,cat
F:\NTSE\lab02\output\random_dataset\2037.jpg,output/random_dataset/2037.jpg,cat
F:\NTSE\lab02\output\random_dataset\3234.jpg,output/random_dataset/3234.jpg,cat
F:\NTSE\lab02\output\random_dataset\9705.jpg,output/random_dataset/9705.jpg,cat
F:\NTSE\lab02\output\random_dataset\9385.jpg,output/random_dataset/9385.jpg,cat
F:\NTSE\lab02\output\random_dataset\4442.jpg,output/random_dataset/4442.jpg,cat
F:\NTSE\lab02\output\random_dataset\9735.jpg,output/random_dataset/9735.jpg,cat
F:\NTSE\lab02\output\random_dataset\5647.jpg,output/random_dataset/5647.jpg,cat
F:\NTSE\lab02\output\random_dataset\7742.jpg,output/random_dataset/7742.jpg,cat
F:\NTSE\lab02\output\random_dataset\2839.jpg,output/random_dataset/2839.jpg,cat
F:\NTSE\lab02\output\random_dataset\8532.jpg,output/random_dataset/8532.jpg,cat
F:\NTSE\lab02\output\random_dataset\6003.jpg,output/random_dataset/6003.jpg,cat
F:\NTSE\lab02\output\random_dataset\8384.jpg,output/random_dataset/8384.jpg,cat
F:\NTSE\lab02\output\random_dataset\7479.jpg,output/random_dataset/7479.jpg,cat
F:\NTSE\lab02\output\random_dataset\5918.jpg,output/random_dataset/5918.jpg,cat
F:\NTSE\lab02\output\random_dataset\2041.jpg,output/random_dataset/2041.jpg,cat
F:\NTSE\lab02\output\random_dataset\6402.jpg,output/random_dataset/6402.jpg,cat
F:\NTSE\lab02\output\random_dataset\3298.jpg,output/random_dataset/3298.jpg,cat
F:\NTSE\lab02\output\random_dataset\7714.jpg,output/random_dataset/7714.jpg,cat
F:\NTSE\lab02\output\random_dataset\2845.jpg,output/random_dataset/2845.jpg,cat
F:\NTSE\lab02\output\random_dataset\9665.jpg,output/random_dataset/9665.jpg,cat
F:\NTSE\lab02\output\random_dataset\7838.jpg,output/random_dataset/7838.jpg,cat
F:\NTSE\lab02\output\random_dataset\135.jpg,output/random_dataset/135.jpg,cat
F:\NTSE\lab02\output\random_dataset\5418.jpg,output/random_dataset/5418.jpg,cat
F:\NTSE\lab02\output\random_dataset\2214.jpg,output/random_dataset/2214.jpg,cat
F:\NTSE\lab02\output\random_dataset\3598.jpg,output/random_dataset/3598.jpg,cat
F:\NTSE\lab02\output\random_dataset\3678.jpg,output/random_dataset/3678.jpg,cat
F:\NTSE\lab02\output\random_dataset\7409.jpg,output/random_dataset/7409.jpg,cat
F:\NTSE\lab02\output\random_dataset\1837.jpg,output/random_dataset/1837.jpg,cat
F:\NTSE\lab02\output\random_dataset\8298.jpg,output/random_dataset/8298.jpg,cat
F:\NTSE\lab02\output\random_dataset\4875.jpg,output/random_dataset/4875.jpg,cat
F:\NTSE\lab02\output\random_dataset\5017.jpg,output/random_dataset/5017.jpg,cat
F:\NTSE\lab02\output\random_dataset\3344.jpg,output/random_dataset/3344.jpg,cat
F:\NTSE\lab02\output\random_dataset\330.jpg,output/random_dataset/330.jpg,cat
F:\NTSE\lab02\output\random_dataset\4814.jpg,output/random_dataset/4814.jpg,cat
F:\NTSE\lab02\output\random_dataset\8937.jpg,output/random_dataset/8937.jpg,cat
F:\NTSE\lab02\output\random_dataset\3673.jpg,output/random_dataset/3673.jpg,cat
F:\NTSE\lab02\output\random_dataset\4085.jpg,output/random_dataset/4085.jpg,cat
F:\NTSE\lab02\output\random_dataset\7002.jpg,output/random_dataset/7002.jpg,cat
F:\NTSE\lab02\output\random_dataset\8645.jpg,output/random_dataset/8645.jpg,cat
F:\NTSE\lab02\output\random_dataset\6135.jpg,output/random_dataset/6135.jpg,cat
F:\NTSE\lab02\output\random_dataset\8927.jpg,output/random_dataset/8927.jpg,cat
F:\NTSE\lab02\output\random_dataset\2980.jpg,output/random_dataset/2980.jpg,cat
F:\NTSE\lab02\output\random_dataset\361.jpg,output/random_dataset/361.jpg,cat
F:\NTSE\lab02\output\random_dataset\1177.jpg,output/random_dataset/1177.jpg,cat
F:\NTSE\lab02\output\random_dataset\4558.jpg,output/random_dataset/4558.jpg,cat
F:\NTSE\lab02\output\random_dataset\5357.jpg,output/random_dataset/5357.jpg,cat
F:\NTSE\lab02\output\random_dataset\5535.jpg,output/random_dataset/5535.jpg,cat
F:\NTSE\lab02\output\random_dataset\9895.jpg,output/random_dataset/9895.jpg,cat
F:\NTSE\lab02\output\random_dataset\7767.jpg,output/random_dataset/7767.jpg,cat
F:\NTSE\lab02\output\random_dataset\1219.jpg,output/random_dataset/1219.jpg,cat
F:\NTSE\lab02\output\random_dataset\1587.jpg,output/random_dataset/1587.jpg,cat
F:\NTSE\lab02\output\random_dataset\9363.jpg,output/random_dataset/9363.jpg,cat
F:\NTSE\lab02\output\random_dataset\8810.jpg,output/random_dataset/8810.jpg,cat
F:\NTSE\lab02\output\random_dataset\345.jpg,output/random_dataset/345.jpg,cat
F:\NTSE\lab02\output\random_dataset\1602.jpg,output/random_dataset/1602.jpg,cat
F:\NTSE\lab02\output\random_dataset\6486.jpg,output/random_dataset/6486.jpg,cat
F:\NTSE\lab02\output\random_dataset\3327.jpg,output/random_dataset/3327.jpg,cat
F:\NTSE\lab02\output\random_dataset\1445.jpg,output/random_dataset/1445.jpg,cat
F:\NTSE\lab02\output\random_dataset\8371.jpg,output/random_dataset/8371.jpg,cat
F:\NTSE\lab02\output\random_dataset\2822.jpg,output/random_dataset/2822.jpg,cat
F:\NTSE\lab02\output\random_dataset\6393.jpg,output/random_dataset/6393.jpg,cat
F:\NTSE\lab02\output\random_dataset\9949.jpg,output/random_dataset/9949.jpg,cat
F:\NTSE\lab02\output\random_dataset\6261.jpg,output/random_dataset/6261.jpg,cat
F:\NTSE\lab02\output\random_dataset\623.jpg,output/random_dataset/623.jpg,cat
F:\NTSE\lab02\output\random_dataset\7624.jpg,output/random_dataset/7624.jpg,cat
F:\NTSE\lab02\output\random_dataset\8464.jpg,output/random_dataset/8464.jpg,cat
F:\NTSE\lab02\output\random_dataset\7824.jpg,output/random_dataset/7824.jpg,cat
F:\NTSE\lab02\output\random_dataset\1667.jpg,output/random_dataset/1667.jpg,cat
F:\NTSE\lab02\output\random_dataset\2868.jpg,output/random_dataset/2868.jpg,cat
F:\NTSE\lab02\output\random_dataset\5559.jpg,output/random_dataset/5559.jpg,cat
F:\NTSE\lab02\output\random_dataset\6571.jpg,output/random_dataset/6571.jpg,cat
F:\NTSE\lab02\output\random_dataset\925.jpg,output/random_dataset/925.jpg,cat
F:\NTSE\lab02\output\random_dataset\1550.jpg,output/random_dataset/1550.jpg,cat
F:\NTSE\lab02\output\random_dataset\9994.jpg,output/random_dataset/9994.jpg,cat
F:\NTSE\lab02\output\random_dataset\7897.jpg,output/random_dataset/7897.jpg,cat
F:\NTSE\lab02\output\random_dataset\8901.jpg,output/random_dataset/8901.jpg,cat
F:\NTSE\lab02\output\random_dataset\2786.jpg,output/random_dataset/2786.jpg,cat
F:\NTSE\lab02\output\random_dataset\4924.jpg,output/random_dataset/4924.jpg,cat
F:\NTSE\lab02\output\random_dataset\4975.jpg,output/random_dataset/4975.jpg,cat
F:\NTSE\lab02\output\random_dataset\4533.jpg,output/random_dataset/4533.jpg,cat
F:\NTSE\lab02\output\random_dataset\6247.jpg,output/random_dataset/6247.jpg,cat
F:\NTSE\lab02\output\random_dataset\6134.jpg,output/random_dataset/6134.jpg,cat
F:\NTSE\lab02\output\random_dataset\7670.jpg,output/random_dataset/7670.jpg,cat
F:\NTSE\lab02\output\random_dataset\3945.jpg,output/random_dataset/3945.jpg,cat
F:\NTSE\lab02\output\random_dataset\6935.jpg,output/random_dataset/6935.jpg,cat
F:\NTSE\lab02\output\random_dataset\4293.jpg,output/random_dataset/4293.jpg,cat
F:\NTSE\lab02\output\random_dataset\3093.jpg,output/random_dataset/3093.jpg,cat
F:\NTSE\lab02\output\random_dataset\9189.jpg,output/random_dataset/9189.jpg,cat
F:\NTSE\lab02\output\random_dataset\9369.jpg,output/random_dataset/9369.jpg,cat
F:\NTSE\lab02\output\random_dataset\3328.jpg,output/random_dataset/3328.jpg,cat
F:\NTSE\lab02\output\random_dataset\5564.jpg,output/random_dataset/5564.jpg,cat
F:\NTSE\lab02\output\random_dataset\2465.jpg,output/random_dataset/2465.jpg,cat
F:\NTSE\lab02\output\random_dataset\8724.jpg,output/random_dataset/8724.jpg,cat
F:\NTSE\lab02\output\random_dataset\5966.jpg,output/random_dataset/5966.jpg,cat
F:\NTSE\lab02\output\random_dataset\9772.jpg,output/random_dataset/9772.jpg,cat
F:\NTSE\lab02\output\random_dataset\601.jpg,output/random_dataset/601.jpg,cat
F:\NTSE\lab02\output\random_dataset\5595.jpg,output/random_dataset/5595.jpg,cat
F:\NTSE\lab02\output\random_dataset\6060.jpg,output/random_dataset/6060.jpg,cat
F:\NTSE\lab02\output\random_dataset\8640.jpg,output/random_dataset/8640.jpg,cat
F:\NTSE\lab02\output\random_dataset\1502.jpg,output/random_dataset/1502.jpg,cat
F:\NTSE\lab02\output\random_dataset\6826.jpg,output/random_dataset/6826.jpg,cat
F:\NTSE\lab02\output\random_dataset\2843.jpg,output/random_dataset/2843.jpg,cat
F:\NTSE\lab02\output\random_dataset\3100.jpg,output/random_dataset/3100.jpg,cat
F:\NTSE\lab02\output\random_dataset\3320.jpg,output/random_dataset/3320.jpg,cat
F:\NTSE\lab02\output\random_dataset\6559.jpg,output/random_dataset/6559.jpg,cat
F:\NTSE\lab02\output\random_dataset\1039.jpg,output/random_dataset/1039.jpg,cat
F:\NTSE\lab02\output\random_dataset\7525.jpg,output/random_dataset/7525.jpg,cat
F:\NTSE\lab02\output\random_dataset\8081.jpg,output/random_dataset/8081.jpg,cat
F:\NTSE\lab02\output\random_dataset\2915.jpg,output/random_dataset/2915.jpg,cat
F:\NTSE\lab02\output\random_dataset\2404.jpg,output/random_dataset/2404.jpg,cat
F:\NTSE\lab02\output\random_dataset\1259.jpg,output/random_dataset/1259.jpg,cat
F:\NTSE\lab02\output\random_dataset\7679.jpg,output/random_dataset/7679.jpg,cat
F:\NTSE\lab02\output\random_dataset\8493.jpg,output/random_dataset/8493.jpg,cat
F:\NTSE\lab02\output\random_dataset\3517.jpg,output/random_dataset/3517.jpg,cat
F:\NTSE\lab02\output\random_dataset\4853.jpg,output/random_dataset/4853.jpg,cat
F:\NTSE\lab02\output\random_dataset\5264.jpg,output/random_dataset/5264.jpg,cat
F:\NTSE\lab02\output\random_dataset\2456.jpg,output/random_dataset/2456.jpg,cat
F:\NTSE\lab02\output\random_dataset\9634.jpg,output/random_dataset/9634.jpg,cat
F:\NTSE\lab02\output\random_dataset\7230.jpg,output/random_dataset/7230.jpg,cat
F:\NTSE\lab02\output\random_dataset\2264.jpg,output/random_dataset/2264.jpg,cat
F:\NTSE\lab02\output\random_dataset\3763.jpg,output/random_dataset/3763.jpg,cat
F:\NTSE\lab02\output\random_dataset\3325.jpg,output/random_dataset/3325.jpg,cat
F:\NTSE\lab02\output\random_dataset\5722.jpg,output/random_dataset/5722.jpg,cat
F:\NTSE\lab02\output\random_dataset\8856.jpg,output/random_dataset/8856.jpg,cat
F:\NTSE\lab02\output\random_dataset\2759.jpg,output/random_dataset/2759.jpg,cat
F:\NTSE\lab02\output\random_dataset\8119.jpg,output/random_dataset/8119.jpg,cat
F:\NTSE\lab02\output\random_dataset\9996.jpg,output/random_dataset/9996.jpg,cat
F:\NTSE\lab02\output\random_dataset\3085.jpg,output/random_dataset/3085.jpg,cat
F:\NTSE\lab02\output\random_dataset\7064.jpg,output/random_dataset/7064.jpg,cat
F:\NTSE\lab02\output\random_dataset\5558.jpg,output/random_dataset/5558.jpg,cat
F:\NTSE\lab02\output\random_dataset\9229.jpg,output/random_dataset/9229.jpg,cat
F:\NTSE\lab02\output\random_dataset\371.jpg,output/random_dataset/371.jpg,cat
F:\NTSE\lab02\output\random_dataset\2453.jpg,output/random_dataset/2453.jpg,cat
F:\NTSE\lab02\output\random_dataset\4927.jpg,output/random_dataset/4927.jpg,cat
F:\NTSE\lab02\output\random_dataset\6373.jpg,output/random_dataset/6373.jpg,cat
F:\NTSE\lab02\output\random_dataset\2524.jpg,output/random_dataset/2524.jpg,cat
F:\NTSE\lab02\output\random_dataset\6025.jpg,output/random_dataset/6025.jpg,cat
F:\NTSE\lab02\output\random_dataset\5906.jpg,output/random_dataset/5906.jpg,cat
F:\NTSE\lab02\output\random_dataset\6451.jpg,output/random_dataset/6451.jpg,cat
F:\NTSE\lab02\output\random_dataset\4798.jpg,output/random_dataset/4798.jpg,cat
F:\NTSE\lab02\output\random_dataset\3894.jpg,output/random_dataset/3894.jpg,cat
F:\NTSE\lab02\output\random_dataset\8006.jpg,output/random_dataset/8006.jpg,cat
F:\NTSE\lab02\output\random_dataset\4042.jpg,output/random_dataset/4042.jpg,cat
F:\NTSE\lab02\output\random_dataset\7054.jpg,output/random_dataset/7054.jpg,cat
F:\NTSE\lab02\output\random_dataset\921.jpg,output/random_dataset/921.jpg,cat
F:\NTSE\lab02\output\random_dataset\2268.jpg,output/random_dataset/2268.jpg,cat
F:\NTSE\lab02\output\random_dataset\7473.jpg,output/random_dataset/7473.jpg,cat
F:\NTSE\lab02\output\random_dataset\7979.jpg,output/random_dataset/7979.jpg,cat
F:\NTSE\lab02\output\random_dataset\2139.jpg,output/random_dataset/2139.jpg,cat
F:\NTSE\lab02\output\random_dataset\4732.jpg,output/random_dataset/4732.jpg,cat
F:\NTSE\lab02\output\random_dataset\4553.jpg,output/random_dataset/4553.jpg,cat
F:\NTSE\lab02\output\random_dataset\3111.jpg,output/random_dataset/3111.jpg,cat
F:\NTSE\lab02\output\random_dataset\2205.jpg,output/random_dataset/2205.jpg,cat
F:\NTSE\lab02\output\random_dataset\7921.jpg,output/random_dataset/7921.jpg,cat
F:\NTSE\lab02\output\random_dataset\6943.jpg,output/random_dataset/6943.jpg,cat
F:\NTSE\lab02\output\random_dataset\3981.jpg,output/random_dataset/3981.jpg,cat
F:\NTSE\lab02\output\random_dataset\5174.jpg,output/random_dataset/5174.jpg,cat
F:\NTSE\lab02\output\random_dataset\662.jpg,output/random_dataset/662.jpg,cat
F:\NTSE\lab02\output\random_dataset\5227.jpg,output/random_dataset/5227.jpg,cat
F:\NTSE\lab02\output\random_dataset\1601.jpg,output/random_dataset/1601.jpg,cat
F:\NTSE\lab02\output\random_dataset\3026.jpg,output/random_dataset/3026.jpg,cat
F:\NTSE\lab02\output\random_dataset\7940.jpg,output/random_dataset/7940.jpg,cat
F:\NTSE\lab02\output\random_dataset\6030.jpg,output/random_dataset/6030.jpg,cat
F:\NTSE\lab02\output\random_dataset\5419.jpg,output/random_dataset/5419.jpg,cat
F:\NTSE\lab02\output\random_dataset\6915.jpg,output/random_dataset/6915.jpg,cat
F:\NTSE\lab02\output\random_dataset\4601.jpg,output/random_dataset/4601.jpg,cat
F:\NTSE\lab02\output\random_dataset\2605.jpg,output/random_dataset/2605.jpg,cat
F:\NTSE\lab02\output\random_dataset\732.jpg,output/random_dataset/732.jpg,cat
F:\NTSE\lab02\output\random_dataset\5374.jpg,output/random_dataset/5374.jpg,cat
F:\NTSE\lab02\output\random_dataset\3732.jpg,output/random_dataset/3732.jpg,cat
F:\NTSE\lab02\output\random_dataset\1756.jpg,output/random_dataset/1756.jpg,cat
F:\NTSE\lab02\output\random_dataset\7086.jpg,output/random_dataset/7086.jpg,cat
F:\NTSE\lab02\output\random_dataset\5053.jpg,output/random_dataset/5053.jpg,cat
F:\NTSE\lab02\output\random_dataset\608.jpg,output/random_dataset/608.jpg,cat
F:\NTSE\lab02\output\random_dataset\282.jpg,output/random_dataset/282.jpg,cat
F:\NTSE\lab02\output\random_dataset\4241.jpg,output/random_dataset/4241.jpg,cat
F:\NTSE\lab02\output\random_dataset\4425.jpg,output/random_dataset/4425.jpg,cat
F:\NTSE\lab02\output\random_dataset\4930.jpg,output/random_dataset/4930.jpg,cat
F:\NTSE\lab02\output\random_dataset\4428.jpg,output/random_dataset/4428.jpg,cat
F:\NTSE\lab02\output\random_dataset\7430.jpg,output/random_dataset/7430.jpg,cat
F:\NTSE\lab02\output\random_dataset\1799.jpg,output/random_dataset/1799.jpg,cat
F:\NTSE\lab02\output\random_dataset\2724.jpg,output/random_dataset/2724.jpg,cat
F:\NTSE\lab02\output\random_dataset\7150.jpg,output/random_dataset/7150.jpg,cat
F:\NTSE\lab02\output\random_dataset\3375.jpg,output/random_dataset/3375.jpg,cat
F:\NTSE\lab02\output\random_dataset\3860.jpg,output/random_dataset/3860.jpg,cat
F:\NTSE\lab02\output\random_dataset\6459.jpg,output/random_dataset/6459.jpg,cat
F:\NTSE\lab02\output\random_dataset\6929.jpg,output/random_dataset/6929.jpg,cat
F:\NTSE\lab02\output\random_dataset\4782.jpg,output/random_dataset/4782.jpg,cat
F:\NTSE\lab02\output\random_dataset\5715.jpg,output/random_dataset/5715.jpg,cat
F:\NTSE\lab02\output\random_dataset\360.jpg,output/random_dataset/360.jpg,cat
F:\NTSE\lab02\output\random_dataset\7619.jpg,output/random_dataset/7619.jpg,cat
F:\NTSE\lab02\output\random_dataset\775.jpg,output/random_dataset/775.jpg,cat
F:\NTSE\lab02\output\random_dataset\6175.jpg,output/random_dataset/6175.jpg,cat
F:\NTSE\lab02\output\random_dataset\9676.jpg,output/random_dataset/9676.jpg,cat
F:\NTSE\lab02\output\random_dataset\8709.jpg,output/random_dataset/8709.jpg,cat
F:\NTSE\lab02\output\random_dataset\2334.jpg,output/random_dataset/2334.jpg,cat
F:\NTSE\lab02\output\random_dataset\397.jpg,output/random_dataset/397.jpg,cat
F:\NTSE\lab02\output\random_dataset\3148.jpg,output/random_dataset/3148.jpg,cat
F:\NTSE\lab02\output\random_dataset\9761.jpg,output/random_dataset/9761.jpg,cat
F:\NTSE\lab02\output\random_dataset\1752.jpg,output/random_dataset/1752.jpg,cat
F:\NTSE\lab02\output\random_dataset\1611.jpg,output/random_dataset/1611.jpg,cat
F:\NTSE\lab02\output\random_dataset\7080.jpg,output/random_dataset/7080.jpg,cat
F:\NTSE\lab02\output\random_dataset\6322.jpg,output/random_dataset/6322.jpg,cat
F:\NTSE\lab02\output\random_dataset\9221.jpg,output/random_dataset/9221.jpg,cat
F:\NTSE\lab02\output\random_dataset\9348.jpg,output/random_dataset/9348.jpg,cat
F:\NTSE\lab02\output\random_dataset\9147.jpg,output/random_dataset/9147.jpg,cat
F:\NTSE\lab02\output\random_dataset\1496.jpg,output/random_dataset/1496.jpg,cat
F:\NTSE\lab02\output\random_dataset\5671.jpg,output/random_dataset/5671.jpg,cat
F:\NTSE\lab02\output\random_dataset\3909.jpg,output/random_dataset/3909.jpg,cat
F:\NTSE\lab02\output\random_dataset\9625.jpg,output/random_dataset/9625.jpg,cat
F:\NTSE\lab02\output\random_dataset\8511.jpg,output/random_dataset/8511.jpg,cat
F:\NTSE\lab02\output\random_dataset\4822.jpg,output/random_dataset/4822.jpg,cat
F:\NTSE\lab02\output\random_dataset\6092.jpg,output/random_dataset/6092.jpg,cat
F:\NTSE\lab02\output\random_dataset\9265.jpg,output/random_dataset/9265.jpg,cat
F:\NTSE\lab02\output\random_dataset\2984.jpg,output/random_dataset/2984.jpg,cat
F:\NTSE\lab02\output\random_dataset\2038.jpg,output/random_dataset/2038.jpg,cat
F:\NTSE\lab02\output\random_dataset\960.jpg,output/random_dataset/960.jpg,cat
F:\NTSE\lab02\output\random_dataset\6967.jpg,output/random_dataset/6967.jpg,cat
F:\NTSE\lab02\output\random_dataset\4766.jpg,output/random_dataset/4766.jpg,cat
F:\NTSE\lab02\output\random_dataset\5587.jpg,output/random_dataset/5587.jpg,cat
F:\NTSE\lab02\output\random_dataset\2191.jpg,output/random_dataset/2191.jpg,cat
F:\NTSE\lab02\output\random_dataset\4261.jpg,output/random_dataset/4261.jpg,cat
F:\NTSE\lab02\output\random_dataset\5992.jpg,output/random_dataset/5992.jpg,cat
F:\NTSE\lab02\output\random_dataset\6658.jpg,output/random_dataset/6658.jpg,cat
F:\NTSE\lab02\output\random_dataset\6281.jpg,output/random_dataset/6281.jpg,cat
F:\NTSE\lab02\output\random_dataset\9223.jpg,output/random_dataset/9223.jpg,cat
F:\NTSE\lab02\output\random_dataset\8539.jpg,output/random_dataset/8539.jpg,cat
F:\NTSE\lab02\output\random_dataset\5584.jpg,output/random_dataset/5584.jpg,cat
F:\NTSE\lab02\output\random_dataset\4931.jpg,output/random_dataset/4931.jpg,cat
F:\NTSE\lab02\output\random_dataset\1499.jpg,output/random_dataset/1499.jpg,cat
F:\NTSE\lab02\output\random_dataset\9044.jpg,output/random_dataset/9044.jpg,cat
F:\NTSE\lab02\output\random_dataset\8552.jpg,output/random_dataset/8552.jpg,cat
F:\NTSE\lab02\output\random_dataset\7865.jpg,output/random_dataset/7865.jpg,cat
F:\NTSE\lab02\output\random_dataset\416.jpg,output/random_dataset/416.jpg,cat
F:\NTSE\lab02\output\random_dataset\4599.jpg,output/random_dataset/4599.jpg,cat
F:\NTSE\lab02\output\random_dataset\9560.jpg,output/random_dataset/9560.jpg,cat
F:\NTSE\lab02\output\random_dataset\9505.jpg,output/random_dataset/9505.jpg,cat
F:\NTSE\lab02\output\random_dataset\3693.jpg,output/random_dataset/3693.jpg,cat
F:\NTSE\lab02\output\random_dataset\3777.jpg,output/random_dataset/3777.jpg,cat
F:\NTSE\lab02\output\random_dataset\4455.jpg,output/random_dataset/4455.jpg,cat
F:\NTSE\lab02\output\random_dataset\6909.jpg,output/random_dataset/6909.jpg,cat
F:\NTSE\lab02\output\random_dataset\1181.jpg,output/random_dataset/1181.jpg,cat
F:\NTSE\lab02\output\random_dataset\750.jpg,output/random_dataset/750.jpg,cat
F:\NTSE\lab02\output\random_dataset\8250.jpg,output/random_dataset/8250.jpg,cat
F:\NTSE\lab02\output\random_dataset\7429.jpg,output/random_dataset/7429.jpg,cat
F:\NTSE\lab02\output\random_dataset\259.jpg,output/random_dataset/259.jpg,cat
F:\NTSE\lab02\output\random_dataset\3787.jpg,output/random_dataset/3787.jpg,cat
F:\NTSE\lab02\output\random_dataset\9174.jpg,output/random_dataset/9174.jpg,cat
F:\NTSE\lab02\output\random_dataset\2123.jpg,output/random_dataset/2123.jpg,cat
F:\NTSE\lab02\output\random_dataset\9240.jpg,output/random_dataset/9240.jpg,cat
F:\NTSE\lab02\output\random_dataset\1842.jpg,output/random_dataset/1842.jpg,cat
F:\NTSE\lab02\output\random_dataset\8703.jpg,output/random_dataset/8703.jpg,cat
F:\NTSE\lab02\output\random_dataset\1612.jpg,output/random_dataset/1612.jpg,cat
F:\NTSE\lab02\output\random_dataset\6582.jpg,output/random_dataset/6582.jpg,cat
F:\NTSE\lab02\output\random_dataset\2338.jpg,output/random_dataset/2338.jpg,cat
F:\NTSE\lab02\output\random_dataset\8247.jpg,output/random_dataset/8247.jpg,cat
F:\NTSE\lab02\output\random_dataset\9457.jpg,output/random_dataset/9457.jpg,cat
F:\NTSE\lab02\output\random_dataset\1657.jpg,output/random_dataset/1657.jpg,cat
F:\NTSE\lab02\output\random_dataset\3307.jpg,output/random_dataset/3307.jpg,cat
F:\NTSE\lab02\output\random_dataset\5903.jpg,output/random_dataset/5903.jpg,cat
F:\NTSE\lab02\output\random_dataset\3797.jpg,output/random_dataset/3797.jpg,cat
F:\NTSE\lab02\output\random_dataset\1247.jpg,output/random_dataset/1247.jpg,cat
F:\NTSE\lab02\output\random_dataset\2544.jpg,output/random_dataset/2544.jpg,cat
F:\NTSE\lab02\output\random_dataset\7084.jpg,output/random_dataset/7084.jpg,cat
F:\NTSE\lab02\output\random_dataset\9106.jpg,output/random_dataset/9106.jpg,cat
F:\NTSE\lab02\output\random_dataset\170.jpg,output/random_dataset/170.jpg,cat
F:\NTSE\lab02\output\random_dataset\5321.jpg,output/random_dataset/5321.jpg,cat
F:\NTSE\lab02\output\random_dataset\1636.jpg,output/random_dataset/1636.jpg,cat
F:\NTSE\lab02\output\random_dataset\5358.jpg,output/random_dataset/5358.jpg,cat
F:\NTSE\lab02\output\random_dataset\8956.jpg,output/random_dataset/8956.jpg,cat
F:\NTSE\lab02\output\random_dataset\2614.jpg,output/random_dataset/2614.jpg,cat
F:\NTSE\lab02\output\random_dataset\9969.jpg,output/random_dataset/9969.jpg,cat
F:\NTSE\lab02\output\random_dataset\752.jpg,output/random_dataset/752.jpg,cat
F:\NTSE\lab02\output\random_dataset\946.jpg,output/random_dataset/946.jpg,cat
F:\NTSE\lab02\output\random_dataset\1256.jpg,output/random_dataset/1256.jpg,cat
F:\NTSE\lab02\output\random_dataset\9590.jpg,output/random_dataset/9590.jpg,cat
F:\NTSE\lab02\output\random_dataset\1947.jpg,output/random_dataset/1947.jpg,cat
F:\NTSE\lab02\output\random_dataset\8302.jpg,output/random_dataset/8302.jpg,cat
F:\NTSE\lab02\output\random_dataset\8936.jpg,output/random_dataset/8936.jpg,cat
F:\NTSE\lab02\output\random_dataset\3021.jpg,output/random_dataset/3021.jpg,cat
F:\NTSE\lab02\output\random_dataset\60.jpg,output/random_dataset/60.jpg,cat
F:\NTSE\lab02\output\random_dataset\5078.jpg,output/random_dataset/5078.jpg,cat
F:\NTSE\lab02\output\random_dataset\7965.jpg,output/random_dataset/7965.jpg,cat
F:\NTSE\lab02\output\random_dataset\4452.jpg,output/random_dataset/4452.jpg,cat
F:\NTSE\lab02\output\random_dataset\131.jpg,output/random_dataset/131.jpg,cat
F:\NTSE\lab02\output\random_dataset\7458.jpg,output/random_dataset/7458.jpg,cat
F:\NTSE\lab02\output\random_dataset\1353.jpg,output/random_dataset/1353.jpg,cat
F:\NTSE\lab02\output\random_dataset\3553.jpg,output/random_dataset/3553.jpg,cat
F:\NTSE\lab02\output\random_dataset\5055.jpg,output/random_dataset/5055.jpg,cat
F:\NTSE\lab02\output\random_dataset\1801.jpg,output/random_dataset/1801.jpg,cat
F:\NTSE\lab02\output\random_dataset\7263.jpg,output/random_dataset/7263.jpg,cat
F:\NTSE\lab02\output\random_dataset\8368.jpg,output/random_dataset/8368.jpg,cat
F:\NTSE\lab02\output\random_dataset\9579.jpg,output/random_dataset/9579.jpg,cat
F:\NTSE\lab02\output\random_dataset\1906.jpg,output/random_dataset/1906.jpg,cat
F:\NTSE\lab02\output\random_dataset\5140.jpg,output/random_dataset/5140.jpg,cat
F:\NTSE\lab02\output\random_dataset\8465.jpg,output/random_dataset/8465.jpg,cat
F:\NTSE\lab02\output\random_dataset\7923.jpg,output/random_dataset/7923.jpg,cat
F:\NTSE\lab02\output\random_dataset\9659.jpg,output/random_dataset/9659.jpg,cat
F:\NTSE\lab02\output\random_dataset\8159.jpg,output/random_dataset/8159.jpg,cat
F:\NTSE\lab02\output\random_dataset\2667.jpg,output/random_dataset/2667.jpg,cat
F:\NTSE\lab02\output\random_dataset\3810.jpg,output/random_dataset/3810.jpg,cat
F:\NTSE\lab02\output\random_dataset\183.jpg,output/random_dataset/183.jpg,cat
F:\NTSE\lab02\output\random_dataset\3140.jpg,output/random_dataset/3140.jpg,cat
F:\NTSE\lab02\output\random_dataset\4154.jpg,output/random_dataset/4154.jpg,cat
F:\NTSE\lab02\output\random_dataset\4463.jpg,output/random_dataset/4463.jpg,cat
F:\NTSE\lab02\output\random_dataset\849.jpg,output/random_dataset/849.jpg,cat
F:\NTSE\lab02\output\random_dataset\9427.jpg,output/random_dataset/9427.jpg,cat
F:\NTSE\lab02\output\random_dataset\3112.jpg,output/random_dataset/3112.jpg,cat
F:\NTSE\lab02\output\random_dataset\6758.jpg,output/random_dataset/6758.jpg,cat
F:\NTSE\lab02\output\random_dataset\5176.jpg,output/random_dataset/5176.jpg,cat
F:\NTSE\lab02\output\random_dataset\8679.jpg,output/random_dataset/8679.jpg,cat
F:\NTSE\lab02\output\random_dataset\1596.jpg,output/random_dataset/1596.jpg,cat
F:\NTSE\lab02\output\random_dataset\8055.jpg,output/random_dataset/8055.jpg,cat
F:\NTSE\lab02\output\random_dataset\4487.jpg,output/random_dataset/4487.jpg,cat
F:\NTSE\lab02\output\random_dataset\1187.jpg,output/random_dataset/1187.jpg,cat
F:\NTSE\lab02\output\random_dataset\2977.jpg,output/random_dataset/2977.jpg,cat
F:\NTSE\lab02\output\random_dataset\5778.jpg,output/random_dataset/5778.jpg,cat
F:\NTSE\lab02\output\random_dataset\904.jpg,output/random_dataset/904.jpg,cat
F:\NTSE\lab02\output\random_dataset\7887.jpg,output/random_dataset/7887.jpg,cat
F:\NTSE\lab02\output\random_dataset\7683.jpg,output/random_dataset/7683.jpg,cat
F:\NTSE\lab02\output\random_dataset\5213.jpg,output/random_dataset/5213.jpg,cat
F:\NTSE\lab02\output\random_dataset\5650.jpg,output/random_dataset/5650.jpg,cat
F:\NTSE\lab02\output\random_dataset\9436.jpg,output/random_dataset/9436.jpg,cat
F:\NTSE\lab02\output\random_dataset\3555.jpg,output/random_dataset/3555.jpg,cat
F:\NTSE\lab02\output\random_dataset\4295.jpg,output/random_dataset/4295.jpg,cat
F:\NTSE\lab02\output\random_dataset\2751.jpg,output/random_dataset/2751.jpg,cat
F:\NTSE\lab02\output\random_dataset\9525.jpg,output/random_dataset/9525.jpg,cat
F:\NTSE\lab02\output\random_dataset\6375.jpg,output/random_dataset/6375.jpg,cat
F:\NTSE\lab02\output\random_dataset\612.jpg,output/random_dataset/612.jpg,cat
F:\NTSE\lab02\output\random_dataset\8160.jpg,output/random_dataset/8160.jpg,cat
F:\NTSE\lab02\output\random_dataset\3290.jpg,output/random_dataset/3290.jpg,cat
F:\NTSE\lab02\output\random_dataset\3670.jpg,output/random_dataset/3670.jpg,cat
F:\NTSE\lab02\output\random_dataset\4946.jpg,output/random_dataset/4946.jpg,cat
F:\NTSE\lab02\output\random_dataset\7.jpg,output/random_dataset/7.jpg,cat
F:\NTSE\lab02\output\random_dataset\3114.jpg,output/random_dataset/3114.jpg,cat
F:\NTSE\lab02\output\random_dataset\2971.jpg,output/random_dataset/2971.jpg,cat
F:\NTSE\lab02\output\random_dataset\6780.jpg,output/random_dataset/6780.jpg,cat
F:\NTSE\lab02\output\random_dataset\5752.jpg,output/random_dataset/5752.jpg,cat
F:\NTSE\lab02\output\random_dataset\5817.jpg,output/random_dataset/5817.jpg,cat
F:\NTSE\lab02\output\random_dataset\8124.jpg,output/random_dataset/8124.jpg,cat
F:\NTSE\lab02\output\random_dataset\3792.jpg,output/random_dataset/3792.jpg,cat
F:\NTSE\lab02\output\random_dataset\7166.jpg,output/random_dataset/7166.jpg,cat
F:\NTSE\lab02\output\random_dataset\2690.jpg,output/random_dataset/2690.jpg,cat
F:\NTSE\lab02\output\random_dataset\4641.jpg,output/random_dataset/4641.jpg,cat
F:\NTSE\lab02\output\random_dataset\7870.jpg,output/random_dataset/7870.jpg,cat
F:\NTSE\lab02\output\random_dataset\8451.jpg,output/random_dataset/8451.jpg,cat
F:\NTSE\lab02\output\random_dataset\1630.jpg,output/random_dataset/1630.jpg,cat
F:\NTSE\lab02\output\random_dataset\1257.jpg,output/random_dataset/1257.jpg,cat
F:\NTSE\lab02\output\random_dataset\7212.jpg,output/random_dataset/7212.jpg,cat
F:\NTSE\lab02\output\random_dataset\3513.jpg,output/random_dataset/3513.jpg,cat
F:\NTSE\lab02\output\random_dataset\7717.jpg,output/random_dataset/7717.jpg,cat
F:\NTSE\lab02\output\random_dataset\7206.jpg,output/random_dataset/7206.jpg,cat
F:\NTSE\lab02\output\random_dataset\6478.jpg,output/random_dataset/6478.jpg,cat
F:\NTSE\lab02\output\random_dataset\7721.jpg,output/random_dataset/7721.jpg,cat
F:\NTSE\lab02\output\random_dataset\7986.jpg,output/random_dataset/7986.jpg,cat
F:\NTSE\lab02\output\random_dataset\9998.jpg,output/random_dataset/9998.jpg,cat
F:\NTSE\lab02\output\random_dataset\4992.jpg,output/random_dataset/4992.jpg,cat
F:\NTSE\lab02\output\random_dataset\3491.jpg,output/random_dataset/3491.jpg,cat
F:\NTSE\lab02\output\random_dataset\9185.jpg,output/random_dataset/9185.jpg,cat
F:\NTSE\lab02\output\random_dataset\2756.jpg,output/random_dataset/2756.jpg,cat
F:\NTSE\lab02\output\random_dataset\626.jpg,output/random_dataset/626.jpg,cat
F:\NTSE\lab02\output\random_dataset\95.jpg,output/random_dataset/95.jpg,cat
F:\NTSE\lab02\output\random_dataset\4700.jpg,output/random_dataset/4700.jpg,cat
F:\NTSE\lab02\output\random_dataset\1073.jpg,output/random_dataset/1073.jpg,dog
F:\NTSE\lab02\output\random_dataset\517.jpg,output/random_dataset/517.jpg,dog
F:\NTSE\lab02\output\random_dataset\743.jpg,output/random_dataset/743.jpg,dog
F:\NTSE\lab02\output\random_dataset\3711.jpg,output/random_dataset/3711.jpg,dog
F:\NTSE\lab02\output\random_dataset\2775.jpg,output/random_dataset/2775.jpg,dog
F:\NTSE\lab02\output\random_dataset\1481.jpg,output/random_dataset/1481.jpg,dog
F:\NTSE\lab02\output\random_dataset\1179.jpg,output/random_dataset/1179.jpg,dog
F:\NTSE\lab02\output\random_dataset\1487.jpg,output/random_dataset/1487.jpg,dog
F:\NTSE\lab02\output\random_dataset\7193.jpg,output/random_dataset/7193.jpg,dog
F:\NTSE\lab02\output\random_dataset\6085.jpg,output/random_dataset/6085.jpg,dog
F:\NTSE\lab02\output\random_dataset\2841.jpg,output/random_dataset/2841.jpg,dog
F:\NTSE\lab02\output\random_dataset\8817.jpg,output/random_dataset/8817.jpg,dog
F:\NTSE\lab02\output\random_dataset\7845.jpg,output/random_dataset/7845.jpg,dog
F:\NTSE\lab02\output\random_dataset\4366.jpg,output/random_dataset/4366.jpg,dog
F:\NTSE\lab02\output\random_dataset\1115.jpg,output/random_dataset/1115.jpg,dog
F:\NTSE\lab02\output\random_dataset\6192.jpg,output/random_dataset/6192.jpg,dog
F:\NTSE\lab02\output\random_dataset\2437.jpg,output/random_dataset/2437.jpg,dog
F:\NTSE\lab02\output\random_dataset\4793.jpg,output/random_dataset/4793.jpg,dog
F:\NTSE\lab02\output\random_dataset\9402.jpg,output/random_dataset/9402.jpg,dog
F:\NTSE\lab02\output\random_dataset\2958.jpg,output/random_dataset/2958.jpg,dog
F:\NTSE\lab02\output\random_dataset\6466.jpg,output/random_dataset/6466.jpg,dog
F:\NTSE\lab02\output\random_dataset\12.jpg,output/random_dataset/12.jpg,dog
F:\NTSE\lab02\output\random_dataset\426.jpg,output/random_dataset/426.jpg,dog
F:\NTSE\lab02\output\random_dataset\7573.jpg,output/random_dataset/7573.jpg,dog
F:\NTSE\lab02\output\random_dataset\2960.jpg,output/random_dataset/2960.jpg,dog
F:\NTSE\lab02\output\random_dataset\3950.jpg,output/random_dataset/3950.jpg,dog
F:\NTSE\lab02\output\random_dataset\510.jpg,output/random_dataset/510.jpg,dog
F:\NTSE\lab02\output\random_dataset\3572.jpg,output/random_dataset/3572.jpg,dog
F:\NTSE\lab02\output\random_dataset\3880.jpg,output/random_dataset/3880.jpg,dog
F:\NTSE\lab02\output\random_dataset\1368.jpg,output/random_dataset/1368.jpg,dog
F:\NTSE\lab02\output\random_dataset\3846.jpg,output/random_dataset/3846.jpg,dog
F:\NTSE\lab02\output\random_dataset\4108.jpg,output/random_dataset/4108.jpg,dog
F:\NTSE\lab02\output\random_dataset\6194.jpg,output/random_dataset/6194.jpg,dog
F:\NTSE\lab02\output\random_dataset\8359.jpg,output/random_dataset/8359.jpg,dog
F:\NTSE\lab02\output\random_dataset\1838.jpg,output/random_dataset/1838.jpg,dog
F:\NTSE\lab02\output\random_dataset\2617.jpg,output/random_dataset/2617.jpg,dog
F:\NTSE\lab02\output\random_dataset\678.jpg,output/random_dataset/678.jpg,dog
F:\NTSE\lab02\output\random_dataset\3625.jpg,output/random_dataset/3625.jpg,dog
F:\NTSE\lab02\output\random_dataset\6056.jpg,output/random_dataset/6056.jpg,dog
F:\NTSE\lab02\output\random_dataset\4792.jpg,output/random_dataset/4792.jpg,dog
F:\NTSE\lab02\output\random_dataset\9067.jpg,output/random_dataset/9067.jpg,dog
F:\NTSE\lab02\output\random_dataset\3848.jpg,output/random_dataset/3848.jpg,dog
F:\NTSE\lab02\output\random_dataset\4013.jpg,output/random_dataset/4013.jpg,dog
F:\NTSE\lab02\output\random_dataset\7183.jpg,output/random_dataset/7183.jpg,dog
F:\NTSE\lab02\output\random_dataset\6553.jpg,output/random_dataset/6553.jpg,dog
F:\NTSE\lab02\output\random_dataset\6265.jpg,output/random_dataset/6265.jpg,dog
F:\NTSE\lab02\output\random_dataset\6272.jpg,output/random_dataset/6272.jpg,dog
F:\NTSE\lab02\output\random_dataset\7728.jpg,output/random_dataset/7728.jpg,dog
F:\NTSE\lab02\output\random_dataset\2011.jpg,output/random_dataset/2011.jpg,dog
F:\NTSE\lab02\output\random_dataset\6844.jpg,output/random_dataset/6844.jpg,dog
F:\NTSE\lab02\output\random_dataset\8387.jpg,output/random_dataset/8387.jpg,dog
F:\NTSE\lab02\output\random_dataset\9449.jpg,output/random_dataset/9449.jpg,dog
F:\NTSE\lab02\output\random_dataset\5570.jpg,output/random_dataset/5570.jpg,dog
F:\NTSE\lab02\output\random_dataset\8768.jpg,output/random_dataset/8768.jpg,dog
F:\NTSE\lab02\output\random_dataset\4074.jpg,output/random_dataset/4074.jpg,dog
F:\NTSE\lab02\output\random_dataset\3503.jpg,output/random_dataset/3503.jpg,dog
F:\NTSE\lab02\output\random_dataset\6345.jpg,output/random_dataset/6345.jpg,dog
F:\NTSE\lab02\output\random_dataset\1424.jpg,output/random_dataset/1424.jpg,dog
F:\NTSE\lab02\output\random_dataset\1306.jpg,output/random_dataset/1306.jpg,dog
F:\NTSE\lab02\output\random_dataset\2122.jpg,output/random_dataset/2122.jpg,dog
F:\NTSE\lab02\output\random_dataset\2117.jpg,output/random_dataset/2117.jpg,dog
F:\NTSE\lab02\output\random_dataset\3189.jpg,output/random_dataset/3189.jpg,dog
F:\NTSE\lab02\output\random_dataset\5542.jpg,output/random_dataset/5542.jpg,dog
F:\NTSE\lab02\output\random_dataset\9142.jpg,output/random_dataset/9142.jpg,dog
F:\NTSE\lab02\output\random_dataset\6757.jpg,output/random_dataset/6757.jpg,dog
F:\NTSE\lab02\output\random_dataset\4916.jpg,output/random_dataset/4916.jpg,dog
F:\NTSE\lab02\output\random_dataset\3674.jpg,output/random_dataset/3674.jpg,dog
F:\NTSE\lab02\output\random_dataset\7653.jpg,output/random_dataset/7653.jpg,dog
F:\NTSE\lab02\output\random_dataset\8896.jpg,output/random_dataset/8896.jpg,dog
F:\NTSE\lab02\output\random_dataset\3076.jpg,output/random_dataset/3076.jpg,dog
F:\NTSE\lab02\output\random_dataset\1552.jpg,output/random_dataset/1552.jpg,dog
F:\NTSE\lab02\output\random_dataset\3059.jpg,output/random_dataset/3059.jpg,dog
F:\NTSE\lab02\output\random_dataset\342.jpg,output/random_dataset/342.jpg,dog
F:\NTSE\lab02\output\random_dataset\852.jpg,output/random_dataset/852.jpg,dog
F:\NTSE\lab02\output\random_dataset\9800.jpg,output/random_dataset/9800.jpg,dog
F:\NTSE\lab02\output\random_dataset\7642.jpg,output/random_dataset/7642.jpg,dog
F:\NTSE\lab02\output\random_dataset\2819.jpg,output/random_dataset/2819.jpg,dog
F:\NTSE\lab02\output\random_dataset\694.jpg,output/random_dataset/694.jpg,dog
F:\NTSE\lab02\output\random_dataset\4328.jpg,output/random_dataset/4328.jpg,dog
F:\NTSE\lab02\output\random_dataset\8580.jpg,output/random_dataset/8580.jpg,dog
F:\NTSE\lab02\output\random_dataset\323.jpg,output/random_dataset/323.jpg,dog
F:\NTSE\lab02\output\random_dataset\6751.jpg,output/random_dataset/6751.jpg,dog
F:\NTSE\lab02\output\random_dataset\8131.jpg,output/random_dataset/8131.jpg,dog
F:\NTSE\lab02\output\random_dataset\4399.jpg,output/random_dataset/4399.jpg,dog
F:\NTSE\lab02\output\random_dataset\4799.jpg,output/random_dataset/4799.jpg,dog
F:\NTSE\lab02\output\random_dataset\1327.jpg,output/random_dataset/1327.jpg,dog
F:\NTSE\lab02\output\random_dataset\6338.jpg,output/random_dataset/6338.jpg,dog
F:\NTSE\lab02\output\random_dataset\5782.jpg,output/random_dataset/5782.jpg,dog
F:\NTSE\lab02\output\random_dataset\5565.jpg,output/random_dataset/5565.jpg,dog
F:\NTSE\lab02\output\random_dataset\2997.jpg,output/random_dataset/2997.jpg,dog
F:\NTSE\lab02\output\random_dataset\5091.jpg,output/random_dataset/5091.jpg,dog
F:\NTSE\lab02\output\random_dataset\9108.jpg,output/random_dataset/9108.jpg,dog
F:\NTSE\lab02\output\random_dataset\7142.jpg,output/random_dataset/7142.jpg,dog
F:\NTSE\lab02\output\random_dataset\5701.jpg,output/random_dataset/5701.jpg,dog
F:\NTSE\lab02\output\random_dataset\3206.jpg,output/random_dataset/3206.jpg,dog
F:\NTSE\lab02\output\random_dataset\5172.jpg,output/random_dataset/5172.jpg,dog
F:\NTSE\lab02\output\random_dataset\5494.jpg,output/random_dataset/5494.jpg,dog
F:\NTSE\lab02\output\random_dataset\489.jpg,output/random_dataset/489.jpg,dog
F:\NTSE\lab02\output\random_dataset\7218.jpg,output/random_dataset/7218.jpg,dog
F:\NTSE\lab02\output\random_dataset\4246.jpg,output/random_dataset/4246.jpg,dog
F:\NTSE\lab02\output\random_dataset\2679.jpg,output/random_dataset/2679.jpg,dog
F:\NTSE\lab02\output\random_dataset\8001.jpg,output/random_dataset/8001.jpg,dog
F:\NTSE\lab02\output\random_dataset\3002.jpg,output/random_dataset/3002.jpg,dog
F:\NTSE\lab02\output\random_dataset\4104.jpg,output/random_dataset/4104.jpg,dog
F:\NTSE\lab02\output\random_dataset\206.jpg,output/random_dataset/206.jpg,dog
F:\NTSE\lab02\output\random_dataset\7499.jpg,output/random_dataset/7499.jpg,dog
F:\NTSE\lab02\output\random_dataset\7957.jpg,output/random_dataset/7957.jpg,dog
F:\NTSE\lab02\output\random_dataset\8686.jpg,output/random_dataset/8686.jpg,dog
F:\NTSE\lab02\output\random_dataset\4501.jpg,output/random_dataset/4501.jpg,dog
F:\NTSE\lab02\output\random_dataset\8755.jpg,output/random_dataset/8755.jpg,dog
F:\NTSE\lab02\output\random_dataset\8272.jpg,output/random_dataset/8272.jpg,dog
F:\NTSE\lab02\output\random_dataset\6529.jpg,output/random_dataset/6529.jpg,dog
F:\NTSE\lab02\output\random_dataset\8246.jpg,output/random_dataset/8246.jpg,dog
F:\NTSE\lab02\output\random_dataset\1793.jpg,output/random_dataset/1793.jpg,dog
F:\NTSE\lab02\output\random_dataset\5687.jpg,output/random_dataset/5687.jpg,dog
F:\NTSE\lab02\output\random_dataset\843.jpg,output/random_dataset/843.jpg,dog
F:\NTSE\lab02\output\random_dataset\496.jpg,output/random_dataset/496.jpg,dog
F:\NTSE\lab02\output\random_dataset\2582.jpg,output/random_dataset/2582.jpg,dog
F:\NTSE\lab02\output\random_dataset\6348.jpg,output/random_dataset/6348.jpg,dog
F:\NTSE\lab02\output\random_dataset\7277.jpg,output/random_dataset/7277.jpg,dog
F:\NTSE\lab02\output\random_dataset\5755.jpg,output/random_dataset/5755.jpg,dog
F:\NTSE\lab02\output\random_dataset\7378.jpg,output/random_dataset/7378.jpg,dog
F:\NTSE\lab02\output\random_dataset\6159.jpg,output/random_dataset/6159.jpg,dog
F:\NTSE\lab02\output\random_dataset\2774.jpg,output/random_dataset/2774.jpg,dog
F:\NTSE\lab02\output\random_dataset\5488.jpg,output/random_dataset/5488.jpg,dog
F:\NTSE\lab02\output\random_dataset\3635.jpg,output/random_dataset/3635.jpg,dog
F:\NTSE\lab02\output\random_dataset\1260.jpg,output/random_dataset/1260.jpg,dog
F:\NTSE\lab02\output\random_dataset\5847.jpg,output/random_dataset/5847.jpg,dog
F:\NTSE\lab02\output\random_dataset\595.jpg,output/random_dataset/595.jpg,dog
F:\NTSE\lab02\output\random_dataset\7061.jpg,output/random_dataset/7061.jpg,dog
F:\NTSE\lab02\output\random_dataset\5000.jpg,output/random_dataset/5000.jpg,dog
F:\NTSE\lab02\output\random_dataset\9120.jpg,output/random_dataset/9120.jpg,dog
F:\NTSE\lab02\output\random_dataset\7135.jpg,output/random_dataset/7135.jpg,dog
F:\NTSE\lab02\output\random_dataset\5863.jpg,output/random_dataset/5863.jpg,dog
F:\NTSE\lab02\output\random_dataset\3463.jpg,output/random_dataset/3463.jpg,dog
F:\NTSE\lab02\output\random_dataset\6426.jpg,output/random_dataset/6426.jpg,dog
F:\NTSE\lab02\output\random_dataset\9380.jpg,output/random_dataset/9380.jpg,dog
F:\NTSE\lab02\output\random_dataset\5073.jpg,output/random_dataset/5073.jpg,dog
F:\NTSE\lab02\output\random_dataset\5431.jpg,output/random_dataset/5431.jpg,dog
F:\NTSE\lab02\output\random_dataset\3715.jpg,output/random_dataset/3715.jpg,dog
F:\NTSE\lab02\output\random_dataset\7448.jpg,output/random_dataset/7448.jpg,dog
F:\NTSE\lab02\output\random_dataset\5353.jpg,output/random_dataset/5353.jpg,dog
F:\NTSE\lab02\output\random_dataset\5026.jpg,output/random_dataset/5026.jpg,dog
F:\NTSE\lab02\output\random_dataset\2189.jpg,output/random_dataset/2189.jpg,dog
F:\NTSE\lab02\output\random_dataset\2998.jpg,output/random_dataset/2998.jpg,dog
F:\NTSE\lab02\output\random_dataset\596.jpg,output/random_dataset/596.jpg,dog
F:\NTSE\lab02\output\random_dataset\7255.jpg,output/random_dataset/7255.jpg,dog
F:\NTSE\lab02\output\random_dataset\1186.jpg,output/random_dataset/1186.jpg,dog
F:\NTSE\lab02\output\random_dataset\9524.jpg,output/random_dataset/9524.jpg,dog
F:\NTSE\lab02\output\random_dataset\2333.jpg,output/random_dataset/2333.jpg,dog
F:\NTSE\lab02\output\random_dataset\1188.jpg,output/random_dataset/1188.jpg,dog
F:\NTSE\lab02\output\random_dataset\2643.jpg,output/random_dataset/2643.jpg,dog
F:\NTSE\lab02\output\random_dataset\1250.jpg,output/random_dataset/1250.jpg,dog
F:\NTSE\lab02\output\random_dataset\6357.jpg,output/random_dataset/6357.jpg,dog
F:\NTSE\lab02\output\random_dataset\6688.jpg,output/random_dataset/6688.jpg,dog
F:\NTSE\lab02\output\random_dataset\1018.jpg,output/random_dataset/1018.jpg,dog
F:\NTSE\lab02\output\random_dataset\1101.jpg,output/random_dataset/1101.jpg,dog
F:\NTSE\lab02\output\random_dataset\860.jpg,output/random_dataset/860.jpg,dog
F:\NTSE\lab02\output\random_dataset\5188.jpg,output/random_dataset/5188.jpg,dog
F:\NTSE\lab02\output\random_dataset\7991.jpg,output/random_dataset/7991.jpg,dog
F:\NTSE\lab02\output\random_dataset\101.jpg,output/random_dataset/101.jpg,dog
F:\NTSE\lab02\output\random_dataset\8000.jpg,output/random_dataset/8000.jpg,dog
F:\NTSE\lab02\output\random_dataset\4070.jpg,output/random_dataset/4070.jpg,dog
F:\NTSE\lab02\output\random_dataset\4111.jpg,output/random_dataset/4111.jpg,dog
F:\NTSE\lab02\output\random_dataset\1483.jpg,output/random_dataset/1483.jpg,dog
F:\NTSE\lab02\output\random_dataset\9295.jpg,output/random_dataset/9295.jpg,dog
F:\NTSE\lab02\output\random_dataset\6275.jpg,output/random_dataset/6275.jpg,dog
F:\NTSE\lab02\output\random_dataset\2017.jpg,output/random_dataset/2017.jpg,dog
F:\NTSE\lab02\output\random_dataset\2457.jpg,output/random_dataset/2457.jpg,dog
F:\NTSE\lab02\output\random_dataset\4468.jpg,output/random_dataset/4468.jpg,dog
F:\NTSE\lab02\output\random_dataset\5183.jpg,output/random_dataset/5183.jpg,dog
F:\NTSE\lab02\output\random_dataset\9446.jpg,output/random_dataset/9446.jpg,dog
F:\NTSE\lab02\output\random_dataset\1871.jpg,output/random_dataset/1871.jpg,dog
F:\NTSE\lab02\output\random_dataset\58.jpg,output/random_dataset/58.jpg,dog
F:\NTSE\lab02\output\random_dataset\792.jpg,output/random_dataset/792.jpg,dog
F:\NTSE\lab02\output\random_dataset\5862.jpg,output/random_dataset/5862.jpg,dog
F:\NTSE\lab02\output\random_dataset\2237.jpg,output/random_dataset/2237.jpg,dog
F:\NTSE\lab02\output\random_dataset\9971.jpg,output/random_dataset/9971.jpg,dog
F:\NTSE\lab02\output\random_dataset\2829.jpg,output/random_dataset/2829.jpg,dog
F:\NTSE\lab02\output\random_dataset\546.jpg,output/random_dataset/546.jpg,dog
F:\NTSE\lab02\output\random_dataset\3455.jpg,output/random_dataset/3455.jpg,dog
F:\NTSE\lab02\output\random_dataset\123.jpg,output/random_dataset/123.jpg,dog
F:\NTSE\lab02\output\random_dataset\793.jpg,output/random_dataset/793.jpg,dog
F:\NTSE\lab02\output\random_dataset\5618.jpg,output/random_dataset/5618.jpg,dog
F:\NTSE\lab02\output\random_dataset\7621.jpg,output/random_dataset/7621.jpg,dog
F:\NTSE\lab02\output\random_dataset\5031.jpg,output/random_dataset/5031.jpg,dog
F:\NTSE\lab02\output\random_dataset\1459.jpg,output/random_dataset/1459.jpg,dog
F:\NTSE\lab02\output\random_dataset\6383.jpg,output/random_dataset/6383.jpg,dog
F:\NTSE\lab02\output\random_dataset\3509.jpg,output/random_dataset/3509.jpg,dog
F:\NTSE\lab02\output\random_dataset\7900.jpg,output/random_dataset/7900.jpg,dog
F:\NTSE\lab02\output\random_dataset\9759.jpg,output/random_dataset/9759.jpg,dog
F:\NTSE\lab02\output\random_dataset\1293.jpg,output/random_dataset/1293.jpg,dog
F:\NTSE\lab02\output\random_dataset\82.jpg,output/random_dataset/82.jpg,dog
F:\NTSE\lab02\output\random_dataset\6243.jpg,output/random_dataset/6243.jpg,dog
F:\NTSE\lab02\output\random_dataset\5800.jpg,output/random_dataset/5800.jpg,dog
F:\NTSE\lab02\output\random_dataset\8183.jpg,output/random_dataset/8183.jpg,dog
F:\NTSE\lab02\output\random_dataset\5895.jpg,output/random_dataset/5895.jpg,dog
F:\NTSE\lab02\output\random_dataset\7133.jpg,output/random_dataset/7133.jpg,dog
F:\NTSE\lab02\output\random_dataset\4344.jpg,output/random_dataset/4344.jpg,dog
F:\NTSE\lab02\output\random_dataset\6600.jpg,output/random_dataset/6600.jpg,dog
F:\NTSE\lab02\output\random_dataset\1330.jpg,output/random_dataset/1330.jpg,dog
F:\NTSE\lab02\output\random_dataset\4708.jpg,output/random_dataset/4708.jpg,dog
F:\NTSE\lab02\output\random_dataset\8737.jpg,output/random_dataset/8737.jpg,dog
F:\NTSE\lab02\output\random_dataset\3865.jpg,output/random_dataset/3865.jpg,dog
F:\NTSE\lab02\output\random_dataset\6031.jpg,output/random_dataset/6031.jpg,dog
F:\NTSE\lab02\output\random_dataset\6937.jpg,output/random_dataset/6937.jpg,dog
F:\NTSE\lab02\output\random_dataset\9618.jpg,output/random_dataset/9618.jpg,dog
F:\NTSE\lab02\output\random_dataset\5824.jpg,output/random_dataset/5824.jpg,dog
F:\NTSE\lab02\output\random_dataset\9645.jpg,output/random_dataset/9645.jpg,dog
F:\NTSE\lab02\output\random_dataset\1410.jpg,output/random_dataset/1410.jpg,dog
F:\NTSE\lab02\output\random_dataset\3223.jpg,output/random_dataset/3223.jpg,dog
F:\NTSE\lab02\output\random_dataset\7792.jpg,output/random_dataset/7792.jpg,dog
F:\NTSE\lab02\output\random_dataset\6061.jpg,output/random_dataset/6061.jpg,dog
F:\NTSE\lab02\output\random_dataset\3773.jpg,output/random_dataset/3773.jpg,dog
F:\NTSE\lab02\output\random_dataset\1313.jpg,output/random_dataset/1313.jpg,dog
F:\NTSE\lab02\output\random_dataset\4230.jpg,output/random_dataset/4230.jpg,dog
F:\NTSE\lab02\output\random_dataset\8343.jpg,output/random_dataset/8343.jpg,dog
F:\NTSE\lab02\output\random_dataset\6347.jpg,output/random_dataset/6347.jpg,dog
F:\NTSE\lab02\output\random_dataset\2776.jpg,output/random_dataset/2776.jpg,dog
F:\NTSE\lab02\output\random_dataset\4886.jpg,output/random_dataset/4886.jpg,dog
F:\NTSE\lab02\output\random_dataset\8685.jpg,output/random_dataset/8685.jpg,dog
F:\NTSE\lab02\output\random_dataset\3724.jpg,output/random_dataset/3724.jpg,dog
F:\NTSE\lab02\output\random_dataset\8614.jpg,output/random_dataset/8614.jpg,dog
F:\NTSE\lab02\output\random_dataset\6418.jpg,output/random_dataset/6418.jpg,dog
F:\NTSE\lab02\output\random_dataset\2540.jpg,output/random_dataset/2540.jpg,dog
F:\NTSE\lab02\output\random_dataset\7545.jpg,output/random_dataset/7545.jpg,dog
F:\NTSE\lab02\output\random_dataset\1620.jpg,output/random_dataset/1620.jpg,dog
F:\NTSE\lab02\output\random_dataset\9601.jpg,output/random_dataset/9601.jpg,dog
F:\NTSE\lab02\output\random_dataset\4945.jpg,output/random_dataset/4945.jpg,dog
F:\NTSE\lab02\output\random_dataset\7220.jpg,output/random_dataset/7220.jpg,dog
F:\NTSE\lab02\output\random_dataset\7274.jpg,output/random_dataset/7274.jpg,dog
F:\NTSE\lab02\output\random_dataset\4896.jpg,output/random_dataset/4896.jpg,dog
F:\NTSE\lab02\output\random_dataset\1012.jpg,output/random_dataset/1012.jpg,dog
F:\NTSE\lab02\output\random_dataset\7696.jpg,output/random_dataset/7696.jpg,dog
F:\NTSE\lab02\output\random_dataset\7347.jpg,output/random_dataset/7347.jpg,dog
F:\NTSE\lab02\output\random_dataset\5364.jpg,output/random_dataset/5364.jpg,dog
F:\NTSE\lab02\output\random_dataset\62.jpg,output/random_dataset/62.jpg,dog
F:\NTSE\lab02\output\random_dataset\8831.jpg,output/random_dataset/8831.jpg,dog
F:\NTSE\lab02\output\random_dataset\2126.jpg,output/random_dataset/2126.jpg,dog
F:\NTSE\lab02\output\random_dataset\9.jpg,output/random_dataset/9.jpg,dog
F:\NTSE\lab02\output\random_dataset\6012.jpg,output/random_dataset/6012.jpg,dog
F:\NTSE\lab02\output\random_dataset\9746.jpg,output/random_dataset/9746.jpg,dog
F:\NTSE\lab02\output\random_dataset\8388.jpg,output/random_dataset/8388.jpg,dog
F:\NTSE\lab02\output\random_dataset\4760.jpg,output/random_dataset/4760.jpg,dog
F:\NTSE\lab02\output\random_dataset\6792.jpg,output/random_dataset/6792.jpg,dog
F:\NTSE\lab02\output\random_dataset\4879.jpg,output/random_dataset/4879.jpg,dog
F:\NTSE\lab02\output\random_dataset\3133.jpg,output/random_dataset/3133.jpg,dog
F:\NTSE\lab02\output\random_dataset\8621.jpg,output/random_dataset/8621.jpg,dog
F:\NTSE\lab02\output\random_dataset\936.jpg,output/random_dataset/936.jpg,dog
F:\NTSE\lab02\output\random_dataset\5580.jpg,output/random_dataset/5580.jpg,dog
F:\NTSE\lab02\output\random_dataset\1588.jpg,output/random_dataset/1588.jpg,dog
F:\NTSE\lab02\output\random_dataset\5278.jpg,output/random_dataset/5278.jpg,dog
F:\NTSE\lab02\output\random_dataset\2436.jpg,output/random_dataset/2436.jpg,dog
F:\NTSE\lab02\output\random_dataset\1967.jpg,output/random_dataset/1967.jpg,dog
F:\NTSE\lab02\output\random_dataset\2032.jpg,output/random_dataset/2032.jpg,dog
F:\NTSE\lab02\output\random_dataset\4851.jpg,output/random_dataset/4851.jpg,dog
F:\NTSE\lab02\output\random_dataset\40.jpg,output/random_dataset/40.jpg,dog
F:\NTSE\lab02\output\random_dataset\5467.jpg,output/random_dataset/5467.jpg,dog
F:\NTSE\lab02\output\random_dataset\4496.jpg,output/random_dataset/4496.jpg,dog
F:\NTSE\lab02\output\random_dataset\3843.jpg,output/random_dataset/3843.jpg,dog
F:\NTSE\lab02\output\random_dataset\1548.jpg,output/random_dataset/1548.jpg,dog
F:\NTSE\lab02\output\random_dataset\1582.jpg,output/random_dataset/1582.jpg,dog
F:\NTSE\lab02\output\random_dataset\1464.jpg,output/random_dataset/1464.jpg,dog
F:\NTSE\lab02\output\random_dataset\8418.jpg,output/random_dataset/8418.jpg,dog
F:\NTSE\lab02\output\random_dataset\1077.jpg,output/random_dataset/1077.jpg,dog
F:\NTSE\lab02\output\random_dataset\7033.jpg,output/random_dataset/7033.jpg,dog
F:\NTSE\lab02\output\random_dataset\3799.jpg,output/random_dataset/3799.jpg,dog
F:\NTSE\lab02\output\random_dataset\5159.jpg,output/random_dataset/5159.jpg,dog
F:\NTSE\lab02\output\random_dataset\3295.jpg,output/random_dataset/3295.jpg,dog
F:\NTSE\lab02\output\random_dataset\5323.jpg,output/random_dataset/5323.jpg,dog
F:\NTSE\lab02\output\random_dataset\7842.jpg,output/random_dataset/7842.jpg,dog
F:\NTSE\lab02\output\random_dataset\8203.jpg,output/random_dataset/8203.jpg,dog
F:\NTSE\lab02\output\random_dataset\6852.jpg,output/random_dataset/6852.jpg,dog
F:\NTSE\lab02\output\random_dataset\2423.jpg,output/random_dataset/2423.jpg,dog
F:\NTSE\lab02\output\random_dataset\6823.jpg,output/random_dataset/6823.jpg,dog
F:\NTSE\lab02\output\random_dataset\1029.jpg,output/random_dataset/1029.jpg,dog
F:\NTSE\lab02\output\random_dataset\1736.jpg,output/random_dataset/1736.jpg,dog
F:\NTSE\lab02\output\random_dataset\2113.jpg,output/random_dataset/2113.jpg,dog
F:\NTSE\lab02\output\random_dataset\7739.jpg,output/random_dataset/7739.jpg,dog
F:\NTSE\lab02\output\random_dataset\9657.jpg,output/random_dataset/9657.jpg,dog
F:\NTSE\lab02\output\random_dataset\2831.jpg,output/random_dataset/2831.jpg,dog
F:\NTSE\lab02\output\random_dataset\7787.jpg,output/random_dataset/7787.jpg,dog
F:\NTSE\lab02\output\random_dataset\2916.jpg,output/random_dataset/2916.jpg,dog
F:\NTSE\lab02\output\random_dataset\6269.jpg,output/random_dataset/6269.jpg,dog
F:\NTSE\lab02\output\random_dataset\2520.jpg,output/random_dataset/2520.jpg,dog
F:\NTSE\lab02\output\random_dataset\8288.jpg,output/random_dataset/8288.jpg,dog
F:\NTSE\lab02\output\random_dataset\3858.jpg,output/random_dataset/3858.jpg,dog
F:\NTSE\lab02\output\random_dataset\9210.jpg,output/random_dataset/9210.jpg,dog
F:\NTSE\lab02\output\random_dataset\9370.jpg,output/random_dataset/9370.jpg,dog
F:\NTSE\lab02\output\random_dataset\2494.jpg,output/random_dataset/2494.jpg,dog
F:\NTSE\lab02\output\random_dataset\1182.jpg,output/random_dataset/1182.jpg,dog
F:\NTSE\lab02\output\random_dataset\4437.jpg,output/random_dataset/4437.jpg,dog
F:\NTSE\lab02\output\random_dataset\1517.jpg,output/random_dataset/1517.jpg,dog
F:\NTSE\lab02\output\random_dataset\1629.jpg,output/random_dataset/1629.jpg,dog
F:\NTSE\lab02\output\random_dataset\3607.jpg,output/random_dataset/3607.jpg,dog
F:\NTSE\lab02\output\random_dataset\1471.jpg,output/random_dataset/1471.jpg,dog
F:\NTSE\lab02\output\random_dataset\4952.jpg,output/random_dataset/4952.jpg,dog
F:\NTSE\lab02\output\random_dataset\8746.jpg,output/random_dataset/8746.jpg,dog
F:\NTSE\lab02\output\random_dataset\8315.jpg,output/random_dataset/8315.jpg,dog
F:\NTSE\lab02\output\random_dataset\5534.jpg,output/random_dataset/5534.jpg,dog
F:\NTSE\lab02\output\random_dataset\3991.jpg,output/random_dataset/3991.jpg,dog
F:\NTSE\lab02\output\random_dataset\7342.jpg,output/random_dataset/7342.jpg,dog
F:\NTSE\lab02\output\random_dataset\6684.jpg,output/random_dataset/6684.jpg,dog
F:\NTSE\lab02\output\random_dataset\2574.jpg,output/random_dataset/2574.jpg,dog
F:\NTSE\lab02\output\random_dataset\5270.jpg,output/random_dataset/5270.jpg,dog
F:\NTSE\lab02\output\random_dataset\1017.jpg,output/random_dataset/1017.jpg,dog
F:\NTSE\lab02\output\random_dataset\6429.jpg,output/random_dataset/6429.jpg,dog
F:\NTSE\lab02\output\random_dataset\848.jpg,output/random_dataset/848.jpg,dog
F:\NTSE\lab02\output\random_dataset\6231.jpg,output/random_dataset/6231.jpg,dog
F:\NTSE\lab02\output\random_dataset\4887.jpg,output/random_dataset/4887.jpg,dog
F:\NTSE\lab02\output\random_dataset\5757.jpg,output/random_dataset/5757.jpg,dog
F:\NTSE\lab02\output\random_dataset\4490.jpg,output/random_dataset/4490.jpg,dog
F:\NTSE\lab02\output\random_dataset\7497.jpg,output/random_dataset/7497.jpg,dog
F:\NTSE\lab02\output\random_dataset\6102.jpg,output/random_dataset/6102.jpg,dog
F:\NTSE\lab02\output\random_dataset\9806.jpg,output/random_dataset/9806.jpg,dog
F:\NTSE\lab02\output\random_dataset\9947.jpg,output/random_dataset/9947.jpg,dog
F:\NTSE\lab02\output\random_dataset\6750.jpg,output/random_dataset/6750.jpg,dog
F:\NTSE\lab02\output\random_dataset\8655.jpg,output/random_dataset/8655.jpg,dog
F:\NTSE\lab02\output\random_dataset\3770.jpg,output/random_dataset/3770.jpg,dog
F:\NTSE\lab02\output\random_dataset\692.jpg,output/random_dataset/692.jpg,dog
F:\NTSE\lab02\output\random_dataset\518.jpg,output/random_dataset/518.jpg,dog
F:\NTSE\lab02\output\random_dataset\4950.jpg,output/random_dataset/4950.jpg,dog
F:\NTSE\lab02\output\random_dataset\6862.jpg,output/random_dataset/6862.jpg,dog
F:\NTSE\lab02\output\random_dataset\9087.jpg,output/random_dataset/9087.jpg,dog
F:\NTSE\lab02\output\random_dataset\6370.jpg,output/random_dataset/6370.jpg,dog
F:\NTSE\lab02\output\random_dataset\1475.jpg,output/random_dataset/1475.jpg,dog
F:\NTSE\lab02\output\random_dataset\4345.jpg,output/random_dataset/4345.jpg,dog
F:\NTSE\lab02\output\random_dataset\4087.jpg,output/random_dataset/4087.jpg,dog
F:\NTSE\lab02\output\random_dataset\602.jpg,output/random_dataset/602.jpg,dog
F:\NTSE\lab02\output\random_dataset\5972.jpg,output/random_dataset/5972.jpg,dog
F:\NTSE\lab02\output\random_dataset\1563.jpg,output/random_dataset/1563.jpg,dog
F:\NTSE\lab02\output\random_dataset\3099.jpg,output/random_dataset/3099.jpg,dog
F:\NTSE\lab02\output\random_dataset\9635.jpg,output/random_dataset/9635.jpg,dog
F:\NTSE\lab02\output\random_dataset\8032.jpg,output/random_dataset/8032.jpg,dog
F:\NTSE\lab02\output\random_dataset\1912.jpg,output/random_dataset/1912.jpg,dog
F:\NTSE\lab02\output\random_dataset\1669.jpg,output/random_dataset/1669.jpg,dog
F:\NTSE\lab02\output\random_dataset\1959.jpg,output/random_dataset/1959.jpg,dog
F:\NTSE\lab02\output\random_dataset\5759.jpg,output/random_dataset/5759.jpg,dog
F:\NTSE\lab02\output\random_dataset\4026.jpg,output/random_dataset/4026.jpg,dog
F:\NTSE\lab02\output\random_dataset\878.jpg,output/random_dataset/878.jpg,dog
F:\NTSE\lab02\output\random_dataset\4023.jpg,output/random_dataset/4023.jpg,dog
F:\NTSE\lab02\output\random_dataset\3537.jpg,output/random_dataset/3537.jpg,dog
F:\NTSE\lab02\output\random_dataset\6713.jpg,output/random_dataset/6713.jpg,dog
F:\NTSE\lab02\output\random_dataset\3854.jpg,output/random_dataset/3854.jpg,dog
F:\NTSE\lab02\output\random_dataset\5367.jpg,output/random_dataset/5367.jpg,dog
F:\NTSE\lab02\output\random_dataset\1286.jpg,output/random_dataset/1286.jpg,dog
F:\NTSE\lab02\output\random_dataset\8276.jpg,output/random_dataset/8276.jpg,dog
F:\NTSE\lab02\output\random_dataset\8353.jpg,output/random_dataset/8353.jpg,dog
F:\NTSE\lab02\output\random_dataset\712.jpg,output/random_dataset/712.jpg,dog
F:\NTSE\lab02\output\random_dataset\7544.jpg,output/random_dataset/7544.jpg,dog
F:\NTSE\lab02\output\random_dataset\6705.jpg,output/random_dataset/6705.jpg,dog
F:\NTSE\lab02\output\random_dataset\7452.jpg,output/random_dataset/7452.jpg,dog
F:\NTSE\lab02\output\random_dataset\4112.jpg,output/random_dataset/4112.jpg,dog
F:\NTSE\lab02\output\random_dataset\8820.jpg,output/random_dataset/8820.jpg,dog
F:\NTSE\lab02\output\random_dataset\2141.jpg,output/random_dataset/2141.jpg,dog
F:\NTSE\lab02\output\random_dataset\5372.jpg,output/random_dataset/5372.jpg,dog
F:\NTSE\lab02\output\random_dataset\1489.jpg,output/random_dataset/1489.jpg,dog
F:\NTSE\lab02\output\random_dataset\3918.jpg,output/random_dataset/3918.jpg,dog
F:\NTSE\lab02\output\random_dataset\199.jpg,output/random_dataset/199.jpg,dog
F:\NTSE\lab02\output\random_dataset\9253.jpg,output/random_dataset/9253.jpg,dog
F:\NTSE\lab02\output\random_dataset\6432.jpg,output/random_dataset/6432.jpg,dog
F:\NTSE\lab02\output\random_dataset\3281.jpg,output/random_dataset/3281.jpg,dog
F:\NTSE\lab02\output\random_dataset\592.jpg,output/random_dataset/592.jpg,dog
F:\NTSE\lab02\output\random_dataset\273.jpg,output/random_dataset/273.jpg,dog
F:\NTSE\lab02\output\random_dataset\4473.jpg,output/random_dataset/4473.jpg,dog
F:\NTSE\lab02\output\random_dataset\4828.jpg,output/random_dataset/4828.jpg,dog
F:\NTSE\lab02\output\random_dataset\605.jpg,output/random_dataset/605.jpg,dog
F:\NTSE\lab02\output\random_dataset\8885.jpg,output/random_dataset/8885.jpg,dog
F:\NTSE\lab02\output\random_dataset\3772.jpg,output/random_dataset/3772.jpg,dog
F:\NTSE\lab02\output\random_dataset\9188.jpg,output/random_dataset/9188.jpg,dog
F:\NTSE\lab02\output\random_dataset\7469.jpg,output/random_dataset/7469.jpg,dog
F:\NTSE\lab02\output\random_dataset\4978.jpg,output/random_dataset/4978.jpg,dog
F:\NTSE\lab02\output\random_dataset\1884.jpg,output/random_dataset/1884.jpg,dog
F:\NTSE\lab02\output\random_dataset\8177.jpg,output/random_dataset/8177.jpg,dog
F:\NTSE\lab02\output\random_dataset\7410.jpg,output/random_dataset/7410.jpg,dog
F:\NTSE\lab02\output\random_dataset\6505.jpg,output/random_dataset/6505.jpg,dog
F:\NTSE\lab02\output\random_dataset\4813.jpg,output/random_dataset/4813.jpg,dog
F:\NTSE\lab02\output\random_dataset\5662.jpg,output/random_dataset/5662.jpg,dog
F:\NTSE\lab02\output\random_dataset\2426.jpg,output/random_dataset/2426.jpg,dog
F:\NTSE\lab02\output\random_dataset\5986.jpg,output/random_dataset/5986.jpg,dog
F:\NTSE\lab02\output\random_dataset\2089.jpg,output/random_dataset/2089.jpg,dog
F:\NTSE\lab02\output\random_dataset\9556.jpg,output/random_dataset/9556.jpg,dog
F:\NTSE\lab02\output\random_dataset\4167.jpg,output/random_dataset/4167.jpg,dog
F:\NTSE\lab02\output\random_dataset\6908.jpg,output/random_dataset/6908.jpg,dog
F:\NTSE\lab02\output\random_dataset\9215.jpg,output/random_dataset/9215.jpg,dog
F:\NTSE\lab02\output\random_dataset\987.jpg,output/random_dataset/987.jpg,dog
F:\NTSE\lab02\output\random_dataset\640.jpg,output/random_dataset/640.jpg,dog
F:\NTSE\lab02\output\random_dataset\3336.jpg,output/random_dataset/3336.jpg,dog
F:\NTSE\lab02\output\random_dataset\1560.jpg,output/random_dataset/1560.jpg,dog
F:\NTSE\lab02\output\random_dataset\8802.jpg,output/random_dataset/8802.jpg,dog
F:\NTSE\lab02\output\random_dataset\6286.jpg,output/random_dataset/6286.jpg,dog
F:\NTSE\lab02\output\random_dataset\8357.jpg,output/random_dataset/8357.jpg,dog
F:\NTSE\lab02\output\random_dataset\9859.jpg,output/random_dataset/9859.jpg,dog
F:\NTSE\lab02\output\random_dataset\709.jpg,output/random_dataset/709.jpg,dog
F:\NTSE\lab02\output\random_dataset\1348.jpg,output/random_dataset/1348.jpg,dog
F:\NTSE\lab02\output\random_dataset\7490.jpg,output/random_dataset/7490.jpg,dog
F:\NTSE\lab02\output\random_dataset\8385.jpg,output/random_dataset/8385.jpg,dog
F:\NTSE\lab02\output\random_dataset\6032.jpg,output/random_dataset/6032.jpg,dog
F:\NTSE\lab02\output\random_dataset\6077.jpg,output/random_dataset/6077.jpg,dog
F:\NTSE\lab02\output\random_dataset\8378.jpg,output/random_dataset/8378.jpg,dog
F:\NTSE\lab02\output\random_dataset\7520.jpg,output/random_dataset/7520.jpg,dog
F:\NTSE\lab02\output\random_dataset\7904.jpg,output/random_dataset/7904.jpg,dog
F:\NTSE\lab02\output\random_dataset\3828.jpg,output/random_dataset/3828.jpg,dog
F:\NTSE\lab02\output\random_dataset\4630.jpg,output/random_dataset/4630.jpg,dog
F:\NTSE\lab02\output\random_dataset\5930.jpg,output/random_dataset/5930.jpg,dog
F:\NTSE\lab02\output\random_dataset\1781.jpg,output/random_dataset/1781.jpg,dog
F:\NTSE\lab02\output\random_dataset\2706.jpg,output/random_dataset/2706.jpg,dog
F:\NTSE\lab02\output\random_dataset\1132.jpg,output/random_dataset/1132.jpg,dog
F:\NTSE\lab02\output\random_dataset\8627.jpg,output/random_dataset/8627.jpg,dog
F:\NTSE\lab02\output\random_dataset\2940.jpg,output/random_dataset/2940.jpg,dog
F:\NTSE\lab02\output\random_dataset\4045.jpg,output/random_dataset/4045.jpg,dog
F:\NTSE\lab02\output\random_dataset\8194.jpg,output/random_dataset/8194.jpg,dog
F:\NTSE\lab02\output\random_dataset\5311.jpg,output/random_dataset/5311.jpg,dog
F:\NTSE\lab02\output\random_dataset\9102.jpg,output/random_dataset/9102.jpg,dog
F:\NTSE\lab02\output\random_dataset\9180.jpg,output/random_dataset/9180.jpg,dog
F:\NTSE\lab02\output\random_dataset\4651.jpg,output/random_dataset/4651.jpg,dog
F:\NTSE\lab02\output\random_dataset\8392.jpg,output/random_dataset/8392.jpg,dog
F:\NTSE\lab02\output\random_dataset\1129.jpg,output/random_dataset/1129.jpg,dog
F:\NTSE\lab02\output\random_dataset\7663.jpg,output/random_dataset/7663.jpg,dog
F:\NTSE\lab02\output\random_dataset\7806.jpg,output/random_dataset/7806.jpg,dog
F:\NTSE\lab02\output\random_dataset\7390.jpg,output/random_dataset/7390.jpg,dog
F:\NTSE\lab02\output\random_dataset\5481.jpg,output/random_dataset/5481.jpg,dog
F:\NTSE\lab02\output\random_dataset\875.jpg,output/random_dataset/875.jpg,dog
F:\NTSE\lab02\output\random_dataset\9266.jpg,output/random_dataset/9266.jpg,dog
F:\NTSE\lab02\output\random_dataset\702.jpg,output/random_dataset/702.jpg,dog
F:\NTSE\lab02\output\random_dataset\4164.jpg,output/random_dataset/4164.jpg,dog
F:\NTSE\lab02\output\random_dataset\3928.jpg,output/random_dataset/3928.jpg,dog
F:\NTSE\lab02\output\random_dataset\1741.jpg,output/random_dataset/1741.jpg,dog
F:\NTSE\lab02\output\random_dataset\2604.jpg,output/random_dataset/2604.jpg,dog
F:\NTSE\lab02\output\random_dataset\5229.jpg,output/random_dataset/5229.jpg,dog
F:\NTSE\lab02\output\random_dataset\1289.jpg,output/random_dataset/1289.jpg,dog
F:\NTSE\lab02\output\random_dataset\4959.jpg,output/random_dataset/4959.jpg,dog
F:\NTSE\lab02\output\random_dataset\45.jpg,output/random_dataset/45.jpg,dog
F:\NTSE\lab02\output\random_dataset\4743.jpg,output/random_dataset/4743.jpg,dog
F:\NTSE\lab02\output\random_dataset\9686.jpg,output/random_dataset/9686.jpg,dog
F:\NTSE\lab02\output\random_dataset\6948.jpg,output/random_dataset/6948.jpg,dog
F:\NTSE\lab02\output\random_dataset\7007.jpg,output/random_dataset/7007.jpg,dog
F:\NTSE\lab02\output\random_dataset\2521.jpg,output/random_dataset/2521.jpg,dog
F:\NTSE\lab02\output\random_dataset\6441.jpg,output/random_dataset/6441.jpg,dog
F:\NTSE\lab02\output\random_dataset\2289.jpg,output/random_dataset/2289.jpg,dog
F:\NTSE\lab02\output\random_dataset\4542.jpg,output/random_dataset/4542.jpg,dog
F:\NTSE\lab02\output\random_dataset\38.jpg,output/random_dataset/38.jpg,dog
F:\NTSE\lab02\output\random_dataset\9747.jpg,output/random_dataset/9747.jpg,dog
F:\NTSE\lab02\output\random_dataset\2178.jpg,output/random_dataset/2178.jpg,dog
F:\NTSE\lab02\output\random_dataset\3831.jpg,output/random_dataset/3831.jpg,dog
F:\NTSE\lab02\output\random_dataset\2403.jpg,output/random_dataset/2403.jpg,dog
F:\NTSE\lab02\output\random_dataset\4125.jpg,output/random_dataset/4125.jpg,dog
F:\NTSE\lab02\output\random_dataset\8812.jpg,output/random_dataset/8812.jpg,dog
F:\NTSE\lab02\output\random_dataset\3078.jpg,output/random_dataset/3078.jpg,dog
F:\NTSE\lab02\output\random_dataset\2306.jpg,output/random_dataset/2306.jpg,dog
F:\NTSE\lab02\output\random_dataset\7351.jpg,output/random_dataset/7351.jpg,dog
F:\NTSE\lab02\output\random_dataset\3736.jpg,output/random_dataset/3736.jpg,dog
F:\NTSE\lab02\output\random_dataset\713.jpg,output/random_dataset/713.jpg,dog
F:\NTSE\lab02\output\random_dataset\1146.jpg,output/random_dataset/1146.jpg,dog
F:\NTSE\lab02\output\random_dataset\3957.jpg,output/random_dataset/3957.jpg,dog
F:\NTSE\lab02\output\random_dataset\8062.jpg,output/random_dataset/8062.jpg,dog
F:\NTSE\lab02\output\random_dataset\4427.jpg,output/random_dataset/4427.jpg,dog
F:\NTSE\lab02\output\random_dataset\1114.jpg,output/random_dataset/1114.jpg,dog
F:\NTSE\lab02\output\random_dataset\9714.jpg,output/random_dataset/9714.jpg,dog
F:\NTSE\lab02\output\random_dataset\163.jpg,output/random_dataset/163.jpg,dog
F:\NTSE\lab02\output\random_dataset\8690.jpg,output/random_dataset/8690.jpg,dog
F:\NTSE\lab02\output\random_dataset\9893.jpg,output/random_dataset/9893.jpg,dog
F:\NTSE\lab02\output\random_dataset\7627.jpg,output/random_dataset/7627.jpg,dog
F:\NTSE\lab02\output\random_dataset\9889.jpg,output/random_dataset/9889.jpg,dog
F:\NTSE\lab02\output\random_dataset\4728.jpg,output/random_dataset/4728.jpg,dog
F:\NTSE\lab02\output\random_dataset\9387.jpg,output/random_dataset/9387.jpg,dog
F:\NTSE\lab02\output\random_dataset\9492.jpg,output/random_dataset/9492.jpg,dog
F:\NTSE\lab02\output\random_dataset\8706.jpg,output/random_dataset/8706.jpg,dog
F:\NTSE\lab02\output\random_dataset\4161.jpg,output/random_dataset/4161.jpg,dog
F:\NTSE\lab02\output\random_dataset\7977.jpg,output/random_dataset/7977.jpg,dog
F:\NTSE\lab02\output\random_dataset\2859.jpg,output/random_dataset/2859.jpg,dog
F:\NTSE\lab02\output\random_dataset\5013.jpg,output/random_dataset/5013.jpg,dog
F:\NTSE\lab02\output\random_dataset\3393.jpg,output/random_dataset/3393.jpg,dog
F:\NTSE\lab02\output\random_dataset\3636.jpg,output/random_dataset/3636.jpg,dog
F:\NTSE\lab02\output\random_dataset\4009.jpg,output/random_dataset/4009.jpg,dog
F:\NTSE\lab02\output\random_dataset\3675.jpg,output/random_dataset/3675.jpg,dog
F:\NTSE\lab02\output\random_dataset\8461.jpg,output/random_dataset/8461.jpg,dog
F:\NTSE\lab02\output\random_dataset\6905.jpg,output/random_dataset/6905.jpg,dog
F:\NTSE\lab02\output\random_dataset\3044.jpg,output/random_dataset/3044.jpg,dog
F:\NTSE\lab02\output\random_dataset\1221.jpg,output/random_dataset/1221.jpg,dog
F:\NTSE\lab02\output\random_dataset\8082.jpg,output/random_dataset/8082.jpg,dog
F:\NTSE\lab02\output\random_dataset\1488.jpg,output/random_dataset/1488.jpg,dog
F:\NTSE\lab02\output\random_dataset\2462.jpg,output/random_dataset/2462.jpg,dog
F:\NTSE\lab02\output\random_dataset\6130.jpg,output/random_dataset/6130.jpg,dog
F:\NTSE\lab02\output\random_dataset\8516.jpg,output/random_dataset/8516.jpg,dog
F:\NTSE\lab02\output\random_dataset\5684.jpg,output/random_dataset/5684.jpg,dog
F:\NTSE\lab02\output\random_dataset\2279.jpg,output/random_dataset/2279.jpg,dog
F:\NTSE\lab02\output\random_dataset\3118.jpg,output/random_dataset/3118.jpg,dog
F:\NTSE\lab02\output\random_dataset\5683.jpg,output/random_dataset/5683.jpg,dog
F:\NTSE\lab02\output\random_dataset\9046.jpg,output/random_dataset/9046.jpg,dog
F:\NTSE\lab02\output\random_dataset\3979.jpg,output/random_dataset/3979.jpg,dog
F:\NTSE\lab02\output\random_dataset\5425.jpg,output/random_dataset/5425.jpg,dog
F:\NTSE\lab02\output\random_dataset\9599.jpg,output/random_dataset/9599.jpg,dog
F:\NTSE\lab02\output\random_dataset\1975.jpg,output/random_dataset/1975.jpg,dog
F:\NTSE\lab02\output\random_dataset\4396.jpg,output/random_dataset/4396.jpg,dog
F:\NTSE\lab02\output\random_dataset\2589.jpg,output/random_dataset/2589.jpg,dog
F:\NTSE\lab02\output\random_dataset\4224.jpg,output/random_dataset/4224.jpg,dog
F:\NTSE\lab02\output\random_dataset\708.jpg,output/random_dataset/708.jpg,dog
F:\NTSE\lab02\output\random_dataset\7893.jpg,output/random_dataset/7893.jpg,dog
F:\NTSE\lab02\output\random_dataset\7936.jpg,output/random_dataset/7936.jpg,dog
F:\NTSE\lab02\output\random_dataset\3737.jpg,output/random_dataset/3737.jpg,dog
F:\NTSE\lab02\output\random_dataset\2341.jpg,output/random_dataset/2341.jpg,dog
F:\NTSE\lab02\output\random_dataset\6928.jpg,output/random_dataset/6928.jpg,dog
F:\NTSE\lab02\output\random_dataset\788.jpg,output/random_dataset/788.jpg,dog
F:\NTSE\lab02\output\random_dataset\2620.jpg,output/random_dataset/2620.jpg,dog
F:\NTSE\lab02\output\random_dataset\1127.jpg,output/random_dataset/1127.jpg,dog
F:\NTSE\lab02\output\random_dataset\7592.jpg,output/random_dataset/7592.jpg,dog
F:\NTSE\lab02\output\random_dataset\6849.jpg,output/random_dataset/6849.jpg,dog
F:\NTSE\lab02\output\random_dataset\1689.jpg,output/random_dataset/1689.jpg,dog
F:\NTSE\lab02\output\random_dataset\2956.jpg,output/random_dataset/2956.jpg,dog
F:\NTSE\lab02\output\random_dataset\438.jpg,output/random_dataset/438.jpg,dog
F:\NTSE\lab02\output\random_dataset\188.jpg,output/random_dataset/188.jpg,dog
F:\NTSE\lab02\output\random_dataset\7586.jpg,output/random_dataset/7586.jpg,dog
F:\NTSE\lab02\output\random_dataset\9043.jpg,output/random_dataset/9043.jpg,dog
F:\NTSE\lab02\output\random_dataset\1359.jpg,output/random_dataset/1359.jpg,dog
F:\NTSE\lab02\output\random_dataset\1948.jpg,output/random_dataset/1948.jpg,dog
F:\NTSE\lab02\output\random_dataset\1651.jpg,output/random_dataset/1651.jpg,dog
F:\NTSE\lab02\output\random_dataset\3721.jpg,output/random_dataset/3721.jpg,dog
F:\NTSE\lab02\output\random_dataset\783.jpg,output/random_dataset/783.jpg,dog
F:\NTSE\lab02\output\random_dataset\1850.jpg,output/random_dataset/1850.jpg,dog
F:\NTSE\lab02\output\random_dataset\1682.jpg,output/random_dataset/1682.jpg,dog
F:\NTSE\lab02\output\random_dataset\4913.jpg,output/random_dataset/4913.jpg,dog
F:\NTSE\lab02\output\random_dataset\571.jpg,output/random_dataset/571.jpg,dog
F:\NTSE\lab02\output\random_dataset\4456.jpg,output/random_dataset/4456.jpg,dog
F:\NTSE\lab02\output\random_dataset\9195.jpg,output/random_dataset/9195.jpg,dog
F:\NTSE\lab02\output\random_dataset\6901.jpg,output/random_dataset/6901.jpg,dog
F:\NTSE\lab02\output\random_dataset\6809.jpg,output/random_dataset/6809.jpg,dog
F:\NTSE\lab02\output\random_dataset\2624.jpg,output/random_dataset/2624.jpg,dog
F:\NTSE\lab02\output\random_dataset\8085.jpg,output/random_dataset/8085.jpg,dog
F:\NTSE\lab02\output\random_dataset\8944.jpg,output/random_dataset/8944.jpg,dog
F:\NTSE\lab02\output\random_dataset\8192.jpg,output/random_dataset/8192.jpg,dog
F:\NTSE\lab02\output\random_dataset\7597.jpg,output/random_dataset/7597.jpg,dog
F:\NTSE\lab02\output\random_dataset\7675.jpg,output/random_dataset/7675.jpg,dog
F:\NTSE\lab02\output\random_dataset\221.jpg,output/random_dataset/221.jpg,dog
F:\NTSE\lab02\output\random_dataset\2028.jpg,output/random_dataset/2028.jpg,dog
F:\NTSE\lab02\output\random_dataset\890.jpg,output/random_dataset/890.jpg,dog
F:\NTSE\lab02\output\random_dataset\4257.jpg,output/random_dataset/4257.jpg,dog
F:\NTSE\lab02\output\random_dataset\1154.jpg,output/random_dataset/1154.jpg,dog
F:\NTSE\lab02\output\random_dataset\7065.jpg,output/random_dataset/7065.jpg,dog
F:\NTSE\lab02\output\random_dataset\5443.jpg,output/random_dataset/5443.jpg,dog
F:\NTSE\lab02\output\random_dataset\7563.jpg,output/random_dataset/7563.jpg,dog
F:\NTSE\lab02\output\random_dataset\4714.jpg,output/random_dataset/4714.jpg,dog
F:\NTSE\lab02\output\random_dataset\1142.jpg,output/random_dataset/1142.jpg,dog
F:\NTSE\lab02\output\random_dataset\1279.jpg,output/random_dataset/1279.jpg,dog
F:\NTSE\lab02\output\random_dataset\2772.jpg,output/random_dataset/2772.jpg,dog
F:\NTSE\lab02\output\random_dataset\1396.jpg,output/random_dataset/1396.jpg,dog
F:\NTSE\lab02\output\random_dataset\5804.jpg,output/random_dataset/5804.jpg,dog
F:\NTSE\lab02\output\random_dataset\6996.jpg,output/random_dataset/6996.jpg,dog
F:\NTSE\lab02\output\random_dataset\8972.jpg,output/random_dataset/8972.jpg,dog
F:\NTSE\lab02\output\random_dataset\2331.jpg,output/random_dataset/2331.jpg,dog
F:\NTSE\lab02\output\random_dataset\4771.jpg,output/random_dataset/4771.jpg,dog
F:\NTSE\lab02\output\random_dataset\4267.jpg,output/random_dataset/4267.jpg,dog
F:\NTSE\lab02\output\random_dataset\3179.jpg,output/random_dataset/3179.jpg,dog
F:\NTSE\lab02\output\random_dataset\881.jpg,output/random_dataset/881.jpg,dog
F:\NTSE\lab02\output\random_dataset\2106.jpg,output/random_dataset/2106.jpg,dog
F:\NTSE\lab02\output\random_dataset\5855.jpg,output/random_dataset/5855.jpg,dog
F:\NTSE\lab02\output\random_dataset\3853.jpg,output/random_dataset/3853.jpg,dog
F:\NTSE\lab02\output\random_dataset\3520.jpg,output/random_dataset/3520.jpg,dog
F:\NTSE\lab02\output\random_dataset\2259.jpg,output/random_dataset/2259.jpg,dog
F:\NTSE\lab02\output\random_dataset\2.jpg,output/random_dataset/2.jpg,dog
F:\NTSE\lab02\output\random_dataset\5814.jpg,output/random_dataset/5814.jpg,dog
F:\NTSE\lab02\output\random_dataset\6955.jpg,output/random_dataset/6955.jpg,dog
F:\NTSE\lab02\output\random_dataset\6990.jpg,output/random_dataset/6990.jpg,dog
F:\NTSE\lab02\output\random_dataset\3949.jpg,output/random_dataset/3949.jpg,dog
F:\NTSE\lab02\output\random_dataset\10000.jpg,output/random_dataset/10000.jpg,dog
F:\NTSE\lab02\output\random_dataset\2416.jpg,output/random_dataset/2416.jpg,dog
F:\NTSE\lab02\output\random_dataset\9837.jpg,output/random_dataset/9837.jpg,dog
F:\NTSE\lab02\output\random_dataset\3830.jpg,output/random_dataset/3830.jpg,dog
F:\NTSE\lab02\output\random_dataset\855.jpg,output/random_dataset/855.jpg,dog
F:\NTSE\lab02\output\random_dataset\5973.jpg,output/random_dataset/5973.jpg,dog
F:\NTSE\lab02\output\random_dataset\3202.jpg,output/random_dataset/3202.jpg,dog
F:\NTSE\lab02\output\random_dataset\8624.jpg,output/random_dataset/8624.jpg,dog
F:\NTSE\lab02\output\random_dataset\9935.jpg,output/random_dataset/9935.jpg,dog
F:\NTSE\lab02\output\random_dataset\6721.jpg,output/random_dataset/6721.jpg,dog
F:\NTSE\lab02\output\random_dataset\5009.jpg,output/random_dataset/5009.jpg,dog
F:\NTSE\lab02\output\random_dataset\3725.jpg,output/random_dataset/3725.jpg,dog
F:\NTSE\lab02\output\random_dataset\3524.jpg,output/random_dataset/3524.jpg,dog
F:\NTSE\lab02\output\random_dataset\690.jpg,output/random_dataset/690.jpg,dog
F:\NTSE\lab02\output\random_dataset\6367.jpg,output/random_dataset/6367.jpg,dog
F:\NTSE\lab02\output\random_dataset\4274.jpg,output/random_dataset/4274.jpg,dog
F:\NTSE\lab02\output\random_dataset\8510.jpg,output/random_dataset/8510.jpg,dog
F:\NTSE\lab02\output\random_dataset\425.jpg,output/random_dataset/425.jpg,dog
F:\NTSE\lab02\output\random_dataset\8153.jpg,output/random_dataset/8153.jpg,dog
F:\NTSE\lab02\output\random_dataset\1336.jpg,output/random_dataset/1336.jpg,dog
F:\NTSE\lab02\output\random_dataset\1665.jpg,output/random_dataset/1665.jpg,dog
F:\NTSE\lab02\output\random_dataset\5831.jpg,output/random_dataset/5831.jpg,dog
F:\NTSE\lab02\output\random_dataset\9948.jpg,output/random_dataset/9948.jpg,dog
F:\NTSE\lab02\output\random_dataset\533.jpg,output/random_dataset/533.jpg,dog
F:\NTSE\lab02\output\random_dataset\3405.jpg,output/random_dataset/3405.jpg,dog
F:\NTSE\lab02\output\random_dataset\5946.jpg,output/random_dataset/5946.jpg,dog
F:\NTSE\lab02\output\random_dataset\4439.jpg,output/random_dataset/4439.jpg,dog
F:\NTSE\lab02\output\random_dataset\3214.jpg,output/random_dataset/3214.jpg,dog
F:\NTSE\lab02\output\random_dataset\9643.jpg,output/random_dataset/9643.jpg,dog
F:\NTSE\lab02\output\random_dataset\509.jpg,output/random_dataset/509.jpg,dog
F:\NTSE\lab02\output\random_dataset\4190.jpg,output/random_dataset/4190.jpg,dog
F:\NTSE\lab02\output\random_dataset\3154.jpg,output/random_dataset/3154.jpg,dog
F:\NTSE\lab02\output\random_dataset\5695.jpg,output/random_dataset/5695.jpg,dog
F:\NTSE\lab02\output\random_dataset\6783.jpg,output/random_dataset/6783.jpg,dog
F:\NTSE\lab02\output\random_dataset\458.jpg,output/random_dataset/458.jpg,dog
F:\NTSE\lab02\output\random_dataset\7836.jpg,output/random_dataset/7836.jpg,dog
F:\NTSE\lab02\output\random_dataset\1811.jpg,output/random_dataset/1811.jpg,dog
F:\NTSE\lab02\output\random_dataset\1273.jpg,output/random_dataset/1273.jpg,dog
F:\NTSE\lab02\output\random_dataset\1111.jpg,output/random_dataset/1111.jpg,dog
F:\NTSE\lab02\output\random_dataset\649.jpg,output/random_dataset/649.jpg,dog
F:\NTSE\lab02\output\random_dataset\2110.jpg,output/random_dataset/2110.jpg,dog
F:\NTSE\lab02\output\random_dataset\5273.jpg,output/random_dataset/5273.jpg,dog
F:\NTSE\lab02\output\random_dataset\7811.jpg,output/random_dataset/7811.jpg,dog
F:\NTSE\lab02\output\random_dataset\9365.jpg,output/random_dataset/9365.jpg,dog
F:\NTSE\lab02\output\random_dataset\8900.jpg,output/random_dataset/8900.jpg,dog
F:\NTSE\lab02\output\random_dataset\2258.jpg,output/random_dataset/2258.jpg,dog
F:\NTSE\lab02\output\random_dataset\3738.jpg,output/random_dataset/3738.jpg,dog
F:\NTSE\lab02\output\random_dataset\8042.jpg,output/random_dataset/8042.jpg,dog
F:\NTSE\lab02\output\random_dataset\6094.jpg,output/random_dataset/6094.jpg,dog
F:\NTSE\lab02\output\random_dataset\532.jpg,output/random_dataset/532.jpg,dog
F:\NTSE\lab02\output\random_dataset\7455.jpg,output/random_dataset/7455.jpg,dog
F:\NTSE\lab02\output\random_dataset\6731.jpg,output/random_dataset/6731.jpg,dog
F:\NTSE\lab02\output\random_dataset\8733.jpg,output/random_dataset/8733.jpg,dog
F:\NTSE\lab02\output\random_dataset\8227.jpg,output/random_dataset/8227.jpg,dog
F:\NTSE\lab02\output\random_dataset\811.jpg,output/random_dataset/811.jpg,dog
F:\NTSE\lab02\output\random_dataset\9697.jpg,output/random_dataset/9697.jpg,dog
F:\NTSE\lab02\output\random_dataset\4707.jpg,output/random_dataset/4707.jpg,dog
F:\NTSE\lab02\output\random_dataset\9273.jpg,output/random_dataset/9273.jpg,dog
F:\NTSE\lab02\output\random_dataset\3994.jpg,output/random_dataset/3994.jpg,dog
F:\NTSE\lab02\output\random_dataset\7213.jpg,output/random_dataset/7213.jpg,dog
F:\NTSE\lab02\output\random_dataset\1607.jpg,output/random_dataset/1607.jpg,dog
F:\NTSE\lab02\output\random_dataset\1981.jpg,output/random_dataset/1981.jpg,dog
F:\NTSE\lab02\output\random_dataset\8286.jpg,output/random_dataset/8286.jpg,dog
F:\NTSE\lab02\output\random_dataset\9249.jpg,output/random_dataset/9249.jpg,dog
F:\NTSE\lab02\output\random_dataset\6782.jpg,output/random_dataset/6782.jpg,dog
F:\NTSE\lab02\output\random_dataset\185.jpg,output/random_dataset/185.jpg,dog
F:\NTSE\lab02\output\random_dataset\2040.jpg,output/random_dataset/2040.jpg,dog
F:\NTSE\lab02\output\random_dataset\8323.jpg,output/random_dataset/8323.jpg,dog
F:\NTSE\lab02\output\random_dataset\3365.jpg,output/random_dataset/3365.jpg,dog
F:\NTSE\lab02\output\random_dataset\5996.jpg,output/random_dataset/5996.jpg,dog
F:\NTSE\lab02\output\random_dataset\6942.jpg,output/random_dataset/6942.jpg,dog
F:\NTSE\lab02\output\random_dataset\8126.jpg,output/random_dataset/8126.jpg,dog
F:\NTSE\lab02\output\random_dataset\6071.jpg,output/random_dataset/6071.jpg,dog
F:\NTSE\lab02\output\random_dataset\2434.jpg,output/random_dataset/2434.jpg,dog
F:\NTSE\lab02\output\random_dataset\9997.jpg,output/random_dataset/9997.jpg,dog
F:\NTSE\lab02\output\random_dataset\6109.jpg,output/random_dataset/6109.jpg,dog
F:\NTSE\lab02\output\random_dataset\5150.jpg,output/random_dataset/5150.jpg,dog
F:\NTSE\lab02\output\random_dataset\6190.jpg,output/random_dataset/6190.jpg,dog
F:\NTSE\lab02\output\random_dataset\365.jpg,output/random_dataset/365.jpg,dog
F:\NTSE\lab02\output\random_dataset\3071.jpg,output/random_dataset/3071.jpg,dog
F:\NTSE\lab02\output\random_dataset\7159.jpg,output/random_dataset/7159.jpg,dog
F:\NTSE\lab02\output\random_dataset\4414.jpg,output/random_dataset/4414.jpg,dog
F:\NTSE\lab02\output\random_dataset\6334.jpg,output/random_dataset/6334.jpg,dog
F:\NTSE\lab02\output\random_dataset\7539.jpg,output/random_dataset/7539.jpg,dog
F:\NTSE\lab02\output\random_dataset\8701.jpg,output/random_dataset/8701.jpg,dog
F:\NTSE\lab02\output\random_dataset\9119.jpg,output/random_dataset/9119.jpg,dog
F:\NTSE\lab02\output\random_dataset\6723.jpg,output/random_dataset/6723.jpg,dog
F:\NTSE\lab02\output\random_dataset\9401.jpg,output/random_dataset/9401.jpg,dog
F:\NTSE\lab02\output\random_dataset\1735.jpg,output/random_dataset/1735.jpg,dog
F:\NTSE\lab02\output\random_dataset\9042.jpg,output/random_dataset/9042.jpg,dog
F:\NTSE\lab02\output\random_dataset\1506.jpg,output/random_dataset/1506.jpg,dog
F:\NTSE\lab02\output\random_dataset\5285.jpg,output/random_dataset/5285.jpg,dog
F:\NTSE\lab02\output\random_dataset\181.jpg,output/random_dataset/181.jpg,dog
F:\NTSE\lab02\output\random_dataset\5834.jpg,output/random_dataset/5834.jpg,dog
F:\NTSE\lab02\output\random_dataset\4847.jpg,output/random_dataset/4847.jpg,dog
F:\NTSE\lab02\output\random_dataset\9202.jpg,output/random_dataset/9202.jpg,dog
F:\NTSE\lab02\output\random_dataset\3916.jpg,output/random_dataset/3916.jpg,dog
F:\NTSE\lab02\output\random_dataset\6701.jpg,output/random_dataset/6701.jpg,dog
F:\NTSE\lab02\output\random_dataset\6475.jpg,output/random_dataset/6475.jpg,dog
F:\NTSE\lab02\output\random_dataset\6912.jpg,output/random_dataset/6912.jpg,dog
F:\NTSE\lab02\output\random_dataset\9236.jpg,output/random_dataset/9236.jpg,dog
F:\NTSE\lab02\output\random_dataset\7360.jpg,output/random_dataset/7360.jpg,dog
F:\NTSE\lab02\output\random_dataset\9207.jpg,output/random_dataset/9207.jpg,dog
F:\NTSE\lab02\output\random_dataset\3339.jpg,output/random_dataset/3339.jpg,dog
F:\NTSE\lab02\output\random_dataset\3639.jpg,output/random_dataset/3639.jpg,dog
F:\NTSE\lab02\output\random_dataset\6306.jpg,output/random_dataset/6306.jpg,dog
F:\NTSE\lab02\output\random_dataset\4138.jpg,output/random_dataset/4138.jpg,dog
F:\NTSE\lab02\output\random_dataset\7009.jpg,output/random_dataset/7009.jpg,dog
F:\NTSE\lab02\output\random_dataset\4897.jpg,output/random_dataset/4897.jpg,dog
F:\NTSE\lab02\output\random_dataset\4948.jpg,output/random_dataset/4948.jpg,dog
F:\NTSE\lab02\output\random_dataset\8919.jpg,output/random_dataset/8919.jpg,dog
F:\NTSE\lab02\output\random_dataset\337.jpg,output/random_dataset/337.jpg,dog
F:\NTSE\lab02\output\random_dataset\4454.jpg,output/random_dataset/4454.jpg,dog
F:\NTSE\lab02\output\random_dataset\1091.jpg,output/random_dataset/1091.jpg,dog
F:\NTSE\lab02\output\random_dataset\9225.jpg,output/random_dataset/9225.jpg,dog
F:\NTSE\lab02\output\random_dataset\7652.jpg,output/random_dataset/7652.jpg,dog
F:\NTSE\lab02\output\random_dataset\2397.jpg,output/random_dataset/2397.jpg,dog
F:\NTSE\lab02\output\random_dataset\4965.jpg,output/random_dataset/4965.jpg,dog
F:\NTSE\lab02\output\random_dataset\5608.jpg,output/random_dataset/5608.jpg,dog
F:\NTSE\lab02\output\random_dataset\1751.jpg,output/random_dataset/1751.jpg,dog
F:\NTSE\lab02\output\random_dataset\3903.jpg,output/random_dataset/3903.jpg,dog
F:\NTSE\lab02\output\random_dataset\4722.jpg,output/random_dataset/4722.jpg,dog
F:\NTSE\lab02\output\random_dataset\6217.jpg,output/random_dataset/6217.jpg,dog
F:\NTSE\lab02\output\random_dataset\8752.jpg,output/random_dataset/8752.jpg,dog
F:\NTSE\lab02\output\random_dataset\7759.jpg,output/random_dataset/7759.jpg,dog
F:\NTSE\lab02\output\random_dataset\7873.jpg,output/random_dataset/7873.jpg,dog
F:\NTSE\lab02\output\random_dataset\2912.jpg,output/random_dataset/2912.jpg,dog
F:\NTSE\lab02\output\random_dataset\4928.jpg,output/random_dataset/4928.jpg,dog
F:\NTSE\lab02\output\random_dataset\8745.jpg,output/random_dataset/8745.jpg,dog
F:\NTSE\lab02\output\random_dataset\8716.jpg,output/random_dataset/8716.jpg,dog
F:\NTSE\lab02\output\random_dataset\3416.jpg,output/random_dataset/3416.jpg,dog
F:\NTSE\lab02\output\random_dataset\2395.jpg,output/random_dataset/2395.jpg,dog
F:\NTSE\lab02\output\random_dataset\2086.jpg,output/random_dataset/2086.jpg,dog
F:\NTSE\lab02\output\random_dataset\6225.jpg,output/random_dataset/6225.jpg,dog
F:\NTSE\lab02\output\random_dataset\5792.jpg,output/random_dataset/5792.jpg,dog
F:\NTSE\lab02\output\random_dataset\5153.jpg,output/random_dataset/5153.jpg,dog
F:\NTSE\lab02\output\random_dataset\3955.jpg,output/random_dataset/3955.jpg,dog
F:\NTSE\lab02\output\random_dataset\912.jpg,output/random_dataset/912.jpg,dog
F:\NTSE\lab02\output\random_dataset\4313.jpg,output/random_dataset/4313.jpg,dog
F:\NTSE\lab02\output\random_dataset\8005.jpg,output/random_dataset/8005.jpg,dog
F:\NTSE\lab02\output\random_dataset\5866.jpg,output/random_dataset/5866.jpg,dog
F:\NTSE\lab02\output\random_dataset\4563.jpg,output/random_dataset/4563.jpg,dog
F:\NTSE\lab02\output\random_dataset\3194.jpg,output/random_dataset/3194.jpg,dog
F:\NTSE\lab02\output\random_dataset\7871.jpg,output/random_dataset/7871.jpg,dog
F:\NTSE\lab02\output\random_dataset\6324.jpg,output/random_dataset/6324.jpg,dog
F:\NTSE\lab02\output\random_dataset\2918.jpg,output/random_dataset/2918.jpg,dog
F:\NTSE\lab02\output\random_dataset\5921.jpg,output/random_dataset/5921.jpg,dog
F:\NTSE\lab02\output\random_dataset\2266.jpg,output/random_dataset/2266.jpg,dog
F:\NTSE\lab02\output\random_dataset\2808.jpg,output/random_dataset/2808.jpg,dog
F:\NTSE\lab02\output\random_dataset\3217.jpg,output/random_dataset/3217.jpg,dog
F:\NTSE\lab02\output\random_dataset\9698.jpg,output/random_dataset/9698.jpg,dog
F:\NTSE\lab02\output\random_dataset\5994.jpg,output/random_dataset/5994.jpg,dog
F:\NTSE\lab02\output\random_dataset\654.jpg,output/random_dataset/654.jpg,dog
F:\NTSE\lab02\output\random_dataset\3658.jpg,output/random_dataset/3658.jpg,dog
F:\NTSE\lab02\output\random_dataset\3518.jpg,output/random_dataset/3518.jpg,dog
F:\NTSE\lab02\output\random_dataset\4110.jpg,output/random_dataset/4110.jpg,dog
F:\NTSE\lab02\output\random_dataset\9382.jpg,output/random_dataset/9382.jpg,dog
F:\NTSE\lab02\output\random_dataset\2913.jpg,output/random_dataset/2913.jpg,dog
F:\NTSE\lab02\output\random_dataset\5152.jpg,output/random_dataset/5152.jpg,dog
F:\NTSE\lab02\output\random_dataset\1823.jpg,output/random_dataset/1823.jpg,dog
F:\NTSE\lab02\output\random_dataset\4441.jpg,output/random_dataset/4441.jpg,dog
F:\NTSE\lab02\output\random_dataset\4684.jpg,output/random_dataset/4684.jpg,dog
F:\NTSE\lab02\output\random_dataset\7756.jpg,output/random_dataset/7756.jpg,dog
F:\NTSE\lab02\output\random_dataset\4996.jpg,output/random_dataset/4996.jpg,dog
F:\NTSE\lab02\output\random_dataset\2897.jpg,output/random_dataset/2897.jpg,dog
F:\NTSE\lab02\output\random_dataset\787.jpg,output/random_dataset/787.jpg,dog
F:\NTSE\lab02\output\random_dataset\6292.jpg,output/random_dataset/6292.jpg,dog
F:\NTSE\lab02\output\random_dataset\5127.jpg,output/random_dataset/5127.jpg,dog
F:\NTSE\lab02\output\random_dataset\5530.jpg,output/random_dataset/5530.jpg,dog
F:\NTSE\lab02\output\random_dataset\7325.jpg,output/random_dataset/7325.jpg,dog
F:\NTSE\lab02\output\random_dataset\2415.jpg,output/random_dataset/2415.jpg,dog
F:\NTSE\lab02\output\random_dataset\3013.jpg,output/random_dataset/3013.jpg,dog
F:\NTSE\lab02\output\random_dataset\5214.jpg,output/random_dataset/5214.jpg,dog
F:\NTSE\lab02\output\random_dataset\7145.jpg,output/random_dataset/7145.jpg,dog
F:\NTSE\lab02\output\random_dataset\2664.jpg,output/random_dataset/2664.jpg,dog
F:\NTSE\lab02\output\random_dataset\7503.jpg,output/random_dataset/7503.jpg,dog
F:\NTSE\lab02\output\random_dataset\8002.jpg,output/random_dataset/8002.jpg,dog
F:\NTSE\lab02\output\random_dataset\4962.jpg,output/random_dataset/4962.jpg,dog
F:\NTSE\lab02\output\random_dataset\8041.jpg,output/random_dataset/8041.jpg,dog
F:\NTSE\lab02\output\random_dataset\5500.jpg,output/random_dataset/5500.jpg,dog
F:\NTSE\lab02\output\random_dataset\6963.jpg,output/random_dataset/6963.jpg,dog
F:\NTSE\lab02\output\random_dataset\3434.jpg,output/random_dataset/3434.jpg,dog
F:\NTSE\lab02\output\random_dataset\9815.jpg,output/random_dataset/9815.jpg,dog
F:\NTSE\lab02\output\random_dataset\1769.jpg,output/random_dataset/1769.jpg,dog
F:\NTSE\lab02\output\random_dataset\7771.jpg,output/random_dataset/7771.jpg,dog
F:\NTSE\lab02\output\random_dataset\4960.jpg,output/random_dataset/4960.jpg,dog
F:\NTSE\lab02\output\random_dataset\630.jpg,output/random_dataset/630.jpg,dog
F:\NTSE\lab02\output\random_dataset\8476.jpg,output/random_dataset/8476.jpg,dog
F:\NTSE\lab02\output\random_dataset\8880.jpg,output/random_dataset/8880.jpg,dog
F:\NTSE\lab02\output\random_dataset\180.jpg,output/random_dataset/180.jpg,dog
F:\NTSE\lab02\output\random_dataset\6268.jpg,output/random_dataset/6268.jpg,dog
F:\NTSE\lab02\output\random_dataset\5309.jpg,output/random_dataset/5309.jpg,dog
F:\NTSE\lab02\output\random_dataset\311.jpg,output/random_dataset/311.jpg,dog
F:\NTSE\lab02\output\random_dataset\5974.jpg,output/random_dataset/5974.jpg,dog
F:\NTSE\lab02\output\random_dataset\5653.jpg,output/random_dataset/5653.jpg,dog
F:\NTSE\lab02\output\random_dataset\8087.jpg,output/random_dataset/8087.jpg,dog
F:\NTSE\lab02\output\random_dataset\2299.jpg,output/random_dataset/2299.jpg,dog
F:\NTSE\lab02\output\random_dataset\6815.jpg,output/random_dataset/6815.jpg,dog
F:\NTSE\lab02\output\random_dataset\275.jpg,output/random_dataset/275.jpg,dog
F:\NTSE\lab02\output\random_dataset\6985.jpg,output/random_dataset/6985.jpg,dog
F:\NTSE\lab02\output\random_dataset\9720.jpg,output/random_dataset/9720.jpg,dog
F:\NTSE\lab02\output\random_dataset\257.jpg,output/random_dataset/257.jpg,dog
F:\NTSE\lab02\output\random_dataset\1277.jpg,output/random_dataset/1277.jpg,dog
F:\NTSE\lab02\output\random_dataset\9476.jpg,output/random_dataset/9476.jpg,dog
F:\NTSE\lab02\output\random_dataset\6754.jpg,output/random_dataset/6754.jpg,dog
F:\NTSE\lab02\output\random_dataset\5035.jpg,output/random_dataset/5035.jpg,dog
F:\NTSE\lab02\output\random_dataset\2517.jpg,output/random_dataset/2517.jpg,dog
F:\NTSE\lab02\output\random_dataset\148.jpg,output/random_dataset/148.jpg,dog
F:\NTSE\lab02\output\random_dataset\2713.jpg,output/random_dataset/2713.jpg,dog
F:\NTSE\lab02\output\random_dataset\8263.jpg,output/random_dataset/8263.jpg,dog
F:\NTSE\lab02\output\random_dataset\1484.jpg,output/random_dataset/1484.jpg,dog
F:\NTSE\lab02\output\random_dataset\504.jpg,output/random_dataset/504.jpg,dog
F:\NTSE\lab02\output\random_dataset\7494.jpg,output/random_dataset/7494.jpg,dog
F:\NTSE\lab02\output\random_dataset\5215.jpg,output/random_dataset/5215.jpg,dog
F:\NTSE\lab02\output\random_dataset\9237.jpg,output/random_dataset/9237.jpg,dog
F:\NTSE\lab02\output\random_dataset\3606.jpg,output/random_dataset/3606.jpg,dog
F:\NTSE\lab02\output\random_dataset\6827.jpg,output/random_dataset/6827.jpg,dog
F:\NTSE\lab02\output\random_dataset\9417.jpg,output/random_dataset/9417.jpg,dog
F:\NTSE\lab02\output\random_dataset\7650.jpg,output/random_dataset/7650.jpg,dog
F:\NTSE\lab02\output\random_dataset\5124.jpg,output/random_dataset/5124.jpg,dog
F:\NTSE\lab02\output\random_dataset\1117.jpg,output/random_dataset/1117.jpg,dog
F:\NTSE\lab02\output\random_dataset\262.jpg,output/random_dataset/262.jpg,dog
F:\NTSE\lab02\output\random_dataset\4597.jpg,output/random_dataset/4597.jpg,dog
F:\NTSE\lab02\output\random_dataset\8816.jpg,output/random_dataset/8816.jpg,dog
F:\NTSE\lab02\output\random_dataset\7757.jpg,output/random_dataset/7757.jpg,dog
F:\NTSE\lab02\output\random_dataset\9406.jpg,output/random_dataset/9406.jpg,dog
F:\NTSE\lab02\output\random_dataset\5956.jpg,output/random_dataset/5956.jpg,dog
F:\NTSE\lab02\output\random_dataset\4491.jpg,output/random_dataset/4491.jpg,dog
F:\NTSE\lab02\output\random_dataset\6896.jpg,output/random_dataset/6896.jpg,dog
F:\NTSE\lab02\output\random_dataset\8390.jpg,output/random_dataset/8390.jpg,dog
F:\NTSE\lab02\output\random_dataset\3209.jpg,output/random_dataset/3209.jpg,dog
F:\NTSE\lab02\output\random_dataset\6160.jpg,output/random_dataset/6160.jpg,dog
F:\NTSE\lab02\output\random_dataset\1663.jpg,output/random_dataset/1663.jpg,dog
F:\NTSE\lab02\output\random_dataset\2879.jpg,output/random_dataset/2879.jpg,dog
F:\NTSE\lab02\output\random_dataset\49.jpg,output/random_dataset/49.jpg,dog
F:\NTSE\lab02\output\random_dataset\3786.jpg,output/random_dataset/3786.jpg,dog
F:\NTSE\lab02\output\random_dataset\4956.jpg,output/random_dataset/4956.jpg,dog
F:\NTSE\lab02\output\random_dataset\4664.jpg,output/random_dataset/4664.jpg,dog
F:\NTSE\lab02\output\random_dataset\4354.jpg,output/random_dataset/4354.jpg,dog
F:\NTSE\lab02\output\random_dataset\2734.jpg,output/random_dataset/2734.jpg,dog
F:\NTSE\lab02\output\random_dataset\3023.jpg,output/random_dataset/3023.jpg,dog
F:\NTSE\lab02\output\random_dataset\3266.jpg,output/random_dataset/3266.jpg,dog
F:\NTSE\lab02\output\random_dataset\721.jpg,output/random_dataset/721.jpg,dog
F:\NTSE\lab02\output\random_dataset\5537.jpg,output/random_dataset/5537.jpg,dog
F:\NTSE\lab02\output\random_dataset\453.jpg,output/random_dataset/453.jpg,dog
F:\NTSE\lab02\output\random_dataset\4137.jpg,output/random_dataset/4137.jpg,dog
F:\NTSE\lab02\output\random_dataset\5770.jpg,output/random_dataset/5770.jpg,dog
F:\NTSE\lab02\output\random_dataset\502.jpg,output/random_dataset/502.jpg,dog
F:\NTSE\lab02\output\random_dataset\8294.jpg,output/random_dataset/8294.jpg,dog
F:\NTSE\lab02\output\random_dataset\9852.jpg,output/random_dataset/9852.jpg,dog
F:\NTSE\lab02\output\random_dataset\2700.jpg,output/random_dataset/2700.jpg,dog
F:\NTSE\lab02\output\random_dataset\2976.jpg,output/random_dataset/2976.jpg,dog
F:\NTSE\lab02\output\random_dataset\2570.jpg,output/random_dataset/2570.jpg,dog
F:\NTSE\lab02\output\random_dataset\1071.jpg,output/random_dataset/1071.jpg,dog
F:\NTSE\lab02\output\random_dataset\5874.jpg,output/random_dataset/5874.jpg,dog
F:\NTSE\lab02\output\random_dataset\6444.jpg,output/random_dataset/6444.jpg,dog
F:\NTSE\lab02\output\random_dataset\3163.jpg,output/random_dataset/3163.jpg,dog
F:\NTSE\lab02\output\random_dataset\6013.jpg,output/random_dataset/6013.jpg,dog
F:\NTSE\lab02\output\random_dataset\9327.jpg,output/random_dataset/9327.jpg,dog
F:\NTSE\lab02\output\random_dataset\5600.jpg,output/random_dataset/5600.jpg,dog
F:\NTSE\lab02\output\random_dataset\5416.jpg,output/random_dataset/5416.jpg,dog
F:\NTSE\lab02\output\random_dataset\3757.jpg,output/random_dataset/3757.jpg,dog
F:\NTSE\lab02\output\random_dataset\3291.jpg,output/random_dataset/3291.jpg,dog
F:\NTSE\lab02\output\random_dataset\5165.jpg,output/random_dataset/5165.jpg,dog
F:\NTSE\lab02\output\random_dataset\5101.jpg,output/random_dataset/5101.jpg,dog
F:\NTSE\lab02\output\random_dataset\92.jpg,output/random_dataset/92.jpg,dog
F:\NTSE\lab02\output\random_dataset\5851.jpg,output/random_dataset/5851.jpg,dog
F:\NTSE\lab02\output\random_dataset\7355.jpg,output/random_dataset/7355.jpg,dog
F:\NTSE\lab02\output\random_dataset\825.jpg,output/random_dataset/825.jpg,dog
F:\NTSE\lab02\output\random_dataset\8650.jpg,output/random_dataset/8650.jpg,dog
F:\NTSE\lab02\output\random_dataset\3882.jpg,output/random_dataset/3882.jpg,dog
F:\NTSE\lab02\output\random_dataset\445.jpg,output/random_dataset/445.jpg,dog
F:\NTSE\lab02\output\random_dataset\1881.jpg,output/random_dataset/1881.jpg,dog
F:\NTSE\lab02\output\random_dataset\4109.jpg,output/random_dataset/4109.jpg,dog
F:\NTSE\lab02\output\random_dataset\799.jpg,output/random_dataset/799.jpg,dog
F:\NTSE\lab02\output\random_dataset\9048.jpg,output/random_dataset/9048.jpg,dog
F:\NTSE\lab02\output\random_dataset\5927.jpg,output/random_dataset/5927.jpg,dog
F:\NTSE\lab02\output\random_dataset\227.jpg,output/random_dataset/227.jpg,dog
F:\NTSE\lab02\output\random_dataset\8769.jpg,output/random_dataset/8769.jpg,dog
F:\NTSE\lab02\output\random_dataset\1973.jpg,output/random_dataset/1973.jpg,dog
F:\NTSE\lab02\output\random_dataset\7297.jpg,output/random_dataset/7297.jpg,dog
F:\NTSE\lab02\output\random_dataset\5781.jpg,output/random_dataset/5781.jpg,dog
F:\NTSE\lab02\output\random_dataset\9795.jpg,output/random_dataset/9795.jpg,dog
F:\NTSE\lab02\output\random_dataset\9799.jpg,output/random_dataset/9799.jpg,dog
F:\NTSE\lab02\output\random_dataset\8891.jpg,output/random_dataset/8891.jpg,dog
F:\NTSE\lab02\output\random_dataset\6055.jpg,output/random_dataset/6055.jpg,dog
F:\NTSE\lab02\output\random_dataset\91.jpg,output/random_dataset/91.jpg,dog
F:\NTSE\lab02\output\random_dataset\6674.jpg,output/random_dataset/6674.jpg,dog
F:\NTSE\lab02\output\random_dataset\6989.jpg,output/random_dataset/6989.jpg,dog
F:\NTSE\lab02\output\random_dataset\8494.jpg,output/random_dataset/8494.jpg,dog
F:\NTSE\lab02\output\random_dataset\771.jpg,output/random_dataset/771.jpg,dog
F:\NTSE\lab02\output\random_dataset\9725.jpg,output/random_dataset/9725.jpg,dog
F:\NTSE\lab02\output\random_dataset\8021.jpg,output/random_dataset/8021.jpg,dog
F:\NTSE\lab02\output\random_dataset\7412.jpg,output/random_dataset/7412.jpg,dog
F:\NTSE\lab02\output\random_dataset\679.jpg,output/random_dataset/679.jpg,dog
F:\NTSE\lab02\output\random_dataset\7398.jpg,output/random_dataset/7398.jpg,dog
F:\NTSE\lab02\output\random_dataset\4789.jpg,output/random_dataset/4789.jpg,dog
F:\NTSE\lab02\output\random_dataset\7889.jpg,output/random_dataset/7889.jpg,dog
F:\NTSE\lab02\output\random_dataset\5010.jpg,output/random_dataset/5010.jpg,dog
F:\NTSE\lab02\output\random_dataset\4264.jpg,output/random_dataset/4264.jpg,dog
F:\NTSE\lab02\output\random_dataset\2838.jpg,output/random_dataset/2838.jpg,dog
F:\NTSE\lab02\output\random_dataset\6076.jpg,output/random_dataset/6076.jpg,dog
F:\NTSE\lab02\output\random_dataset\9929.jpg,output/random_dataset/9929.jpg,dog
F:\NTSE\lab02\output\random_dataset\4349.jpg,output/random_dataset/4349.jpg,dog
F:\NTSE\lab02\output\random_dataset\5522.jpg,output/random_dataset/5522.jpg,dog
F:\NTSE\lab02\output\random_dataset\5708.jpg,output/random_dataset/5708.jpg,dog
F:\NTSE\lab02\output\random_dataset\6646.jpg,output/random_dataset/6646.jpg,dog
F:\NTSE\lab02\output\random_dataset\1976.jpg,output/random_dataset/1976.jpg,dog
F:\NTSE\lab02\output\random_dataset\5515.jpg,output/random_dataset/5515.jpg,dog
F:\NTSE\lab02\output\random_dataset\7522.jpg,output/random_dataset/7522.jpg,dog
F:\NTSE\lab02\output\random_dataset\8932.jpg,output/random_dataset/8932.jpg,dog
F:\NTSE\lab02\output\random_dataset\1571.jpg,output/random_dataset/1571.jpg,dog
F:\NTSE\lab02\output\random_dataset\2729.jpg,output/random_dataset/2729.jpg,dog
F:\NTSE\lab02\output\random_dataset\581.jpg,output/random_dataset/581.jpg,dog
F:\NTSE\lab02\output\random_dataset\577.jpg,output/random_dataset/577.jpg,dog
F:\NTSE\lab02\output\random_dataset\165.jpg,output/random_dataset/165.jpg,dog
F:\NTSE\lab02\output\random_dataset\7298.jpg,output/random_dataset/7298.jpg,dog
F:\NTSE\lab02\output\random_dataset\8210.jpg,output/random_dataset/8210.jpg,dog
F:\NTSE\lab02\output\random_dataset\7442.jpg,output/random_dataset/7442.jpg,dog
F:\NTSE\lab02\output\random_dataset\449.jpg,output/random_dataset/449.jpg,dog
F:\NTSE\lab02\output\random_dataset\1911.jpg,output/random_dataset/1911.jpg,dog
F:\NTSE\lab02\output\random_dataset\5771.jpg,output/random_dataset/5771.jpg,dog
F:\NTSE\lab02\output\random_dataset\9125.jpg,output/random_dataset/9125.jpg,dog
F:\NTSE\lab02\output\random_dataset\5129.jpg,output/random_dataset/5129.jpg,dog
F:\NTSE\lab02\output\random_dataset\1876.jpg,output/random_dataset/1876.jpg,dog
F:\NTSE\lab02\output\random_dataset\6944.jpg,output/random_dataset/6944.jpg,dog
F:\NTSE\lab02\output\random_dataset\9675.jpg,output/random_dataset/9675.jpg,dog
F:\NTSE\lab02\output\random_dataset\1796.jpg,output/random_dataset/1796.jpg,dog
F:\NTSE\lab02\output\random_dataset\6778.jpg,output/random_dataset/6778.jpg,dog
F:\NTSE\lab02\output\random_dataset\7025.jpg,output/random_dataset/7025.jpg,dog
F:\NTSE\lab02\output\random_dataset\4402.jpg,output/random_dataset/4402.jpg,dog
F:\NTSE\lab02\output\random_dataset\6949.jpg,output/random_dataset/6949.jpg,dog
F:\NTSE\lab02\output\random_dataset\7534.jpg,output/random_dataset/7534.jpg,dog
F:\NTSE\lab02\output\random_dataset\6951.jpg,output/random_dataset/6951.jpg,dog
F:\NTSE\lab02\output\random_dataset\5316.jpg,output/random_dataset/5316.jpg,dog
F:\NTSE\lab02\output\random_dataset\669.jpg,output/random_dataset/669.jpg,dog
F:\NTSE\lab02\output\random_dataset\2225.jpg,output/random_dataset/2225.jpg,dog
F:\NTSE\lab02\output\random_dataset\8908.jpg,output/random_dataset/8908.jpg,dog
F:\NTSE\lab02\output\random_dataset\6567.jpg,output/random_dataset/6567.jpg,dog
F:\NTSE\lab02\output\random_dataset\7659.jpg,output/random_dataset/7659.jpg,dog
F:\NTSE\lab02\output\random_dataset\3363.jpg,output/random_dataset/3363.jpg,dog
F:\NTSE\lab02\output\random_dataset\1954.jpg,output/random_dataset/1954.jpg,dog
F:\NTSE\lab02\output\random_dataset\9050.jpg,output/random_dataset/9050.jpg,dog
F:\NTSE\lab02\output\random_dataset\7815.jpg,output/random_dataset/7815.jpg,dog
F:\NTSE\lab02\output\random_dataset\1375.jpg,output/random_dataset/1375.jpg,dog
F:\NTSE\lab02\output\random_dataset\5828.jpg,output/random_dataset/5828.jpg,dog
F:\NTSE\lab02\output\random_dataset\2890.jpg,output/random_dataset/2890.jpg,dog
F:\NTSE\lab02\output\random_dataset\7366.jpg,output/random_dataset/7366.jpg,dog
F:\NTSE\lab02\output\random_dataset\1849.jpg,output/random_dataset/1849.jpg,dog
F:\NTSE\lab02\output\random_dataset\631.jpg,output/random_dataset/631.jpg,dog
F:\NTSE\lab02\output\random_dataset\9099.jpg,output/random_dataset/9099.jpg,dog
F:\NTSE\lab02\output\random_dataset\7397.jpg,output/random_dataset/7397.jpg,dog
F:\NTSE\lab02\output\random_dataset\5575.jpg,output/random_dataset/5575.jpg,dog
F:\NTSE\lab02\output\random_dataset\7808.jpg,output/random_dataset/7808.jpg,dog
F:\NTSE\lab02\output\random_dataset\7841.jpg,output/random_dataset/7841.jpg,dog
F:\NTSE\lab02\output\random_dataset\9508.jpg,output/random_dataset/9508.jpg,dog
F:\NTSE\lab02\output\random_dataset\4690.jpg,output/random_dataset/4690.jpg,dog
F:\NTSE\lab02\output\random_dataset\4216.jpg,output/random_dataset/4216.jpg,dog
F:\NTSE\lab02\output\random_dataset\717.jpg,output/random_dataset/717.jpg,dog
F:\NTSE\lab02\output\random_dataset\2865.jpg,output/random_dataset/2865.jpg,dog
F:\NTSE\lab02\output\random_dataset\7167.jpg,output/random_dataset/7167.jpg,dog
F:\NTSE\lab02\output\random_dataset\4294.jpg,output/random_dataset/4294.jpg,dog
F:\NTSE\lab02\output\random_dataset\5454.jpg,output/random_dataset/5454.jpg,dog
F:\NTSE\lab02\output\random_dataset\2489.jpg,output/random_dataset/2489.jpg,dog
F:\NTSE\lab02\output\random_dataset\2692.jpg,output/random_dataset/2692.jpg,dog
F:\NTSE\lab02\output\random_dataset\4745.jpg,output/random_dataset/4745.jpg,dog
F:\NTSE\lab02\output\random_dataset\1288.jpg,output/random_dataset/1288.jpg,dog
F:\NTSE\lab02\output\random_dataset\2654.jpg,output/random_dataset/2654.jpg,dog
F:\NTSE\lab02\output\random_dataset\6976.jpg,output/random_dataset/6976.jpg,dog
F:\NTSE\lab02\output\random_dataset\2638.jpg,output/random_dataset/2638.jpg,dog
F:\NTSE\lab02\output\random_dataset\931.jpg,output/random_dataset/931.jpg,dog
F:\NTSE\lab02\output\random_dataset\4333.jpg,output/random_dataset/4333.jpg,dog
F:\NTSE\lab02\output\random_dataset\3963.jpg,output/random_dataset/3963.jpg,dog
F:\NTSE\lab02\output\random_dataset\3240.jpg,output/random_dataset/3240.jpg,dog
F:\NTSE\lab02\output\random_dataset\5141.jpg,output/random_dataset/5141.jpg,dog
F:\NTSE\lab02\output\random_dataset\3784.jpg,output/random_dataset/3784.jpg,dog
F:\NTSE\lab02\output\random_dataset\3705.jpg,output/random_dataset/3705.jpg,dog
F:\NTSE\lab02\output\random_dataset\1549.jpg,output/random_dataset/1549.jpg,dog
F:\NTSE\lab02\output\random_dataset\4867.jpg,output/random_dataset/4867.jpg,dog
F:\NTSE\lab02\output\random_dataset\1402.jpg,output/random_dataset/1402.jpg,dog
F:\NTSE\lab02\output\random_dataset\2133.jpg,output/random_dataset/2133.jpg,dog
F:\NTSE\lab02\output\random_dataset\9793.jpg,output/random_dataset/9793.jpg,dog
F:\NTSE\lab02\output\random_dataset\4773.jpg,output/random_dataset/4773.jpg,dog
F:\NTSE\lab02\output\random_dataset\8951.jpg,output/random_dataset/8951.jpg,dog
F:\NTSE\lab02\output\random_dataset\6427.jpg,output/random_dataset/6427.jpg,dog
F:\NTSE\lab02\output\random_dataset\4291.jpg,output/random_dataset/4291.jpg,dog
F:\NTSE\lab02\output\random_dataset\8806.jpg,output/random_dataset/8806.jpg,dog
F:\NTSE\lab02\output\random_dataset\6062.jpg,output/random_dataset/6062.jpg,dog
F:\NTSE\lab02\output\random_dataset\503.jpg,output/random_dataset/503.jpg,dog
F:\NTSE\lab02\output\random_dataset\3103.jpg,output/random_dataset/3103.jpg,dog
F:\NTSE\lab02\output\random_dataset\711.jpg,output/random_dataset/711.jpg,dog
F:\NTSE\lab02\output\random_dataset\3400.jpg,output/random_dataset/3400.jpg,dog
F:\NTSE\lab02\output\random_dataset\5609.jpg,output/random_dataset/5609.jpg,dog
F:\NTSE\lab02\output\random_dataset\1898.jpg,output/random_dataset/1898.jpg,dog
F:\NTSE\lab02\output\random_dataset\2506.jpg,output/random_dataset/2506.jpg,dog
F:\NTSE\lab02\output\random_dataset\2474.jpg,output/random_dataset/2474.jpg,dog
F:\NTSE\lab02\output\random_dataset\2652.jpg,output/random_dataset/2652.jpg,dog
F:\NTSE\lab02\output\random_dataset\4784.jpg,output/random_dataset/4784.jpg,dog
F:\NTSE\lab02\output\random_dataset\5444.jpg,output/random_dataset/5444.jpg,dog
F:\NTSE\lab02\output\random_dataset\4315.jpg,output/random_dataset/4315.jpg,dog
F:\NTSE\lab02\output\random_dataset\6498.jpg,output/random_dataset/6498.jpg,dog
F:\NTSE\lab02\output\random_dataset\1394.jpg,output/random_dataset/1394.jpg,dog
F:\NTSE\lab02\output\random_dataset\6618.jpg,output/random_dataset/6618.jpg,dog
F:\NTSE\lab02\output\random_dataset\6793.jpg,output/random_dataset/6793.jpg,dog
F:\NTSE\lab02\output\random_dataset\9410.jpg,output/random_dataset/9410.jpg,dog
F:\NTSE\lab02\output\random_dataset\2470.jpg,output/random_dataset/2470.jpg,dog
F:\NTSE\lab02\output\random_dataset\9874.jpg,output/random_dataset/9874.jpg,dog
F:\NTSE\lab02\output\random_dataset\887.jpg,output/random_dataset/887.jpg,dog
F:\NTSE\lab02\output\random_dataset\5287.jpg,output/random_dataset/5287.jpg,dog
F:\NTSE\lab02\output\random_dataset\1671.jpg,output/random_dataset/1671.jpg,dog
F:\NTSE\lab02\output\random_dataset\1397.jpg,output/random_dataset/1397.jpg,dog
F:\NTSE\lab02\output\random_dataset\6219.jpg,output/random_dataset/6219.jpg,dog
F:\NTSE\lab02\output\random_dataset\238.jpg,output/random_dataset/238.jpg,dog
F:\NTSE\lab02\output\random_dataset\4351.jpg,output/random_dataset/4351.jpg,dog
F:\NTSE\lab02\output\random_dataset\9162.jpg,output/random_dataset/9162.jpg,dog
F:\NTSE\lab02\output\random_dataset\7625.jpg,output/random_dataset/7625.jpg,dog
F:\NTSE\lab02\output\random_dataset\3033.jpg,output/random_dataset/3033.jpg,dog
F:\NTSE\lab02\output\random_dataset\5065.jpg,output/random_dataset/5065.jpg,dog
F:\NTSE\lab02\output\random_dataset\412.jpg,output/random_dataset/412.jpg,dog
F:\NTSE\lab02\output\random_dataset\5288.jpg,output/random_dataset/5288.jpg,dog
F:\NTSE\lab02\output\random_dataset\9499.jpg,output/random_dataset/9499.jpg,dog
F:\NTSE\lab02\output\random_dataset\4457.jpg,output/random_dataset/4457.jpg,dog
F:\NTSE\lab02\output\random_dataset\6707.jpg,output/random_dataset/6707.jpg,dog
F:\NTSE\lab02\output\random_dataset\1564.jpg,output/random_dataset/1564.jpg,dog
F:\NTSE\lab02\output\random_dataset\1862.jpg,output/random_dataset/1862.jpg,dog
F:\NTSE\lab02\output\random_dataset\9565.jpg,output/random_dataset/9565.jpg,dog
F:\NTSE\lab02\output\random_dataset\6863.jpg,output/random_dataset/6863.jpg,dog
F:\NTSE\lab02\output\random_dataset\7918.jpg,output/random_dataset/7918.jpg,dog
F:\NTSE\lab02\output\random_dataset\6202.jpg,output/random_dataset/6202.jpg,dog
F:\NTSE\lab02\output\random_dataset\4421.jpg,output/random_dataset/4421.jpg,dog
F:\NTSE\lab02\output\random_dataset\2510.jpg,output/random_dataset/2510.jpg,dog
F:\NTSE\lab02\output\random_dataset\5379.jpg,output/random_dataset/5379.jpg,dog
F:\NTSE\lab02\output\random_dataset\8337.jpg,output/random_dataset/8337.jpg,dog
F:\NTSE\lab02\output\random_dataset\8513.jpg,output/random_dataset/8513.jpg,dog
F:\NTSE\lab02\output\random_dataset\1455.jpg,output/random_dataset/1455.jpg,dog
F:\NTSE\lab02\output\random_dataset\6800.jpg,output/random_dataset/6800.jpg,dog
F:\NTSE\lab02\output\random_dataset\4095.jpg,output/random_dataset/4095.jpg,dog
F:\NTSE\lab02\output\random_dataset\20.jpg,output/random_dataset/20.jpg,dog
F:\NTSE\lab02\output\random_dataset\6927.jpg,output/random_dataset/6927.jpg,dog
F:\NTSE\lab02\output\random_dataset\6404.jpg,output/random_dataset/6404.jpg,dog
F:\NTSE\lab02\output\random_dataset\6534.jpg,output/random_dataset/6534.jpg,dog
F:\NTSE\lab02\output\random_dataset\2136.jpg,output/random_dataset/2136.jpg,dog
F:\NTSE\lab02\output\random_dataset\1852.jpg,output/random_dataset/1852.jpg,dog
F:\NTSE\lab02\output\random_dataset\5818.jpg,output/random_dataset/5818.jpg,dog
F:\NTSE\lab02\output\random_dataset\1493.jpg,output/random_dataset/1493.jpg,dog
F:\NTSE\lab02\output\random_dataset\5081.jpg,output/random_dataset/5081.jpg,dog
F:\NTSE\lab02\output\random_dataset\4791.jpg,output/random_dataset/4791.jpg,dog
F:\NTSE\lab02\output\random_dataset\1361.jpg,output/random_dataset/1361.jpg,dog
F:\NTSE\lab02\output\random_dataset\3399.jpg,output/random_dataset/3399.jpg,dog
F:\NTSE\lab02\output\random_dataset\147.jpg,output/random_dataset/147.jpg,dog
F:\NTSE\lab02\output\random_dataset\2500.jpg,output/random_dataset/2500.jpg,dog
F:\NTSE\lab02\output\random_dataset\7280.jpg,output/random_dataset/7280.jpg,dog
F:\NTSE\lab02\output\random_dataset\4444.jpg,output/random_dataset/4444.jpg,dog
F:\NTSE\lab02\output\random_dataset\4285.jpg,output/random_dataset/4285.jpg,dog
F:\NTSE\lab02\output\random_dataset\4562.jpg,output/random_dataset/4562.jpg,dog
F:\NTSE\lab02\output\random_dataset\446.jpg,output/random_dataset/446.jpg,dog
F:\NTSE\lab02\output\random_dataset\7528.jpg,output/random_dataset/7528.jpg,dog
F:\NTSE\lab02\output\random_dataset\2417.jpg,output/random_dataset/2417.jpg,dog
F:\NTSE\lab02\output\random_dataset\8651.jpg,output/random_dataset/8651.jpg,dog
F:\NTSE\lab02\output\random_dataset\4405.jpg,output/random_dataset/4405.jpg,dog
F:\NTSE\lab02\output\random_dataset\1032.jpg,output/random_dataset/1032.jpg,dog
F:\NTSE\lab02\output\random_dataset\9642.jpg,output/random_dataset/9642.jpg,dog
F:\NTSE\lab02\output\random_dataset\280.jpg,output/random_dataset/280.jpg,dog
F:\NTSE\lab02\output\random_dataset\4623.jpg,output/random_dataset/4623.jpg,dog
F:\NTSE\lab02\output\random_dataset\3253.jpg,output/random_dataset/3253.jpg,dog
F:\NTSE\lab02\output\random_dataset\5786.jpg,output/random_dataset/5786.jpg,dog
F:\NTSE\lab02\output\random_dataset\1894.jpg,output/random_dataset/1894.jpg,dog
F:\NTSE\lab02\output\random_dataset\3594.jpg,output/random_dataset/3594.jpg,dog
F:\NTSE\lab02\output\random_dataset\5526.jpg,output/random_dataset/5526.jpg,dog
F:\NTSE\lab02\output\random_dataset\2725.jpg,output/random_dataset/2725.jpg,dog
F:\NTSE\lab02\output\random_dataset\5051.jpg,output/random_dataset/5051.jpg,dog
F:\NTSE\lab02\output\random_dataset\3374.jpg,output/random_dataset/3374.jpg,dog
F:\NTSE\lab02\output\random_dataset\2542.jpg,output/random_dataset/2542.jpg,dog
F:\NTSE\lab02\output\random_dataset\9978.jpg,output/random_dataset/9978.jpg,dog
F:\NTSE\lab02\output\random_dataset\6603.jpg,output/random_dataset/6603.jpg,dog
F:\NTSE\lab02\output\random_dataset\1539.jpg,output/random_dataset/1539.jpg,dog
F:\NTSE\lab02\output\random_dataset\7682.jpg,output/random_dataset/7682.jpg,dog
F:\NTSE\lab02\output\random_dataset\1134.jpg,output/random_dataset/1134.jpg,dog
F:\NTSE\lab02\output\random_dataset\8430.jpg,output/random_dataset/8430.jpg,dog
F:\NTSE\lab02\output\random_dataset\7602.jpg,output/random_dataset/7602.jpg,dog
F:\NTSE\lab02\output\random_dataset\4247.jpg,output/random_dataset/4247.jpg,dog
F:\NTSE\lab02\output\random_dataset\2347.jpg,output/random_dataset/2347.jpg,dog
F:\NTSE\lab02\output\random_dataset\8174.jpg,output/random_dataset/8174.jpg,dog
F:\NTSE\lab02\output\random_dataset\8850.jpg,output/random_dataset/8850.jpg,dog
F:\NTSE\lab02\output\random_dataset\1733.jpg,output/random_dataset/1733.jpg,dog
F:\NTSE\lab02\output\random_dataset\3878.jpg,output/random_dataset/3878.jpg,dog
F:\NTSE\lab02\output\random_dataset\1946.jpg,output/random_dataset/1946.jpg,dog
F:\NTSE\lab02\output\random_dataset\9452.jpg,output/random_dataset/9452.jpg,dog
F:\NTSE\lab02\output\random_dataset\4551.jpg,output/random_dataset/4551.jpg,dog
F:\NTSE\lab02\output\random_dataset\2565.jpg,output/random_dataset/2565.jpg,dog
F:\NTSE\lab02\output\random_dataset\1956.jpg,output/random_dataset/1956.jpg,dog
F:\NTSE\lab02\output\random_dataset\171.jpg,output/random_dataset/171.jpg,dog
F:\NTSE\lab02\output\random_dataset\6601.jpg,output/random_dataset/6601.jpg,dog
F:\NTSE\lab02\output\random_dataset\4041.jpg,output/random_dataset/4041.jpg,dog
F:\NTSE\lab02\output\random_dataset\5668.jpg,output/random_dataset/5668.jpg,dog
F:\NTSE\lab02\output\random_dataset\4778.jpg,output/random_dataset/4778.jpg,dog
F:\NTSE\lab02\output\random_dataset\339.jpg,output/random_dataset/339.jpg,dog
F:\NTSE\lab02\output\random_dataset\2445.jpg,output/random_dataset/2445.jpg,dog
F:\NTSE\lab02\output\random_dataset\385.jpg,output/random_dataset/385.jpg,dog
F:\NTSE\lab02\output\random_dataset\195.jpg,output/random_dataset/195.jpg,dog
F:\NTSE\lab02\output\random_dataset\4638.jpg,output/random_dataset/4638.jpg,dog
F:\NTSE\lab02\output\random_dataset\7971.jpg,output/random_dataset/7971.jpg,dog
F:\NTSE\lab02\output\random_dataset\3570.jpg,output/random_dataset/3570.jpg,dog
F:\NTSE\lab02\output\random_dataset\652.jpg,output/random_dataset/652.jpg,dog
F:\NTSE\lab02\output\random_dataset\7290.jpg,output/random_dataset/7290.jpg,dog
F:\NTSE\lab02\output\random_dataset\3900.jpg,output/random_dataset/3900.jpg,dog
F:\NTSE\lab02\output\random_dataset\2208.jpg,output/random_dataset/2208.jpg,dog
F:\NTSE\lab02\output\random_dataset\3519.jpg,output/random_dataset/3519.jpg,dog
F:\NTSE\lab02\output\random_dataset\956.jpg,output/random_dataset/956.jpg,dog
F:\NTSE\lab02\output\random_dataset\2902.jpg,output/random_dataset/2902.jpg,dog
F:\NTSE\lab02\output\random_dataset\6606.jpg,output/random_dataset/6606.jpg,dog
F:\NTSE\lab02\output\random_dataset\663.jpg,output/random_dataset/663.jpg,dog
F:\NTSE\lab02\output\random_dataset\6595.jpg,output/random_dataset/6595.jpg,dog
F:\NTSE\lab02\output\random_dataset\7606.jpg,output/random_dataset/7606.jpg,dog
F:\NTSE\lab02\output\random_dataset\6516.jpg,output/random_dataset/6516.jpg,dog
F:\NTSE\lab02\output\random_dataset\3342.jpg,output/random_dataset/3342.jpg,dog
F:\NTSE\lab02\output\random_dataset\8110.jpg,output/random_dataset/8110.jpg,dog
F:\NTSE\lab02\output\random_dataset\9606.jpg,output/random_dataset/9606.jpg,dog
F:\NTSE\lab02\output\random_dataset\9690.jpg,output/random_dataset/9690.jpg,dog
F:\NTSE\lab02\output\random_dataset\6174.jpg,output/random_dataset/6174.jpg,dog
F:\NTSE\lab02\output\random_dataset\4308.jpg,output/random_dataset/4308.jpg,dog
F:\NTSE\lab02\output\random_dataset\7318.jpg,output/random_dataset/7318.jpg,dog
F:\NTSE\lab02\output\random_dataset\2973.jpg,output/random_dataset/2973.jpg,dog
F:\NTSE\lab02\output\random_dataset\6111.jpg,output/random_dataset/6111.jpg,dog
F:\NTSE\lab02\output\random_dataset\1819.jpg,output/random_dataset/1819.jpg,dog
F:\NTSE\lab02\output\random_dataset\5709.jpg,output/random_dataset/5709.jpg,dog
F:\NTSE\lab02\output\random_dataset\9805.jpg,output/random_dataset/9805.jpg,dog
F:\NTSE\lab02\output\random_dataset\6454.jpg,output/random_dataset/6454.jpg,dog
F:\NTSE\lab02\output\random_dataset\7628.jpg,output/random_dataset/7628.jpg,dog
F:\NTSE\lab02\output\random_dataset\3348.jpg,output/random_dataset/3348.jpg,dog
F:\NTSE\lab02\output\random_dataset\6605.jpg,output/random_dataset/6605.jpg,dog
F:\NTSE\lab02\output\random_dataset\2576.jpg,output/random_dataset/2576.jpg,dog
F:\NTSE\lab02\output\random_dataset\6009.jpg,output/random_dataset/6009.jpg,dog
F:\NTSE\lab02\output\random_dataset\6779.jpg,output/random_dataset/6779.jpg,dog
F:\NTSE\lab02\output\random_dataset\1872.jpg,output/random_dataset/1872.jpg,dog
F:\NTSE\lab02\output\random_dataset\2357.jpg,output/random_dataset/2357.jpg,dog
F:\NTSE\lab02\output\random_dataset\9220.jpg,output/random_dataset/9220.jpg,dog
F:\NTSE\lab02\output\random_dataset\7181.jpg,output/random_dataset/7181.jpg,dog
F:\NTSE\lab02\output\random_dataset\3775.jpg,output/random_dataset/3775.jpg,dog
F:\NTSE\lab02\output\random_dataset\8668.jpg,output/random_dataset/8668.jpg,dog
F:\NTSE\lab02\output\random_dataset\5008.jpg,output/random_dataset/5008.jpg,dog
F:\NTSE\lab02\output\random_dataset\1430.jpg,output/random_dataset/1430.jpg,dog
F:\NTSE\lab02\output\random_dataset\9262.jpg,output/random_dataset/9262.jpg,dog
