date,source_url,file_name,absolute_path,relative_path,output_class
2026-10-05T16:05:41+03:00,https://resizer.mail.ru/p/19d379dc-2822-56ad-9fe5-319991b39c8f/dpr:200/AAAOx8oFOCpQOk7Ku97xCMnMbIbZLj42oAg11KVgJocumyC81B-5OpM-sfglKA36Ee7UpLYcs7EqbZSX67hj2kvONu0.jpg,0000.jpg,F:\NTSE\lab01\dataset\cat\0000.jpg,../lab01/dataset/cat/0000.jpg,cat
2026-10-05T16:07:02+03:00,https://i.ytimg.com/vi/vQtMMlDo_rU/maxresdefault.jpg?sqp=-oaymwEmCIAKENAF8quKqQMa8AEB-AH-CYAC0AWKAgwIABABGEwgZSguMA8=&rs=AOn4CLDGV_ZmO-r8dhu6TOgKjKYjGIdPxA,0001.jpg,F:\NTSE\lab01\dataset\cat\0001.jpg,../lab01/dataset/cat/0001.jpg,cat
2026-10-05T16:07:04+03:00,https://s0.rbk.ru/v6_top_pics/media/img/9/28/347274327378289.webp,0002.jpg,F:\NTSE\lab01\dataset\cat\0002.jpg,../lab01/dataset/cat/0002.jpg,cat
2026-10-05T16:07:05+03:00,https://i.ytimg.com/vi/S1hGi5087C8/maxresdefault.jpg,0003.jpg,F:\NTSE\lab01\dataset\cat\0003.jpg,../lab01/dataset/cat/0003.jpg,cat
2026-10-05T16:07:06+03:00,https://i.ytimg.com/vi/0KIK8LkkOXk/maxresdefault.jpg,0004.jpg,F:\NTSE\lab01\dataset\cat\0004.jpg,../lab01/dataset/cat/0004.jpg,cat
2026-10-05T16:07:09+03:00,https://cdn.mos.cms.futurecdn.net/htyRaAKkWts9dt66js4TgP.jpg,0005.jpg,F:\NTSE\lab01\dataset\cat\0005.jpg,../lab01/dataset/cat/0005.jpg,cat
2026-10-05T16:07:10+03:00,https://i.pinimg.com/originals/7c/03/9c/7c039c64a34b9b2fcebd8283e663f1c8.jpg?nii=t,0006.jpg,F:\NTSE\lab01\dataset\cat\0006.jpg,../lab01/dataset/cat/0006.jpg,cat
2026-10-05T16:07:12+03:00,https://img.goodfon.ru/wallpaper/nbig/2/4a/kot-koshka-poza-mordashka-vzgliad-divan-podushki-ryzhii-lapk.webp,0007.jpg,F:\NTSE\lab01\dataset\cat\0007.jpg,../lab01/dataset/cat/0007.jpg,cat
2026-10-05T16:07:12+03:00,https://cdn.mos.cms.futurecdn.net/EmdJ6zawWCJLVJW8BGRxqM.jpg,0008.jpg,F:\NTSE\lab01\dataset\cat\0008.jpg,../lab01/dataset/cat/0008.jpg,cat
2026-10-05T16:07:15+03:00,https://www.futura-sciences.com/en/wp-content/uploads/2025/09/cat-schizophrenia.jpeg,0009.jpg,F:\NTSE\lab01\dataset\cat\0009.jpg,../lab01/dataset/cat/0009.jpg,cat
2026-10-05T16:07:16+03:00,https://i.ytimg.com/vi/ZlORpErVS-M/maxresdefault.jpg,0010.jpg,F:\NTSE\lab01\dataset\cat\0010.jpg,../lab01/dataset/cat/0010.jpg,cat
2026-10-05T16:07:17+03:00,https://img.ixbt.site/live/images/original/34/72/43/2026/03/11/c4b4c5e3fc.jpg,0011.jpg,F:\NTSE\lab01\dataset\cat\0011.jpg,../lab01/dataset/cat/0011.jpg,cat
2026-10-05T16:07:19+03:00,https://static.vecteezy.com/system/resources/previews/007/825/222/large_2x/cute-cat-lying-in-lazy-sleepy-pose-eyes-close-up-portrait-photo.jpg,0012.jpg,F:\NTSE\lab01\dataset\cat\0012.jpg,../lab01/dataset/cat/0012.jpg,cat
2026-10-05T16:07:20+03:00,https://www.rover.com/blog/wp-content/uploads/iStock-175248321-e1702589235263.jpg,0013.jpg,F:\NTSE\lab01\dataset\cat\0013.jpg,../lab01/dataset/cat/0013.jpg,cat
2026-10-05T16:07:22+03:00,https://d3544la1u8djza.cloudfront.net/APHI/Blog/2023/April2023/russian-blue-2.jpg,0014.jpg,F:\NTSE\lab01\dataset\cat\0014.jpg,../lab01/dataset/cat/0014.jpg,cat
2026-10-05T16:07:25+03:00,https://cdn.shopify.com/s/files/1/0450/7392/4260/files/3_90c721a8-f377-437b-b7d8-724210960bb0.png?v=1600851102,0015.jpg,F:\NTSE\lab01\dataset\cat\0015.jpg,../lab01/dataset/cat/0015.jpg,cat
2026-10-05T16:07:27+03:00,https://pet-health-content-media.chewy.com/wp-content/uploads/2025/09/09164604/black-cat-breeds.jpeg,0016.jpg,F:\NTSE\lab01\dataset\cat\0016.jpg,../lab01/dataset/cat/0016.jpg,cat
2026-10-05T16:07:28+03:00,https://i.ytimg.com/vi/9AUyjWMfy3I/maxresdefault.jpg,0017.jpg,F:\NTSE\lab01\dataset\cat\0017.jpg,../lab01/dataset/cat/0017.jpg,cat
2026-10-05T16:07:29+03:00,https://c8.alamy.com/comp/MP0WJF/relaxed-domestic-cat-at-home-indoor-MP0WJF.jpg,0018.jpg,F:\NTSE\lab01\dataset\cat\0018.jpg,../lab01/dataset/cat/0018.jpg,cat
2026-10-05T16:07:31+03:00,https://pet-health-content-media.chewy.com/wp-content/uploads/2025/07/02160951/arthritis-in-cats.jpg,0019.jpg,F:\NTSE\lab01\dataset\cat\0019.jpg,../lab01/dataset/cat/0019.jpg,cat
2026-10-05T16:07:32+03:00,https://i.pinimg.com/originals/67/87/13/6787134217352847a58077a96732e877.jpg?nii=t,0020.jpg,F:\NTSE\lab01\dataset\cat\0020.jpg,../lab01/dataset/cat/0020.jpg,cat
2026-10-05T16:07:39+03:00,https://cdn.mos.cms.futurecdn.net/Wj36CnajmcVYuBN9zDmLpV.jpg,0021.jpg,F:\NTSE\lab01\dataset\cat\0021.jpg,../lab01/dataset/cat/0021.jpg,cat
2026-10-05T16:07:40+03:00,https://img.goodfon.ru/wallpaper/nbig/d/1a/koshka-kot-seryi-britanskii-zheltyi-fon-portret.webp,0022.jpg,F:\NTSE\lab01\dataset\cat\0022.jpg,../lab01/dataset/cat/0022.jpg,cat
2026-10-05T16:07:42+03:00,https://getodie.com/wp-content/uploads/2024/06/cute-grey-cat-scaled.jpg,0023.jpg,F:\NTSE\lab01\dataset\cat\0023.jpg,../lab01/dataset/cat/0023.jpg,cat
2026-10-05T16:07:43+03:00,https://img.goodfon.ru/wallpaper/nbig/1/f8/kitten-cat-cute-grass-garden-lawn-red-nature-green-running-p.webp,0024.jpg,F:\NTSE\lab01\dataset\cat\0024.jpg,../lab01/dataset/cat/0024.jpg,cat
2026-10-05T16:07:45+03:00,https://consumer-cms.petfinder.com/sites/default/files/images/content/Domestic%20Shorthair%20Cat%203.jpg,0025.jpg,F:\NTSE\lab01\dataset\cat\0025.jpg,../lab01/dataset/cat/0025.jpg,cat
2026-10-05T16:07:52+03:00,https://c8.alamy.com/comp/KWFAPA/red-cat-isolated-on-a-white-background-KWFAPA.jpg,0026.jpg,F:\NTSE\lab01\dataset\cat\0026.jpg,../lab01/dataset/cat/0026.jpg,cat
2026-10-05T16:07:55+03:00,https://img.freepik.com/premium-photo/happy-cat-white-background-ai-generated-image_20029-1958.jpg?w=2000,0027.jpg,F:\NTSE\lab01\dataset\cat\0027.jpg,../lab01/dataset/cat/0027.jpg,cat
2026-10-05T16:08:01+03:00,https://i3.wp.com/www.shutterstock.com/shutterstock/photos/120174748/display_1500/stock-photo-cat-in-a-jump-on-a-white-background-120174748.jpg?ssl=1,0028.jpg,F:\NTSE\lab01\dataset\cat\0028.jpg,../lab01/dataset/cat/0028.jpg,cat
2026-10-05T16:08:04+03:00,https://static1.bigstockphoto.com/4/7/2/large1500/274536559.jpg,0029.jpg,F:\NTSE\lab01\dataset\cat\0029.jpg,../lab01/dataset/cat/0029.jpg,cat
2026-10-05T16:08:05+03:00,https://s3-minsk.becloud.by/upload-3ea2dd93a4574872842963d763a8ca31/iblock/355/52h87lmivpognea0czi0nfz61xo7px78.jpg,0030.jpg,F:\NTSE\lab01\dataset\cat\0030.jpg,../lab01/dataset/cat/0030.jpg,cat
2026-10-05T16:08:07+03:00,https://media.istockphoto.com/id/174631667/tr/foto%C4%9Fraf/orange-tabby-cat.jpg?s=1024x1024&w=is&k=20&c=O2qwkEMcRcaeA6z-uEpEDjhvN6k4ty6GIFXQ5puhIL8=,0031.jpg,F:\NTSE\lab01\dataset\cat\0031.jpg,../lab01/dataset/cat/0031.jpg,cat
2026-10-05T16:08:08+03:00,https://c8.alamy.com/comp/2XA2EXN/adorable-ginger-cat-with-big-eyes-posing-against-a-neutral-background-2XA2EXN.jpg,0032.jpg,F:\NTSE\lab01\dataset\cat\0032.jpg,../lab01/dataset/cat/0032.jpg,cat
2026-10-05T16:08:09+03:00,https://consumer-cms.petfinder.com/sites/default/files/images/content/Domestic%20Shorthair%20Cat%201.jpg,0033.jpg,F:\NTSE\lab01\dataset\cat\0033.jpg,../lab01/dataset/cat/0033.jpg,cat
2026-10-05T16:08:12+03:00,https://www.care.com/c/wp-content/uploads/sites/2/2018/10/GettyImages-1139569345-2048x1365.jpg,0034.jpg,F:\NTSE\lab01\dataset\cat\0034.jpg,../lab01/dataset/cat/0034.jpg,cat
2026-10-05T16:08:14+03:00,https://storage.yandexcloud.net/yac-wh-sb-prod-s3-media-03007/uploads/article/files/active.webp,0035.jpg,F:\NTSE\lab01\dataset\cat\0035.jpg,../lab01/dataset/cat/0035.jpg,cat
2026-10-05T16:08:15+03:00,https://upload.wikimedia.org/wikipedia/commons/thumb/9/97/Feral_cat_Virginia_crop.jpg/1280px-Feral_cat_Virginia_crop.jpg,0036.jpg,F:\NTSE\lab01\dataset\cat\0036.jpg,../lab01/dataset/cat/0036.jpg,cat
2026-10-05T16:08:17+03:00,https://cdn.lifehacker.ru/wp-content/uploads/2026/09/Bez_imeni_3_1789713450_lh_average_step_2.jpg,0037.jpg,F:\NTSE\lab01\dataset\cat\0037.jpg,../lab01/dataset/cat/0037.jpg,cat
2026-10-05T16:08:18+03:00,https://assets.newsweek.com/wp-content/uploads/2025/08/2641979-black-cat-sits-outdoors.jpg?w=1600&quality=80&webp=1,0038.jpg,F:\NTSE\lab01\dataset\cat\0038.jpg,../lab01/dataset/cat/0038.jpg,cat
2026-10-05T16:08:20+03:00,https://i.pinimg.com/originals/62/01/f8/6201f842bea1aef5099f1e136ea48f01.png,0039.jpg,F:\NTSE\lab01\dataset\cat\0039.jpg,../lab01/dataset/cat/0039.jpg,cat
2026-10-05T16:08:22+03:00,https://www.shutterstock.com/shutterstock/photos/2187377057/display_1500/stock-photo-bengal-cat-walking-towards-to-the-camera-isolated-on-white-2187377057.jpg,0040.jpg,F:\NTSE\lab01\dataset\cat\0040.jpg,../lab01/dataset/cat/0040.jpg,cat
2026-10-05T16:08:23+03:00,https://c8.alamy.com/comp/RDP8P0/cat-looks-out-on-white-background-peeks-around-corner-RDP8P0.jpg,0041.jpg,F:\NTSE\lab01\dataset\cat\0041.jpg,../lab01/dataset/cat/0041.jpg,cat
2026-10-05T16:08:29+03:00,https://cdn.sanity.io/images/0vv8moc6/dvm360/d1039fcdfaea1535eb3ea5c89cd846989ec7f813-5000x3338.jpg,0042.jpg,F:\NTSE\lab01\dataset\cat\0042.jpg,../lab01/dataset/cat/0042.jpg,cat
2026-10-05T16:08:30+03:00,https://static.vecteezy.com/system/resources/thumbnails/002/412/790/small_2x/black-and-white-cat-close-up-free-photo.jpg,0043.jpg,F:\NTSE\lab01\dataset\cat\0043.jpg,../lab01/dataset/cat/0043.jpg,cat
2026-10-05T16:08:32+03:00,https://pet-health-content-media.chewy.com/wp-content/uploads/2025/04/16185653/202503bec-202305outdoor-cat-scaled-1.jpg,0044.jpg,F:\NTSE\lab01\dataset\cat\0044.jpg,../lab01/dataset/cat/0044.jpg,cat
2026-10-05T16:08:34+03:00,https://vickyalvearshecter.com/wp-content/uploads/2018/09/1200-522946101-abyssinian-tabby-cat.jpg,0045.jpg,F:\NTSE\lab01\dataset\cat\0045.jpg,../lab01/dataset/cat/0045.jpg,cat
2026-10-05T16:08:35+03:00,https://www.rover.com/blog/wp-content/uploads/iStock-924900644-min-1-e1648057875848.jpg,0046.jpg,F:\NTSE\lab01\dataset\cat\0046.jpg,../lab01/dataset/cat/0046.jpg,cat
2026-10-05T16:08:37+03:00,https://cdn.mos.cms.futurecdn.net/FosZCvdty8DbCFDkPxxZyM-1200-80.jpg,0047.jpg,F:\NTSE\lab01\dataset\cat\0047.jpg,../lab01/dataset/cat/0047.jpg,cat
2026-10-05T16:08:39+03:00,https://cdn.mos.cms.futurecdn.net/PF2XFrBuCR8VUn3ueW9HjS-1200-80.jpg,0048.jpg,F:\NTSE\lab01\dataset\cat\0048.jpg,../lab01/dataset/cat/0048.jpg,cat
2026-10-05T16:10:00+03:00,https://thumbs.dreamstime.com/z/scottish-cat-kitten-walking-isolated-white-background-99088535.jpg,0049.jpg,F:\NTSE\lab01\dataset\cat\0049.jpg,../lab01/dataset/cat/0049.jpg,cat
2026-10-05T16:10:20+03:00,https://247wallst.com/wp-content/uploads/2020/02/siberian-cat.jpg,0050.jpg,F:\NTSE\lab01\dataset\cat\0050.jpg,../lab01/dataset/cat/0050.jpg,cat
2026-10-05T16:10:23+03:00,https://img.theepochtimes.com/assets/uploads/2024/03/08/id5603466-Main.jpg,0051.jpg,F:\NTSE\lab01\dataset\cat\0051.jpg,../lab01/dataset/cat/0051.jpg,cat
2026-10-05T16:11:44+03:00,https://welovecatz.hu/media/images/2022_05_gettyimages-463679559.original.jpg,0052.jpg,F:\NTSE\lab01\dataset\cat\0052.jpg,../lab01/dataset/cat/0052.jpg,cat
2026-10-05T16:11:45+03:00,https://blogger.googleusercontent.com/img/b/R29vZ2xl/AVvXsEjj02a5Ecy4IKYacIakphbGfUq6CPpGDubbOl0DYlRGMGj1cZk3aY0mCWtGt16pr86ezfLA5vM5tTghGhuispKk12-ZNmqTVKCHTHpUrQqMtwn8eexjETBBcB5Z5fxvay-UAB7jOVvQw73aigHS9iGPsOseDtUmcv0PgPx_j3oisKJb_-W-5JgaelxIUHM/s1920/cat%25206.jpg,0053.jpg,F:\NTSE\lab01\dataset\cat\0053.jpg,../lab01/dataset/cat/0053.jpg,cat
2026-10-05T16:11:46+03:00,https://thumbs.dreamstime.com/b/5-chartreux-18444366.jpg?w=768,0054.jpg,F:\NTSE\lab01\dataset\cat\0054.jpg,../lab01/dataset/cat/0054.jpg,cat
2026-10-05T16:11:48+03:00,https://aif-s3.aif.ru/images/044/937/3667b1575ce62ce25334efc820b165a2.webp,0055.jpg,F:\NTSE\lab01\dataset\cat\0055.jpg,../lab01/dataset/cat/0055.jpg,cat
2026-10-05T16:11:49+03:00,https://static.foxnews.com/foxnews.com/content/uploads/2020/03/iStock-172719304.jpg,0056.jpg,F:\NTSE\lab01\dataset\cat\0056.jpg,../lab01/dataset/cat/0056.jpg,cat
2026-10-05T16:11:51+03:00,https://www.sanimed.nl/wp-content/uploads/2021/06/shutterstock_1707355000-1920x1296.jpg,0057.jpg,F:\NTSE\lab01\dataset\cat\0057.jpg,../lab01/dataset/cat/0057.jpg,cat
2026-10-05T16:11:52+03:00,https://i.ytimg.com/vi/47w9M6hBmOk/maxresdefault.jpg,0058.jpg,F:\NTSE\lab01\dataset\cat\0058.jpg,../lab01/dataset/cat/0058.jpg,cat
2026-10-05T16:11:53+03:00,https://www.shutterstock.com/shutterstock/photos/2440010485/display_1500/stock-photo-a-fat-british-cat-sits-funny-leaning-on-the-wall-in-the-living-room-interior-and-looking-at-the-2440010485.jpg,0059.jpg,F:\NTSE\lab01\dataset\cat\0059.jpg,../lab01/dataset/cat/0059.jpg,cat
2026-10-05T16:11:55+03:00,https://i.pinimg.com/originals/2b/1a/ac/2b1aac380fe6fbec0065e8773e35ce11.png,0060.jpg,F:\NTSE\lab01\dataset\cat\0060.jpg,../lab01/dataset/cat/0060.jpg,cat
2026-10-05T16:12:22+03:00,https://cdn.profile.ru/wp-content/uploads/2022/11/Persian.jpg,0061.jpg,F:\NTSE\lab01\dataset\cat\0061.jpg,../lab01/dataset/cat/0061.jpg,cat
2026-10-05T16:12:24+03:00,https://www.shutterstock.com/shutterstock/photos/2285029783/display_1500/stock-photo-side-view-of-a-tabby-european-cat-walking-and-looking-away-isolated-on-white-2285029783.jpg,0062.jpg,F:\NTSE\lab01\dataset\cat\0062.jpg,../lab01/dataset/cat/0062.jpg,cat
2026-10-05T16:12:25+03:00,https://www.shutterstock.com/shutterstock/photos/2309730479/display_1500/stock-photo-ginger-cat-stands-on-its-hind-legs-and-reaches-up-on-a-white-isolated-background-2309730479.jpg,0063.jpg,F:\NTSE\lab01\dataset\cat\0063.jpg,../lab01/dataset/cat/0063.jpg,cat
2026-10-05T16:12:27+03:00,https://upload.wikimedia.org/wikipedia/commons/thumb/d/da/Zoo_Wuppertal_Schwarzfusskatze.jpg/960px-Zoo_Wuppertal_Schwarzfusskatze.jpg,0064.jpg,F:\NTSE\lab01\dataset\cat\0064.jpg,../lab01/dataset/cat/0064.jpg,cat
2026-10-05T16:12:29+03:00,https://ocm.auburn.edu/research-magazine/2024-fall/articles/04/preview.jpg,0065.jpg,F:\NTSE\lab01\dataset\cat\0065.jpg,../lab01/dataset/cat/0065.jpg,cat
2026-10-05T16:12:31+03:00,https://previews.123rf.com/images/vvvita/vvvita1705/vvvita170500042/78086708-cat-sitting-in-the-grass-on-the-lawn.jpg,0066.jpg,F:\NTSE\lab01\dataset\cat\0066.jpg,../lab01/dataset/cat/0066.jpg,cat
2026-10-05T16:12:32+03:00,https://www.rover.com/blog/wp-content/uploads/iStock-950707484.jpg,0067.jpg,F:\NTSE\lab01\dataset\cat\0067.jpg,../lab01/dataset/cat/0067.jpg,cat
2026-10-05T16:12:49+03:00,https://static.tildacdn.com/tild6566-3664-4363-b364-626634616235/depositphotos1089335.jpg,0068.jpg,F:\NTSE\lab01\dataset\cat\0068.jpg,../lab01/dataset/cat/0068.jpg,cat
2026-10-05T16:12:50+03:00,https://i.ytimg.com/vi/D9gQA3LYVzc/maxresdefault.jpg,0069.jpg,F:\NTSE\lab01\dataset\cat\0069.jpg,../lab01/dataset/cat/0069.jpg,cat
2026-10-05T16:12:51+03:00,https://i.ytimg.com/vi/K10mAzAZg08/maxresdefault.jpg,0070.jpg,F:\NTSE\lab01\dataset\cat\0070.jpg,../lab01/dataset/cat/0070.jpg,cat
2026-10-05T16:12:53+03:00,https://consumer-cms.petfinder.com/sites/default/files/images/content/Persian%20Cat%201.jpg,0071.jpg,F:\NTSE\lab01\dataset\cat\0071.jpg,../lab01/dataset/cat/0071.jpg,cat
2026-10-05T16:12:54+03:00,https://cdn.mos.cms.futurecdn.net/fib9hZhYWKxmi9rxEom6dK-1920-80.jpg,0072.jpg,F:\NTSE\lab01\dataset\cat\0072.jpg,../lab01/dataset/cat/0072.jpg,cat
2026-10-05T16:12:56+03:00,https://d.newsweek.com/en/full/1974765/grey-tabby-cat.webp?w=1600&h=900&q=88&f=ebcde5aa3cea8c21735b371a0a9eb269,0073.jpg,F:\NTSE\lab01\dataset\cat\0073.jpg,../lab01/dataset/cat/0073.jpg,cat
2026-10-05T16:12:57+03:00,https://thumbs.dreamstime.com/z/siamese-cat-purebred-cute-lying-studio-shot-35227772.jpg,0074.jpg,F:\NTSE\lab01\dataset\cat\0074.jpg,../lab01/dataset/cat/0074.jpg,cat
2026-10-05T16:12:59+03:00,https://static1.bigstockphoto.com/6/2/3/large1500/326365729.jpg,0075.jpg,F:\NTSE\lab01\dataset\cat\0075.jpg,../lab01/dataset/cat/0075.jpg,cat
2026-10-05T16:13:07+03:00,https://static.seekingalpha.com/cdn/s3/uploads/getty_images/107072653/image_107072653.jpg?io=getty-c-w1280,0076.jpg,F:\NTSE\lab01\dataset\cat\0076.jpg,../lab01/dataset/cat/0076.jpg,cat
2026-10-05T16:13:08+03:00,https://247wallst.com/wp-content/uploads/2020/02/imageforentry18-itm.jpg,0077.jpg,F:\NTSE\lab01\dataset\cat\0077.jpg,../lab01/dataset/cat/0077.jpg,cat
2026-10-05T16:13:10+03:00,https://lgz.ru/upload/portrait-gray-american-shorthair-cat-with-green-eyes-1.jpg,0078.jpg,F:\NTSE\lab01\dataset\cat\0078.jpg,../lab01/dataset/cat/0078.jpg,cat
2026-10-05T16:13:10+03:00,https://i.ytimg.com/vi/c14taBR04pQ/maxresdefault.jpg,0079.jpg,F:\NTSE\lab01\dataset\cat\0079.jpg,../lab01/dataset/cat/0079.jpg,cat
2026-10-05T16:13:13+03:00,https://i.pinimg.com/originals/54/d4/43/54d4435efea6326dd65e64385bc16a6f.jpg,0080.jpg,F:\NTSE\lab01\dataset\cat\0080.jpg,../lab01/dataset/cat/0080.jpg,cat
2026-10-05T16:13:14+03:00,https://thumbs.dreamstime.com/z/7-%D0%B4%D0%B5%D1%82%D0%B5%D0%BD%D1%8B%D1%88%D0%B5%D0%B9-%D0%BC%D0%B5%D1%81%D1%8F%D1%86%D0%B5%D0%B2-%D0%BA%D0%BE%D1%82%D0%B0-%D0%B1%D0%B5%D0%BD%D0%B3%D0%B0%D0%BB%D0%B8%D0%B8-%D1%81%D1%82%D0%B0%D1%80%D1%8B%D1%85-%D1%81%D1%82%D0%BE%D1%8F%D1%89%D0%B8%D1%85-15228785.jpg,0081.jpg,F:\NTSE\lab01\dataset\cat\0081.jpg,../lab01/dataset/cat/0081.jpg,cat
2026-10-05T16:13:15+03:00,https://thumbs.dreamstime.com/z/side-view-black-cat-walking-isolated-white-30338425.jpg,0082.jpg,F:\NTSE\lab01\dataset\cat\0082.jpg,../lab01/dataset/cat/0082.jpg,cat
2026-10-05T16:13:20+03:00,https://cattime.com/wp-content/uploads/sites/14/2020/01/GettyImages-586360172.jpg?resize=720,0083.jpg,F:\NTSE\lab01\dataset\cat\0083.jpg,../lab01/dataset/cat/0083.jpg,cat
2026-10-05T16:13:21+03:00,https://lapkins.ru/upload/iblock/6a1/6a1aab4553610fcd9b57d1e6f1cb52f2.jpg,0084.jpg,F:\NTSE\lab01\dataset\cat\0084.jpg,../lab01/dataset/cat/0084.jpg,cat
2026-10-05T16:13:27+03:00,https://thumbs.dreamstime.com/z/rear-view-tabby-cat-white-21843639.jpg,0085.jpg,F:\NTSE\lab01\dataset\cat\0085.jpg,../lab01/dataset/cat/0085.jpg,cat
2026-10-05T16:13:28+03:00,https://i.pinimg.com/originals/e7/34/19/e73419efd38e38243e2ec85051fa0168.jpg,0086.jpg,F:\NTSE\lab01\dataset\cat\0086.jpg,../lab01/dataset/cat/0086.jpg,cat
2026-10-05T16:13:30+03:00,https://paradepets.com/.image/NTowMDAwMDAwMDAwMzQxMTQ2/a-black-maine-coon-cat-sitting-on-a-blanket.jpg?profile=w2560&x=50&y=50,0087.jpg,F:\NTSE\lab01\dataset\cat\0087.jpg,../lab01/dataset/cat/0087.jpg,cat
2026-10-05T16:13:31+03:00,https://thumbs.dreamstime.com/z/maine-coon-cat-extremely-big-fluffy-tail-walking-towards-camera-green-grass-back-yard-maine-coon-fluffy-tail-191459788.jpg,0088.jpg,F:\NTSE\lab01\dataset\cat\0088.jpg,../lab01/dataset/cat/0088.jpg,cat
2026-10-05T16:13:33+03:00,https://images.litter-robot.com/media/blog/american-shorthair-Heikki-Siltala-3.0.png,0089.jpg,F:\NTSE\lab01\dataset\cat\0089.jpg,../lab01/dataset/cat/0089.jpg,cat
2026-10-05T16:13:38+03:00,https://thumbs.dreamstime.com/z/seated-cat-looking-camera-16586833.jpg,0090.jpg,F:\NTSE\lab01\dataset\cat\0090.jpg,../lab01/dataset/cat/0090.jpg,cat
2026-10-05T16:14:58+03:00,https://www.thepettips.com/wp-content/uploads/2020/09/How-To-Tell-A-Cats-Age.jpg,0091.jpg,F:\NTSE\lab01\dataset\cat\0091.jpg,../lab01/dataset/cat/0091.jpg,cat
2026-10-05T16:14:59+03:00,https://i.pinimg.com/originals/ee/fd/2c/eefd2c9f389aaea4e0446ffb3dda00b6.jpg,0092.jpg,F:\NTSE\lab01\dataset\cat\0092.jpg,../lab01/dataset/cat/0092.jpg,cat
2026-10-05T16:15:00+03:00,https://i.pinimg.com/originals/54/9f/2c/549f2c86f484ff5316b8ba2d2251bd41.png?nii=t,0093.jpg,F:\NTSE\lab01\dataset\cat\0093.jpg,../lab01/dataset/cat/0093.jpg,cat
2026-10-05T16:15:01+03:00,https://i.pinimg.com/originals/47/b6/b7/47b6b7d960c75298ce8f25601d380cc5.jpg,0094.jpg,F:\NTSE\lab01\dataset\cat\0094.jpg,../lab01/dataset/cat/0094.jpg,cat
2026-10-05T16:15:02+03:00,https://gorodvo.ru/wp-content/uploads/2025/09/koykeoykoe094520.jpg,0095.jpg,F:\NTSE\lab01\dataset\cat\0095.jpg,../lab01/dataset/cat/0095.jpg,cat
2026-10-05T16:15:03+03:00,https://s.puainta.com/static/uploadimages/4100600/b4fbeb89c18df4fb7efcbf7d648c4ca7.webp,0096.jpg,F:\NTSE\lab01\dataset\cat\0096.jpg,../lab01/dataset/cat/0096.jpg,cat
2026-10-05T16:15:11+03:00,https://static2.thefallonpost.org/data/articles/xga-4x3-is-this-you-fear-common-sense-and-cats-1705626155.png,0097.jpg,F:\NTSE\lab01\dataset\cat\0097.jpg,../lab01/dataset/cat/0097.jpg,cat
2026-10-05T16:15:12+03:00,https://cdn.shopify.com/s/files/1/0535/2738/0144/articles/shutterstock_1707363871.jpg?v=1668549331,0098.jpg,F:\NTSE\lab01\dataset\cat\0098.jpg,../lab01/dataset/cat/0098.jpg,cat
2026-10-05T16:15:13+03:00,https://thumbs.dreamstime.com/z/cute-black-cat-isolated-white-30060268.jpg,0099.jpg,F:\NTSE\lab01\dataset\cat\0099.jpg,../lab01/dataset/cat/0099.jpg,cat
2026-10-05T16:15:14+03:00,https://thumbs.dreamstime.com/z/serengeti-kitten-8549260.jpg,0100.jpg,F:\NTSE\lab01\dataset\cat\0100.jpg,../lab01/dataset/cat/0100.jpg,cat
2026-10-05T16:15:16+03:00,https://i.ytimg.com/vi/fCvB2D8uF_o/maxresdefault.jpg,0101.jpg,F:\NTSE\lab01\dataset\cat\0101.jpg,../lab01/dataset/cat/0101.jpg,cat
2026-10-05T16:15:17+03:00,https://cdn.mos.cms.futurecdn.net/C2sZ88EfwJPeDjiXzjE3tg-1200-80.jpg,0102.jpg,F:\NTSE\lab01\dataset\cat\0102.jpg,../lab01/dataset/cat/0102.jpg,cat
2026-10-05T16:15:18+03:00,https://i.ytimg.com/vi/dqZkJliWcFs/maxresdefault.jpg,0103.jpg,F:\NTSE\lab01\dataset\cat\0103.jpg,../lab01/dataset/cat/0103.jpg,cat
2026-10-05T16:15:19+03:00,https://resizer.mail.ru/p/aa0ac234-f8af-55e8-a241-fe43cf801b57/AQAOeBq1pr41Zh8X_NQ0aQpCNoJDZPUy3a3WcuZaoGokpXAtgry-kfiStiKzvBUTb1wWdu7Fw3IWrjn75OgCLrM1lW4.jpg,0104.jpg,F:\NTSE\lab01\dataset\cat\0104.jpg,../lab01/dataset/cat/0104.jpg,cat
2026-10-05T16:15:21+03:00,https://c8.alamy.com/comp/2K0MB5M/beautiful-young-bengal-cat-in-the-garden-2K0MB5M.jpg,0105.jpg,F:\NTSE\lab01\dataset\cat\0105.jpg,../lab01/dataset/cat/0105.jpg,cat
2026-10-05T16:15:23+03:00,https://www.scottishspca.org/wp-content/uploads/2025/07/iStock-160946498.jpg,0106.jpg,F:\NTSE\lab01\dataset\cat\0106.jpg,../lab01/dataset/cat/0106.jpg,cat
2026-10-05T16:15:25+03:00,https://images.pexels.com/photos/5584378/pexels-photo-5584378.jpeg?cs=srgb&dl=pexels-birdy-5584378.jpg&fm=jpg,0107.jpg,F:\NTSE\lab01\dataset\cat\0107.jpg,../lab01/dataset/cat/0107.jpg,cat
2026-10-05T16:15:27+03:00,https://i.dailymail.co.uk/1s/2024/06/25/17/86551959-0-image-m-10_1719332365578.jpg,0108.jpg,F:\NTSE\lab01\dataset\cat\0108.jpg,../lab01/dataset/cat/0108.jpg,cat
2026-10-05T16:16:47+03:00,https://c8.alamy.com/comp/C109F3/chartreux-kitten-5-months-old-in-front-of-white-background-C109F3.jpg,0109.jpg,F:\NTSE\lab01\dataset\cat\0109.jpg,../lab01/dataset/cat/0109.jpg,cat
2026-10-05T16:16:48+03:00,https://c8.alamy.com/comp/PNCKAH/bengal-cat-isolated-on-white-background-PNCKAH.jpg,0110.jpg,F:\NTSE\lab01\dataset\cat\0110.jpg,../lab01/dataset/cat/0110.jpg,cat
2026-10-05T16:18:08+03:00,https://www.thesprucepets.com/thmb/fMt9c_dfcVennGZ-fafrDm6JO2Y=/2121x0/filters:no_upscale():strip_icc()/GettyImages-1012874850-10aed4af5d554498acc283f55dab8742.jpg,0111.jpg,F:\NTSE\lab01\dataset\cat\0111.jpg,../lab01/dataset/cat/0111.jpg,cat
2026-10-05T16:18:09+03:00,https://petscats.ro/wp-content/uploads/2025/04/flori-pisici.jpg,0112.jpg,F:\NTSE\lab01\dataset\cat\0112.jpg,../lab01/dataset/cat/0112.jpg,cat
2026-10-05T16:18:11+03:00,https://royalcanin.by/cats/health-and-wellbeing/images/vesennaya-linka-u-koshek-cat-eating.png,0113.jpg,F:\NTSE\lab01\dataset\cat\0113.jpg,../lab01/dataset/cat/0113.jpg,cat
2026-10-05T16:18:13+03:00,https://images.pexels.com/photos/29175980/pexels-photo-29175980.jpeg?cs=srgb&dl=pexels-guvo59-29175980.jpg&fm=jpg,0114.jpg,F:\NTSE\lab01\dataset\cat\0114.jpg,../lab01/dataset/cat/0114.jpg,cat
2026-10-05T16:18:16+03:00,https://stmaaprodfwsite.blob.core.windows.net/assets/sites/1/2026/03/cat-on-farm_540023837-c-Adobe-Stock.jpg,0115.jpg,F:\NTSE\lab01\dataset\cat\0115.jpg,../lab01/dataset/cat/0115.jpg,cat
2026-10-05T16:18:17+03:00,https://i.ytimg.com/vi/deo2Y6n-ZZ8/maxresdefault.jpg,0116.jpg,F:\NTSE\lab01\dataset\cat\0116.jpg,../lab01/dataset/cat/0116.jpg,cat
2026-10-05T16:18:18+03:00,https://i.ytimg.com/vi/Fdier2UCgo0/maxresdefault.jpg,0117.jpg,F:\NTSE\lab01\dataset\cat\0117.jpg,../lab01/dataset/cat/0117.jpg,cat
2026-10-05T16:18:19+03:00,https://static1.bigstockphoto.com/3/5/2/large1500/253983343.jpg,0118.jpg,F:\NTSE\lab01\dataset\cat\0118.jpg,../lab01/dataset/cat/0118.jpg,cat
2026-10-05T16:19:40+03:00,https://thumbs.dreamstime.com/z/domestic-cat-scratching-18893618.jpg,0119.jpg,F:\NTSE\lab01\dataset\cat\0119.jpg,../lab01/dataset/cat/0119.jpg,cat
2026-10-05T16:19:41+03:00,https://i.pinimg.com/originals/a8/e7/e8/a8e7e8289a64897895b4fe79cbfd00af.jpg?nii=t,0120.jpg,F:\NTSE\lab01\dataset\cat\0120.jpg,../lab01/dataset/cat/0120.jpg,cat
2026-10-05T16:19:43+03:00,https://bayoucityvetspecialists.com/wp-content/uploads/2019/09/sandy-cat-laying-down.jpg,0121.jpg,F:\NTSE\lab01\dataset\cat\0121.jpg,../lab01/dataset/cat/0121.jpg,cat
2026-10-05T16:19:45+03:00,https://cdn.nur.kz/images/1120/40753921d1568a70.jpeg,0122.jpg,F:\NTSE\lab01\dataset\cat\0122.jpg,../lab01/dataset/cat/0122.jpg,cat
2026-10-05T16:19:53+03:00,https://www.bethowen.ru/upload/iblock/20b/20b08f1ff78e3588fafc182f468fb6ef.jpg,0123.jpg,F:\NTSE\lab01\dataset\cat\0123.jpg,../lab01/dataset/cat/0123.jpg,cat
2026-10-05T16:19:54+03:00,https://www.zooplus.ie/magazine/wp-content/uploads/2018/05/bengalkatze.webp,0124.jpg,F:\NTSE\lab01\dataset\cat\0124.jpg,../lab01/dataset/cat/0124.jpg,cat
2026-10-05T16:19:55+03:00,https://thumbs.dreamstime.com/z/standing-brown-bengal-cat-side-view-isolated-white-standing-brown-bengal-cat-side-view-isolated-white-253508142.jpg,0125.jpg,F:\NTSE\lab01\dataset\cat\0125.jpg,../lab01/dataset/cat/0125.jpg,cat
2026-10-05T16:19:58+03:00,https://image.petmd.com/files/inline-images/white-cat-breeds-siberian.jpg,0126.jpg,F:\NTSE\lab01\dataset\cat\0126.jpg,../lab01/dataset/cat/0126.jpg,cat
2026-10-05T16:20:00+03:00,https://www.shutterstock.com/shutterstock/photos/1359692828/display_1500/stock-photo-cute-funny-kitten-running-around-on-white-background-1359692828.jpg,0127.jpg,F:\NTSE\lab01\dataset\cat\0127.jpg,../lab01/dataset/cat/0127.jpg,cat
2026-10-05T16:20:01+03:00,https://s0.rbk.ru/v6_top_pics/media/img/0/83/347250061192830.webp,0128.jpg,F:\NTSE\lab01\dataset\cat\0128.jpg,../lab01/dataset/cat/0128.jpg,cat
2026-10-05T16:20:02+03:00,https://i.ytimg.com/vi/y-JOnWIc66Y/maxresdefault.jpg,0129.jpg,F:\NTSE\lab01\dataset\cat\0129.jpg,../lab01/dataset/cat/0129.jpg,cat
2026-10-05T16:20:04+03:00,https://images.pexels.com/photos/104827/cat-pet-animal-domestic-104827.jpeg?auto=compress&w=1260&h=750&dpr=1,0130.jpg,F:\NTSE\lab01\dataset\cat\0130.jpg,../lab01/dataset/cat/0130.jpg,cat
2026-10-05T16:20:05+03:00,https://habrastorage.org/r/w1560/getpro/habr/upload_files/126/2f3/4d1/1262f34d13678ad861105c79871016c1.jpg,0131.jpg,F:\NTSE\lab01\dataset\cat\0131.jpg,../lab01/dataset/cat/0131.jpg,cat
2026-10-05T16:20:06+03:00,https://cdn.mos.cms.futurecdn.net/Y5nfMCRKG2X4G6Lc5YNuxe.jpg,0132.jpg,F:\NTSE\lab01\dataset\cat\0132.jpg,../lab01/dataset/cat/0132.jpg,cat
2026-10-05T16:20:08+03:00,https://thumbs.dreamstime.com/z/%D0%BA%D0%BE%D1%82-%D0%B1%D0%B5%D0%BD%D0%B3%D0%B0%D0%BB%D0%B8%D0%B8-6590252.jpg,0133.jpg,F:\NTSE\lab01\dataset\cat\0133.jpg,../lab01/dataset/cat/0133.jpg,cat
2026-10-05T16:20:09+03:00,https://static.vecteezy.com/system/resources/previews/046/353/613/non_2x/cat-isolated-on-transparent-background-free-png.png,0134.jpg,F:\NTSE\lab01\dataset\cat\0134.jpg,../lab01/dataset/cat/0134.jpg,cat
2026-10-05T16:20:10+03:00,https://as2.ftcdn.net/jpg/01/83/78/81/1000_F_183788105_9n0jgfenm7TH6WkOdFHOO7Q1oaeRNERN.jpg,0135.jpg,F:\NTSE\lab01\dataset\cat\0135.jpg,../lab01/dataset/cat/0135.jpg,cat
2026-10-05T16:20:11+03:00,https://img.goodfon.ru/wallpaper/nbig/0/d9/koshka-morda-britanskii-seryi-fon-fotosessiia-kot-lezhit-poz.webp,0136.jpg,F:\NTSE\lab01\dataset\cat\0136.jpg,../lab01/dataset/cat/0136.jpg,cat
2026-10-05T16:20:14+03:00,https://img-s-msn-com.akamaized.net/tenant/amp/entityid/AA1Sesvv.img?w=1920&h=1080&m=4&q=94,0137.jpg,F:\NTSE\lab01\dataset\cat\0137.jpg,../lab01/dataset/cat/0137.jpg,cat
2026-10-05T16:20:15+03:00,https://i.pinimg.com/originals/11/6d/89/116d89cd1660f7aab272105aab00420e.jpg,0138.jpg,F:\NTSE\lab01\dataset\cat\0138.jpg,../lab01/dataset/cat/0138.jpg,cat
2026-10-05T16:20:16+03:00,https://i.ytimg.com/vi/919XS7q0EeA/maxresdefault.jpg,0139.jpg,F:\NTSE\lab01\dataset\cat\0139.jpg,../lab01/dataset/cat/0139.jpg,cat
2026-10-05T16:20:17+03:00,https://cdn.mos.cms.futurecdn.net/yuSuNbPU4zHEz3Wqo87uV.jpg,0140.jpg,F:\NTSE\lab01\dataset\cat\0140.jpg,../lab01/dataset/cat/0140.jpg,cat
2026-10-05T16:20:18+03:00,https://images.mktw.net/im-505992?width=1260&height=837,0141.jpg,F:\NTSE\lab01\dataset\cat\0141.jpg,../lab01/dataset/cat/0141.jpg,cat
2026-10-05T16:20:24+03:00,https://webfactory.cdn.cevaws.com/var/site/storage/images/_aliases/width600px_2x/9/8/9/5/25989-1-www-WW/70-40-cat.jpg,0142.jpg,F:\NTSE\lab01\dataset\cat\0142.jpg,../lab01/dataset/cat/0142.jpg,cat
2026-10-05T16:20:26+03:00,https://i2-prod.getsurrey.co.uk/article30879843.ece/ALTERNATES/s1200e/0_Bengal-cat-resting-on-the-floor-in-the-living-room.jpg,0143.jpg,F:\NTSE\lab01\dataset\cat\0143.jpg,../lab01/dataset/cat/0143.jpg,cat
2026-10-05T16:20:27+03:00,https://yt3.googleusercontent.com/-IQhDb3GYQ7H7gxvyr4BG5Gsq3eWTNEwkuge2zl476XjGjZT-3O5VrPo2IvIq_NBdibzuo3l=s900-c-k-c0x00ffffff-no-rj,0144.jpg,F:\NTSE\lab01\dataset\cat\0144.jpg,../lab01/dataset/cat/0144.jpg,cat
2026-10-05T16:20:28+03:00,https://i.ytimg.com/vi/Mlio-PKyQz8/maxresdefault.jpg,0145.jpg,F:\NTSE\lab01\dataset\cat\0145.jpg,../lab01/dataset/cat/0145.jpg,cat
2026-10-05T16:20:29+03:00,https://i.ytimg.com/vi/J0cIYXNjmag/maxresdefault.jpg,0146.jpg,F:\NTSE\lab01\dataset\cat\0146.jpg,../lab01/dataset/cat/0146.jpg,cat
2026-10-05T16:20:31+03:00,https://veterinaigle.ch/wp-content/uploads/sites/170/2026/04/Lasthme-du-chat-scaled.png,0147.jpg,F:\NTSE\lab01\dataset\cat\0147.jpg,../lab01/dataset/cat/0147.jpg,cat
2026-10-05T16:20:32+03:00,https://thumbs.dreamstime.com/z/grey-orange-white-sitting-cat-female-seen-front-facing-camera-isolated-background-86456164.jpg,0148.jpg,F:\NTSE\lab01\dataset\cat\0148.jpg,../lab01/dataset/cat/0148.jpg,cat
2026-10-05T16:20:33+03:00,https://www.rover.com/blog/wp-content/uploads/cat-yawning-min.jpg,0149.jpg,F:\NTSE\lab01\dataset\cat\0149.jpg,../lab01/dataset/cat/0149.jpg,cat
2026-10-05T16:20:35+03:00,https://pet-health-content-media.chewy.com/wp-content/uploads/2025/04/16180117/202504bec-never-leave-cat-home-alone.jpg,0150.jpg,F:\NTSE\lab01\dataset\cat\0150.jpg,../lab01/dataset/cat/0150.jpg,cat
2026-10-05T16:20:39+03:00,https://img.freepik.com/premium-photo/cute-tabby-cat-holding-with-blank-white-board-pastel-background-ai-generative_955712-5152.jpg?w=2000,0151.jpg,F:\NTSE\lab01\dataset\cat\0151.jpg,../lab01/dataset/cat/0151.jpg,cat
2026-10-05T16:20:40+03:00,https://s.yimg.com/lo/mysterio/api/aa92e41ba8526d0280804a6f28ed11ffebd17fa0d8f1b57e4a1ef4a2cfb8ea6c/lightyear_networkapi/resizefill_w1200%3Bquality_80%3Bformat_jpg/https%3A%2F%2Fmedia.zenfs.com%2Fen%2Fa_z_animals_articles_598%2F4d731607897bf7e796b2f6c6e4abef8a,0152.jpg,F:\NTSE\lab01\dataset\cat\0152.jpg,../lab01/dataset/cat/0152.jpg,cat
2026-10-05T16:20:41+03:00,https://i.pinimg.com/originals/03/47/ed/0347edaadc89a4afed73e20c30fdc028.jpg?nii=t,0153.jpg,F:\NTSE\lab01\dataset\cat\0153.jpg,../lab01/dataset/cat/0153.jpg,cat
2026-10-05T16:20:43+03:00,https://www.shutterstock.com/shutterstock/photos/28462357/display_1500/stock-photo-domestic-cat-isolated-on-a-white-background-28462357.jpg,0154.jpg,F:\NTSE\lab01\dataset\cat\0154.jpg,../lab01/dataset/cat/0154.jpg,cat
2026-10-05T16:20:44+03:00,https://i2-prod.mirror.co.uk/article37041802.ece/ALTERNATES/s1200f/0_Cat-sleeping-on-ground.jpg,0155.jpg,F:\NTSE\lab01\dataset\cat\0155.jpg,../lab01/dataset/cat/0155.jpg,cat
2026-10-05T16:20:45+03:00,https://www.rover.com/blog/wp-content/uploads/cat-sitting-looking-up-meow-1200x675.jpg,0156.jpg,F:\NTSE\lab01\dataset\cat\0156.jpg,../lab01/dataset/cat/0156.jpg,cat
2026-10-05T16:20:46+03:00,https://i.ytimg.com/vi/CCo68GNnAbI/maxresdefault.jpg?sqp=-oaymwEmCIAKENAF8quKqQMa8AEB-AH-CYAC0AWKAgwIABABGGUgXihMMA8=&rs=AOn4CLDq_99vEkPAt7lptFFCNhA0KyI5vA,0157.jpg,F:\NTSE\lab01\dataset\cat\0157.jpg,../lab01/dataset/cat/0157.jpg,cat
2026-10-05T16:21:14+03:00,https://static.tildacdn.com/tild6662-6336-4532-b432-383264386637/clipboard-image-1783.png,0158.jpg,F:\NTSE\lab01\dataset\cat\0158.jpg,../lab01/dataset/cat/0158.jpg,cat
2026-10-05T16:21:15+03:00,https://thumbs.dreamstime.com/z/side-view-curious-grey-cat-walking-white-background-looking-up-side-view-curious-grey-cat-walking-looking-up-126387386.jpg,0159.jpg,F:\NTSE\lab01\dataset\cat\0159.jpg,../lab01/dataset/cat/0159.jpg,cat
2026-10-05T16:21:25+03:00,https://thumbs.dreamstime.com/z/portrait-cute-funny-cat-scottish-straight-isolated-white-background-58388340.jpg,0160.jpg,F:\NTSE\lab01\dataset\cat\0160.jpg,../lab01/dataset/cat/0160.jpg,cat
2026-10-05T16:21:26+03:00,https://i.ytimg.com/vi/iz3KBvucgUo/maxresdefault.jpg,0161.jpg,F:\NTSE\lab01\dataset\cat\0161.jpg,../lab01/dataset/cat/0161.jpg,cat
2026-10-05T16:21:27+03:00,https://i.pinimg.com/originals/58/94/9b/58949b8009a468e5226f272b439c7513.jpg,0162.jpg,F:\NTSE\lab01\dataset\cat\0162.jpg,../lab01/dataset/cat/0162.jpg,cat
2026-10-05T16:21:27+03:00,https://i.ytimg.com/vi/a1igeiuBm6E/maxresdefault.jpg,0163.jpg,F:\NTSE\lab01\dataset\cat\0163.jpg,../lab01/dataset/cat/0163.jpg,cat
2026-10-05T16:21:29+03:00,https://www.shutterstock.com/shutterstock/photos/611119046/display_1500/stock-photo-funny-cat-scottish-straight-plays-standing-isolated-on-a-white-background-611119046.jpg,0164.jpg,F:\NTSE\lab01\dataset\cat\0164.jpg,../lab01/dataset/cat/0164.jpg,cat
2026-10-05T16:21:30+03:00,https://www.mainecooncentral.com/wp-content/uploads/15-Ways-To-Calm-Down-A-Hyper-Cat-1200cp.jpeg,0165.jpg,F:\NTSE\lab01\dataset\cat\0165.jpg,../lab01/dataset/cat/0165.jpg,cat
2026-10-05T16:21:32+03:00,https://www.shutterstock.com/shutterstock/photos/2243375641/display_1500/stock-photo-curious-cat-sitting-while-looking-at-camera-relaxed-cute-fluffy-kitty-with-beautiful-asymmetric-2243375641.jpg,0166.jpg,F:\NTSE\lab01\dataset\cat\0166.jpg,../lab01/dataset/cat/0166.jpg,cat
2026-10-05T16:21:33+03:00,https://i.ytimg.com/vi/dsXIvEN7UZ0/maxresdefault.jpg,0167.jpg,F:\NTSE\lab01\dataset\cat\0167.jpg,../lab01/dataset/cat/0167.jpg,cat
2026-10-05T16:21:35+03:00,https://pet-health-content-media.chewy.com/wp-content/uploads/2025/04/16163609/202503bec-cats-the-dont-shed.jpg,0168.jpg,F:\NTSE\lab01\dataset\cat\0168.jpg,../lab01/dataset/cat/0168.jpg,cat
2026-10-05T16:21:36+03:00,https://png.pngtree.com/png-clipart/20240627/original/pngtree-there-is-a-drawing-of-cat-sitting-on-white-surface-png-image_15424288.png,0169.jpg,F:\NTSE\lab01\dataset\cat\0169.jpg,../lab01/dataset/cat/0169.jpg,cat
2026-10-05T16:21:37+03:00,https://static.vecteezy.com/system/resources/thumbnails/042/238/559/small_2x/ai-generated-cute-little-red-kittengraphy-catgraphy-free-photo.jpg,0170.jpg,F:\NTSE\lab01\dataset\cat\0170.jpg,../lab01/dataset/cat/0170.jpg,cat
2026-10-05T16:21:39+03:00,https://static.uznay.ru/articles/096002f7-38c7-4f76-82d4-a73aa33da77b.jpg,0171.jpg,F:\NTSE\lab01\dataset\cat\0171.jpg,../lab01/dataset/cat/0171.jpg,cat
2026-10-05T16:21:40+03:00,https://as2.ftcdn.net/jpg/09/22/07/63/1000_F_922076336_Gcp7rsFUkBXKbNIesJuil22bnoCAZVnb.jpg,0172.jpg,F:\NTSE\lab01\dataset\cat\0172.jpg,../lab01/dataset/cat/0172.jpg,cat
2026-10-05T16:21:48+03:00,https://www.purina.es/sites/default/files/2025-12/foto-listado-razas.jpeg,0173.jpg,F:\NTSE\lab01\dataset\cat\0173.jpg,../lab01/dataset/cat/0173.jpg,cat
2026-10-05T16:21:50+03:00,https://www.catster.com/wp-content/uploads/2023/11/skinny-cat_Poto69_Shutterstock.jpg,0174.jpg,F:\NTSE\lab01\dataset\cat\0174.jpg,../lab01/dataset/cat/0174.jpg,cat
2026-10-05T16:21:50+03:00,https://i.ytimg.com/vi/S-p-Hqfab9Y/maxresdefault.jpg,0175.jpg,F:\NTSE\lab01\dataset\cat\0175.jpg,../lab01/dataset/cat/0175.jpg,cat
2026-10-05T16:21:52+03:00,https://www.catbounty.com/wp-content/uploads/2023/12/cat-chirp.jpg,0176.jpg,F:\NTSE\lab01\dataset\cat\0176.jpg,../lab01/dataset/cat/0176.jpg,cat
2026-10-05T16:21:55+03:00,https://meowfia.us/cdn/shop/articles/AdobeStock_159885064.jpg?v=1694777428,0177.jpg,F:\NTSE\lab01\dataset\cat\0177.jpg,../lab01/dataset/cat/0177.jpg,cat
2026-10-05T16:21:56+03:00,https://i.pinimg.com/originals/f8/22/6a/f8226aa31c9c7adb15bb0828667fc9d1.jpg,0178.jpg,F:\NTSE\lab01\dataset\cat\0178.jpg,../lab01/dataset/cat/0178.jpg,cat
2026-10-05T16:21:58+03:00,https://static1.bigstockphoto.com/8/5/2/large1500/258887806.jpg,0179.jpg,F:\NTSE\lab01\dataset\cat\0179.jpg,../lab01/dataset/cat/0179.jpg,cat
2026-10-05T16:21:59+03:00,https://i.ytimg.com/vi/F93mbk8GKJM/maxresdefault.jpg?sqp=-oaymwEmCIAKENAF8quKqQMa8AEB-AH-CYAC0AWKAgwIABABGGUgUShLMA8=&rs=AOn4CLAFmeKsm5gQ7yO_t9CFfOsd4U1VjQ,0180.jpg,F:\NTSE\lab01\dataset\cat\0180.jpg,../lab01/dataset/cat/0180.jpg,cat
2026-10-05T16:22:04+03:00,https://cdn.profile.ru/wp-content/uploads/2022/01/Korotkosherstyj-ekzot.jpg,0181.jpg,F:\NTSE\lab01\dataset\cat\0181.jpg,../lab01/dataset/cat/0181.jpg,cat
2026-10-05T16:22:06+03:00,https://tint.creativemarket.com/EN4bPT2LB2m-tzn2Y9gBshdcDXBvKrVxVs-L3M37iO8/width:1820/height:2446/gravity:ce/rt:fill-down/el:1/czM6Ly9maWxlcy5jcmVhdGl2ZW1hcmtldC5jb20vaW1hZ2VzL3NjcmVlbnNob3RzL3Byb2R1Y3RzLzU5OS81OTkyLzU5OTIxNDEvamI5M3V4aWMzbmFsNzVjeXVybmhidmlycG5sNjlqajV3cDRwamo3ZmxpZGN2ZHltMW5oanczcnNmN2licmR1ei1vLmpwZw?1709956150,0182.jpg,F:\NTSE\lab01\dataset\cat\0182.jpg,../lab01/dataset/cat/0182.jpg,cat
2026-10-05T16:22:07+03:00,https://cdn.mos.cms.futurecdn.net/t9tL59FdmcUdfbHeTjGeP4-1280-80.jpg,0183.jpg,F:\NTSE\lab01\dataset\cat\0183.jpg,../lab01/dataset/cat/0183.jpg,cat
2026-10-05T16:22:09+03:00,https://www.shutterstock.com/shutterstock/photos/173013872/display_1500/stock-photo-grey-tabby-cat-isolated-on-white-173013872.jpg,0184.jpg,F:\NTSE\lab01\dataset\cat\0184.jpg,../lab01/dataset/cat/0184.jpg,cat
2026-10-05T16:22:11+03:00,https://images.rawpixel.com/image_png_social_square/czNmcy1wcml2YXRlL3Jhd3BpeGVsX2ltYWdlcy93ZWJzaXRlX2NvbnRlbnQvcHUyMzMyMTEyLWltYWdlLWpvYjcwNl8yLnBuZw.png,0185.jpg,F:\NTSE\lab01\dataset\cat\0185.jpg,../lab01/dataset/cat/0185.jpg,cat
2026-10-05T16:22:12+03:00,https://i.pinimg.com/originals/57/0a/f1/570af119f43ecdf07f6a167249594869.jpg,0186.jpg,F:\NTSE\lab01\dataset\cat\0186.jpg,../lab01/dataset/cat/0186.jpg,cat
2026-10-05T16:22:15+03:00,https://i2.wp.com/litter-boxes.com/wp-content/uploads/2020/03/litter-box-kitten.png,0187.jpg,F:\NTSE\lab01\dataset\cat\0187.jpg,../lab01/dataset/cat/0187.jpg,cat
2026-10-05T16:22:17+03:00,https://consumer-cms.petfinder.com/sites/default/files/images/content/Calico%20Cat%202.jpg,0188.jpg,F:\NTSE\lab01\dataset\cat\0188.jpg,../lab01/dataset/cat/0188.jpg,cat
2026-10-05T16:22:18+03:00,"https://images.bild.de/69aadc1cb9534a9bd25d85b4/9a767d3aa5e4daee0491c5d78c4d32f1-landscape,4d3e1657?w=1280",0189.jpg,F:\NTSE\lab01\dataset\cat\0189.jpg,../lab01/dataset/cat/0189.jpg,cat
2026-10-05T16:22:26+03:00,https://www.wedgewood.com/_next/image/?url=https%3A%2F%2Fcdn.bfldr.com%2FW2UEDDT4%2Fat%2F7wc9h8tnwgm6zxt84s3mnsz%2Fcat_tail_language.jpeg%3Fauto%3Dwebp%26format%3Dpng&w=3840&q=75,0190.jpg,F:\NTSE\lab01\dataset\cat\0190.jpg,../lab01/dataset/cat/0190.jpg,cat
2026-10-05T16:22:27+03:00,https://thumbs.dreamstime.com/z/%D0%BA%D0%BE%D1%82-%D0%B1%D0%B5%D0%BD%D0%B3%D0%B0-%D0%B8%D0%B8-%D1%81%D0%B8-%D1%8F-%D0%B8-%D1%81%D0%BC%D0%BE%D1%82%D1%80%D1%8F-%D0%B2%D0%B2%D0%B5%D1%80%D1%85-%D0%BD%D0%B0-%D0%B1%D0%B5-%D0%B8%D0%B7%D0%BD%D0%B5-51019636.jpg,0191.jpg,F:\NTSE\lab01\dataset\cat\0191.jpg,../lab01/dataset/cat/0191.jpg,cat
2026-10-05T16:23:47+03:00,https://thumbs.dreamstime.com/z/white-cat-green-eyes-portrait-breed-turkish-angora-close-up-photo-210021750.jpg,0192.jpg,F:\NTSE\lab01\dataset\cat\0192.jpg,../lab01/dataset/cat/0192.jpg,cat
2026-10-05T16:23:51+03:00,https://s0.rbk.ru/v6_top_pics/media/img/0/82/347138560097820.webp,0193.jpg,F:\NTSE\lab01\dataset\cat\0193.jpg,../lab01/dataset/cat/0193.jpg,cat
2026-10-05T16:23:53+03:00,https://static.vecteezy.com/system/resources/previews/045/911/254/non_2x/a-cat-is-sleeping-stock-png.png,0194.jpg,F:\NTSE\lab01\dataset\cat\0194.jpg,../lab01/dataset/cat/0194.jpg,cat
2026-10-05T16:23:54+03:00,https://i.ytimg.com/vi/ZB4GoqnRR6I/maxresdefault.jpg,0195.jpg,F:\NTSE\lab01\dataset\cat\0195.jpg,../lab01/dataset/cat/0195.jpg,cat
2026-10-05T16:23:56+03:00,https://images.pexels.com/photos/21937877/pexels-photo-21937877.jpeg?cs=srgb&dl=pexels-oday-774936370-21937877.jpg&fm=jpg,0196.jpg,F:\NTSE\lab01\dataset\cat\0196.jpg,../lab01/dataset/cat/0196.jpg,cat
2026-10-05T16:23:57+03:00,https://i.ytimg.com/vi/4JfY7Ker2uM/maxresdefault.jpg,0197.jpg,F:\NTSE\lab01\dataset\cat\0197.jpg,../lab01/dataset/cat/0197.jpg,cat
2026-10-05T16:23:59+03:00,https://i.pinimg.com/originals/de/6e/aa/de6eaa5785608a031da625b52689ea84.jpg,0198.jpg,F:\NTSE\lab01\dataset\cat\0198.jpg,../lab01/dataset/cat/0198.jpg,cat
2026-10-05T16:24:00+03:00,https://www.shutterstock.com/shutterstock/photos/2138131639/display_1500/stock-photo-fluffy-cat-looking-to-the-side-on-light-blue-background-cute-long-hair-female-calico-or-torbie-cat-2138131639.jpg,0199.jpg,F:\NTSE\lab01\dataset\cat\0199.jpg,../lab01/dataset/cat/0199.jpg,cat
2026-10-05T16:24:01+03:00,https://i.pinimg.com/originals/cd/3b/52/cd3b52d45e8530b6a6a11439c79bc9e0.jpg?nii=t,0200.jpg,F:\NTSE\lab01\dataset\cat\0200.jpg,../lab01/dataset/cat/0200.jpg,cat
2026-10-05T16:24:03+03:00,https://walnutstreetah.com/wp-content/uploads/2025/11/AdobeStock_258146670-scaled-e1764088316856.jpeg,0201.jpg,F:\NTSE\lab01\dataset\cat\0201.jpg,../lab01/dataset/cat/0201.jpg,cat
2026-10-05T16:24:04+03:00,https://cdn.mos.cms.futurecdn.net/FBqFczSrSRDa2VWj4PZkhi.jpg,0202.jpg,F:\NTSE\lab01\dataset\cat\0202.jpg,../lab01/dataset/cat/0202.jpg,cat
2026-10-05T16:24:05+03:00,https://c8.alamy.com/comp/D5R87Y/cat-on-white-D5R87Y.jpg,0203.jpg,F:\NTSE\lab01\dataset\cat\0203.jpg,../lab01/dataset/cat/0203.jpg,cat
2026-10-05T16:24:08+03:00,https://avriorx.com/wp-content/uploads/2024/09/AdobeStock_295949529-2048x1365.jpeg,0204.jpg,F:\NTSE\lab01\dataset\cat\0204.jpg,../lab01/dataset/cat/0204.jpg,cat
2026-10-05T16:24:09+03:00,https://images.ctfassets.net/rt5zmd3ipxai/a5hdAZIriGOlNd1UAd55E/a49e48c5cdcd49b9973af4bc6036dc97/AdobeStock_208453363.jpg,0205.jpg,F:\NTSE\lab01\dataset\cat\0205.jpg,../lab01/dataset/cat/0205.jpg,cat
2026-10-05T16:24:10+03:00,https://i.pinimg.com/originals/0c/02/f6/0c02f6fe6c146212379594aa35969786.jpg,0206.jpg,F:\NTSE\lab01\dataset\cat\0206.jpg,../lab01/dataset/cat/0206.jpg,cat
2026-10-05T16:24:11+03:00,https://i.pinimg.com/originals/12/45/f7/1245f7c3b7ad118c399f7beac646e5e2.jpg?nii=t,0207.jpg,F:\NTSE\lab01\dataset\cat\0207.jpg,../lab01/dataset/cat/0207.jpg,cat
2026-10-05T16:24:11+03:00,https://i.ytimg.com/vi/WJKHBBeE2hk/maxresdefault.jpg,0208.jpg,F:\NTSE\lab01\dataset\cat\0208.jpg,../lab01/dataset/cat/0208.jpg,cat
2026-10-05T16:24:13+03:00,https://s.yimg.com/lo/mysterio/api/fcee95be599ecc0a50539d36e394f1d5ba54ad17379fe1739a781c3230601747/lightyear_networkapi/resizefill_w1200%3Bquality_80%3Bformat_jpg/https%3A%2F%2Fmedia.zenfs.com%2Fen%2Fparade_pets_articles_328%2F6637a1469bdc448ee5e1745cc1f88225.jpg,0209.jpg,F:\NTSE\lab01\dataset\cat\0209.jpg,../lab01/dataset/cat/0209.jpg,cat
2026-10-05T16:24:18+03:00,https://as1.ftcdn.net/jpg/00/06/56/76/1000_F_6567605_Bd2dwUjniQD0x7rnzGqAu00GbHCgIyJK.jpg,0210.jpg,F:\NTSE\lab01\dataset\cat\0210.jpg,../lab01/dataset/cat/0210.jpg,cat
2026-10-05T16:24:19+03:00,https://cdn0.animalwised.com/en/posts/7/5/0/8_siamese_4057_7_orig.jpg,0211.jpg,F:\NTSE\lab01\dataset\cat\0211.jpg,../lab01/dataset/cat/0211.jpg,cat
2026-10-05T16:24:20+03:00,https://png.pngtree.com/background/20230628/original/pngtree-angry-cat-furious-mouth-eyes-photo-picture-image_4086030.jpg,0212.jpg,F:\NTSE\lab01\dataset\cat\0212.jpg,../lab01/dataset/cat/0212.jpg,cat
2026-10-05T16:24:21+03:00,https://cdn.mos.cms.futurecdn.net/eGqiptwCBFMHdDd266sURn.jpg,0213.jpg,F:\NTSE\lab01\dataset\cat\0213.jpg,../lab01/dataset/cat/0213.jpg,cat
2026-10-05T16:24:23+03:00,https://www.hola.com/us/horizon/original_aspect_ratio/2632ff25f48c-american-shorthair-cat-on-colored-backgrounds.jpg,0214.jpg,F:\NTSE\lab01\dataset\cat\0214.jpg,../lab01/dataset/cat/0214.jpg,cat
2026-10-05T16:24:24+03:00,https://s0.rbk.ru/v6_top_pics/media/img/4/68/756723939935684.jpg,0215.jpg,F:\NTSE\lab01\dataset\cat\0215.jpg,../lab01/dataset/cat/0215.jpg,cat
2026-10-05T16:24:26+03:00,https://www.catster.com/wp-content/uploads/2023/11/striped-ginger-cat-walks-past-the-camera-on-a-white-floor-in-studio_tanya.asfir_Shutterstock.jpg,0216.jpg,F:\NTSE\lab01\dataset\cat\0216.jpg,../lab01/dataset/cat/0216.jpg,cat
2026-10-05T16:24:54+03:00,https://i.pinimg.com/736x/a4/20/b2/a420b2f45a14e06f5ad3a97fb754e95d.jpg,0217.jpg,F:\NTSE\lab01\dataset\cat\0217.jpg,../lab01/dataset/cat/0217.jpg,cat
2026-10-05T16:24:55+03:00,https://pet-health-content-media.chewy.com/wp-content/uploads/2025/08/22025033/norwegian-forest-cat.jpg,0218.jpg,F:\NTSE\lab01\dataset\cat\0218.jpg,../lab01/dataset/cat/0218.jpg,cat
2026-10-05T16:24:56+03:00,https://cdn.mos.cms.futurecdn.net/ngqwenxowx5r9aSTwR3Ms7.jpg,0219.jpg,F:\NTSE\lab01\dataset\cat\0219.jpg,../lab01/dataset/cat/0219.jpg,cat
2026-10-05T16:24:58+03:00,https://static.life.ru/ip/unsafe/rs:fit:1200:/q:98/sh:0.5/czM6Ly9saWZlLXN0YXRpYy9wdWJsaWNhdGlvbnMvMjAyNC85LzYvMTEyMTYzMzI2Njg1OC45NjQ4LndlYnA=.webp,0220.jpg,F:\NTSE\lab01\dataset\cat\0220.jpg,../lab01/dataset/cat/0220.jpg,cat
2026-10-05T16:24:59+03:00,https://i.ytimg.com/vi/h43fnpR4lic/maxresdefault.jpg,0221.jpg,F:\NTSE\lab01\dataset\cat\0221.jpg,../lab01/dataset/cat/0221.jpg,cat
2026-10-05T16:25:01+03:00,https://img.aydinlik.com.tr/rcman/Cw1280h720q95gc/storage/files/images/2023/03/18/en-guzel-kedi-irklari-en-cok-tercih-edilen-ev-kedileri-hangileri-XIt5.jpg,0222.jpg,F:\NTSE\lab01\dataset\cat\0222.jpg,../lab01/dataset/cat/0222.jpg,cat
2026-10-05T16:25:02+03:00,https://i.pinimg.com/736x/ba/2a/b4/ba2ab4afe8c4e9a61f09383a06264668.jpg,0223.jpg,F:\NTSE\lab01\dataset\cat\0223.jpg,../lab01/dataset/cat/0223.jpg,cat
2026-10-05T16:25:03+03:00,https://i2.wp.com/www.purina.co.uk/sites/default/files/2023-03/Cat%20sitting%20in%20window.jpg,0224.jpg,F:\NTSE\lab01\dataset\cat\0224.jpg,../lab01/dataset/cat/0224.jpg,cat
2026-10-05T16:25:11+03:00,https://www.shutterstock.com/shutterstock/photos/1788785813/display_1500/stock-photo-playful-cat-lying-tabby-and-funny-isolated-on-white-background-1788785813.jpg,0225.jpg,F:\NTSE\lab01\dataset\cat\0225.jpg,../lab01/dataset/cat/0225.jpg,cat
2026-10-05T16:25:12+03:00,https://www.rover.com/blog/wp-content/uploads/cat-yelling-1200x675.jpg,0226.jpg,F:\NTSE\lab01\dataset\cat\0226.jpg,../lab01/dataset/cat/0226.jpg,cat
2026-10-05T16:25:13+03:00,https://i.ytimg.com/vi/s-LJfImUrts/maxresdefault.jpg,0227.jpg,F:\NTSE\lab01\dataset\cat\0227.jpg,../lab01/dataset/cat/0227.jpg,cat
2026-10-05T16:25:15+03:00,https://www.acomaanimalclinictucson.org/wp-content/uploads/2020/07/Acoma-1-scaled.jpeg,0228.jpg,F:\NTSE\lab01\dataset\cat\0228.jpg,../lab01/dataset/cat/0228.jpg,cat
2026-10-05T16:25:15+03:00,https://i.ytimg.com/vi/NqgvC3DUgs4/maxresdefault.jpg,0229.jpg,F:\NTSE\lab01\dataset\cat\0229.jpg,../lab01/dataset/cat/0229.jpg,cat
2026-10-05T16:25:17+03:00,https://thumbs.dreamstime.com/z/munchkin-cat-beautiful-studio-white-background-37260089.jpg,0230.jpg,F:\NTSE\lab01\dataset\cat\0230.jpg,../lab01/dataset/cat/0230.jpg,cat
2026-10-05T16:25:19+03:00,https://pet-health-content-media.chewy.com/wp-content/uploads/2025/04/16210330/202504202404beautiful-cats-exotic-cat-breed.jpg,0231.jpg,F:\NTSE\lab01\dataset\cat\0231.jpg,../lab01/dataset/cat/0231.jpg,cat
2026-10-05T16:25:21+03:00,https://media.gettyimages.com/id/AA027432/photo/maine-coon-cat.jpg?s=1024x1024&w=gi&k=20&c=mBLIX1pVZt8guya7AmqkUFbzYRQFt8ddPCQzWMDo0Lc=,0232.jpg,F:\NTSE\lab01\dataset\cat\0232.jpg,../lab01/dataset/cat/0232.jpg,cat
2026-10-05T16:25:22+03:00,https://as2.ftcdn.net/jpg/00/48/20/81/1000_F_48208190_WLtfdV8U3DNWwndA9sp125wQk7ShXtmu.jpg,0233.jpg,F:\NTSE\lab01\dataset\cat\0233.jpg,../lab01/dataset/cat/0233.jpg,cat
2026-10-05T16:25:24+03:00,https://rainierfabrics.com/cdn/shop/products/catsAdobeStock_140670770_3940x.jpg?v=1700963234,0234.jpg,F:\NTSE\lab01\dataset\cat\0234.jpg,../lab01/dataset/cat/0234.jpg,cat
2026-10-05T16:25:27+03:00,https://i.pinimg.com/originals/2f/18/b9/2f18b9567fe6ac3800d0a23d59f0afdb.jpg,0235.jpg,F:\NTSE\lab01\dataset\cat\0235.jpg,../lab01/dataset/cat/0235.jpg,cat
2026-10-05T16:25:29+03:00,https://yac-wh-sb-prod-s3-media-07001.storage.yandexcloud.net/media/images/Shutterstock_1482869660.max-2880x1820.format-jpeg.jpg,0236.jpg,F:\NTSE\lab01\dataset\cat\0236.jpg,../lab01/dataset/cat/0236.jpg,cat
2026-10-05T16:25:30+03:00,https://static.vecteezy.com/system/resources/previews/025/939/785/non_2x/cute-little-kitten-cats-that-playing-together-at-playground-with-happiness-funny-moment-of-pet-fluffy-cat-with-generative-ai-free-photo.jpeg,0237.jpg,F:\NTSE\lab01\dataset\cat\0237.jpg,../lab01/dataset/cat/0237.jpg,cat
2026-10-05T16:25:31+03:00,https://img-s-msn-com.akamaized.net/tenant/amp/entityid/AA1Oodfk.img?w=1200&h=800&m=4&q=90,0238.jpg,F:\NTSE\lab01\dataset\cat\0238.jpg,../lab01/dataset/cat/0238.jpg,cat
2026-10-05T16:25:34+03:00,https://tenlives.com.au/wp-content/uploads/2020/09/Introducing-New-Food-scaled.jpg,0239.jpg,F:\NTSE\lab01\dataset\cat\0239.jpg,../lab01/dataset/cat/0239.jpg,cat
2026-10-05T16:25:36+03:00,https://static2.bigstockphoto.com/8/7/2/large1500/2786514.jpg,0240.jpg,F:\NTSE\lab01\dataset\cat\0240.jpg,../lab01/dataset/cat/0240.jpg,cat
2026-10-05T16:25:39+03:00,https://i.pinimg.com/originals/c9/a1/28/c9a128f702920e9386d0685fe834dc46.png,0241.jpg,F:\NTSE\lab01\dataset\cat\0241.jpg,../lab01/dataset/cat/0241.jpg,cat
2026-10-05T16:27:00+03:00,https://cattime.com/wp-content/uploads/sites/14/2011/12/GettyImages-843284834.jpg,0242.jpg,F:\NTSE\lab01\dataset\cat\0242.jpg,../lab01/dataset/cat/0242.jpg,cat
2026-10-05T16:27:01+03:00,https://www.rover.com/blog/wp-content/uploads/iStock-514066482-min-e1636576381976.jpg,0243.jpg,F:\NTSE\lab01\dataset\cat\0243.jpg,../lab01/dataset/cat/0243.jpg,cat
2026-10-05T16:27:03+03:00,https://static2.bigstockphoto.com/8/2/2/large1500/228063424.jpg,0244.jpg,F:\NTSE\lab01\dataset\cat\0244.jpg,../lab01/dataset/cat/0244.jpg,cat
2026-10-05T16:28:25+03:00,https://upload.wikimedia.org/wikipedia/commons/5/5d/European_shorthair_procumbent_Quincy.jpg,0245.jpg,F:\NTSE\lab01\dataset\cat\0245.jpg,../lab01/dataset/cat/0245.jpg,cat
2026-10-05T16:28:26+03:00,https://vetgirlontherun.com/wp-content/uploads/2023/11/black-and-white-photo-with-cat-jumping_Kelly-Foltz_1-25-2024.jpg,0246.jpg,F:\NTSE\lab01\dataset\cat\0246.jpg,../lab01/dataset/cat/0246.jpg,cat
2026-10-05T16:28:27+03:00,https://i.ytimg.com/vi/1i-Q00Ub9lo/maxres2.jpg?sqp=-oaymwEoCIAKENAF8quKqQMcGADwAQH4AbYIgAKAD4oCDAgAEAEYUSBlKDowDw==&rs=AOn4CLByjvXzBv6scpd3RCzTgoxy1J0t2g,0247.jpg,F:\NTSE\lab01\dataset\cat\0247.jpg,../lab01/dataset/cat/0247.jpg,cat
2026-10-05T16:28:29+03:00,https://pixel-shot.com/get_image/i-1591774-0.JPG,0248.jpg,F:\NTSE\lab01\dataset\cat\0248.jpg,../lab01/dataset/cat/0248.jpg,cat
2026-10-05T16:28:31+03:00,https://a-z-animals.com/media/2022/05/Cat-on-white-background-looking-up.jpg,0249.jpg,F:\NTSE\lab01\dataset\cat\0249.jpg,../lab01/dataset/cat/0249.jpg,cat
2026-10-05T16:28:32+03:00,https://thumbs.dreamstime.com/z/generated-use-ai-photo-calico-cat-isolated-white-background-generative-ai-photo-calico-cat-isolated-white-310680772.jpg,0250.jpg,F:\NTSE\lab01\dataset\cat\0250.jpg,../lab01/dataset/cat/0250.jpg,cat
2026-10-05T16:28:34+03:00,https://cdn.mos.cms.futurecdn.net/9aw3egNwR7fwFHTwvsnTrd.jpg,0251.jpg,F:\NTSE\lab01\dataset\cat\0251.jpg,../lab01/dataset/cat/0251.jpg,cat
2026-10-05T16:28:36+03:00,https://c8.alamy.com/comp/D5R86G/cat-isolated-on-white-background-D5R86G.jpg,0252.jpg,F:\NTSE\lab01\dataset\cat\0252.jpg,../lab01/dataset/cat/0252.jpg,cat
2026-10-05T16:28:38+03:00,https://wallpapers.com/images/hd/cat-at-workstation-jpg-vt03x10g8579vy1k.jpg,0253.jpg,F:\NTSE\lab01\dataset\cat\0253.jpg,../lab01/dataset/cat/0253.jpg,cat
2026-10-05T16:28:39+03:00,https://thumbs.dreamstime.com/z/%D0%BD%D0%BE%D1%80%D0%B2%D0%B5%D0%B6%D1%81%D0%BA%D0%BE%D0%B5-%D0%B8%D0%B7%D0%BE-%D0%B8%D1%80%D0%BE%D0%B2%D0%B0%D0%BD%D0%BD%D0%BE%D0%B5-%D1%83%D1%81%D0%B0%D0%B6%D0%B8%D0%B2%D0%B0%D0%BD%D0%B8%D0%B5-%D0%BA%D0%BE%D1%82%D0%B0-%D0%B5%D1%81%D0%B0-%D1%81%D0%BC%D0%BE%D1%82%D1%80%D1%8F-%D0%B2%D0%B2%D0%B5%D1%80%D1%85-40413413.jpg,0254.jpg,F:\NTSE\lab01\dataset\cat\0254.jpg,../lab01/dataset/cat/0254.jpg,cat
2026-10-05T16:28:40+03:00,https://thumbs.dreamstime.com/z/domestic-cat-scratching-isolated-white-background-55341670.jpg,0255.jpg,F:\NTSE\lab01\dataset\cat\0255.jpg,../lab01/dataset/cat/0255.jpg,cat
2026-10-05T16:28:41+03:00,https://as2.ftcdn.net/jpg/01/01/91/89/1000_F_101918945_Lgh5t6VCA3OhqPz7v6PmXoh7WVwqbNPm.jpg,0256.jpg,F:\NTSE\lab01\dataset\cat\0256.jpg,../lab01/dataset/cat/0256.jpg,cat
2026-10-05T16:29:09+03:00,https://i.pinimg.com/originals/22/17/52/221752b2ae1077d1383b1e02597ee309.jpg?nii=t,0257.jpg,F:\NTSE\lab01\dataset\cat\0257.jpg,../lab01/dataset/cat/0257.jpg,cat
2026-10-05T16:29:10+03:00,https://i.pinimg.com/originals/6e/ce/9e/6ece9e60667826498e6672b77514164c.jpg,0258.jpg,F:\NTSE\lab01\dataset\cat\0258.jpg,../lab01/dataset/cat/0258.jpg,cat
2026-10-05T16:29:12+03:00,https://i.pinimg.com/originals/4a/07/4e/4a074e273e89f8ffc17f2b3685c373be.jpg?nii=t,0259.jpg,F:\NTSE\lab01\dataset\cat\0259.jpg,../lab01/dataset/cat/0259.jpg,cat
2026-10-05T16:29:15+03:00,https://img.huffingtonpost.com/asset/5d3868db3b00003700dad557.jpeg?cache=11WZ5xRdAS&ops=1200_630,0260.jpg,F:\NTSE\lab01\dataset\cat\0260.jpg,../lab01/dataset/cat/0260.jpg,cat
2026-10-05T16:29:16+03:00,https://thumbs.dreamstime.com/z/%D1%81%D0%B5%D1%80%D0%B4%D0%B8%D1%82%D1%8B%D0%B9-%D0%BA%D0%BE%D1%82-7023114.jpg,0261.jpg,F:\NTSE\lab01\dataset\cat\0261.jpg,../lab01/dataset/cat/0261.jpg,cat
2026-10-05T16:29:17+03:00,https://new-science.ru/wp-content/uploads/2023/11/54-12.jpg,0262.jpg,F:\NTSE\lab01\dataset\cat\0262.jpg,../lab01/dataset/cat/0262.jpg,cat
2026-10-05T16:29:18+03:00,https://i.ytimg.com/vi/DiqI5hqISfs/maxres2.jpg?sqp=-oaymwEoCIAKENAF8quKqQMcGADwAQH4AbYIgALGCooCDAgAEAEYOSBlKBgwDw==&rs=AOn4CLAdpjhP0NFvk0v1XT67nx58Hs3RrQ,0263.jpg,F:\NTSE\lab01\dataset\cat\0263.jpg,../lab01/dataset/cat/0263.jpg,cat
2026-10-05T16:29:20+03:00,https://www.shutterstock.com/shutterstock/photos/454556905/display_1500/stock-photo-happy-scottish-kitten-looking-at-camera-isolated-on-white-background-454556905.jpg,0264.jpg,F:\NTSE\lab01\dataset\cat\0264.jpg,../lab01/dataset/cat/0264.jpg,cat
2026-10-05T16:29:26+03:00,https://www.quattrozampe.online/wp-content/uploads/2023/11/qz-nov-23-comportamento-british-shorthair-1.jpg,0265.jpg,F:\NTSE\lab01\dataset\cat\0265.jpg,../lab01/dataset/cat/0265.jpg,cat
2026-10-05T16:29:28+03:00,https://www.organicauthority.com/wp-content/uploads/2024/05/5-feline-and-birdapproved-catios.jpg,0266.jpg,F:\NTSE\lab01\dataset\cat\0266.jpg,../lab01/dataset/cat/0266.jpg,cat
2026-10-05T16:29:29+03:00,https://fetchpetcare.com/wp-content/uploads/2023/09/Alpharetta-gps.jpg,0267.jpg,F:\NTSE\lab01\dataset\cat\0267.jpg,../lab01/dataset/cat/0267.jpg,cat
2026-10-05T16:29:31+03:00,https://www.pawmaw.com/pawmaw/img/blog-img/1627505241-havana-brown-brown-cat-breed.jpg,0268.jpg,F:\NTSE\lab01\dataset\cat\0268.jpg,../lab01/dataset/cat/0268.jpg,cat
2026-10-05T16:29:32+03:00,https://thumbs.dreamstime.com/z/beautiful-british-gray-cat-close-up-portrait-gray-background-large-yellow-eyes-beautiful-british-gray-cat-close-up-portrait-136780337.jpg,0269.jpg,F:\NTSE\lab01\dataset\cat\0269.jpg,../lab01/dataset/cat/0269.jpg,cat
2026-10-05T16:29:33+03:00,https://www.shutterstock.com/shutterstock/photos/2281520989/display_1500/stock-photo-contented-and-happy-ginger-cat-is-standing-side-view-on-a-white-isolated-background-2281520989.jpg,0270.jpg,F:\NTSE\lab01\dataset\cat\0270.jpg,../lab01/dataset/cat/0270.jpg,cat
2026-10-05T16:29:34+03:00,https://thumbs.dreamstime.com/z/african-wild-cat-8374161.jpg,0271.jpg,F:\NTSE\lab01\dataset\cat\0271.jpg,../lab01/dataset/cat/0271.jpg,cat
2026-10-05T16:29:36+03:00,https://storage.yandexcloud.net/yac-wh-sb-prod-s3-media-03010/uploads/article/files/51bc17aac0029b562efa07b486e89f4b.webp,0272.jpg,F:\NTSE\lab01\dataset\cat\0272.jpg,../lab01/dataset/cat/0272.jpg,cat
2026-10-05T16:29:37+03:00,https://cdn.mos.cms.futurecdn.net/Rxgp452erPJr3Q2u68UKbk-1200-80.jpg,0273.jpg,F:\NTSE\lab01\dataset\cat\0273.jpg,../lab01/dataset/cat/0273.jpg,cat
2026-10-05T16:29:39+03:00,https://static2.bigstockphoto.com/3/7/1/large1500/173253947.jpg,0274.jpg,F:\NTSE\lab01\dataset\cat\0274.jpg,../lab01/dataset/cat/0274.jpg,cat
2026-10-05T16:29:40+03:00,https://thumbs.dreamstime.com/z/curious-cat-scottish-straight-young-looking-up-40560067.jpg,0275.jpg,F:\NTSE\lab01\dataset\cat\0275.jpg,../lab01/dataset/cat/0275.jpg,cat
2026-10-05T16:29:42+03:00,https://kazokupets.com/wp-content/uploads/2022/09/gatos-2-1024x1024.jpg,0276.jpg,F:\NTSE\lab01\dataset\cat\0276.jpg,../lab01/dataset/cat/0276.jpg,cat
2026-10-05T16:29:56+03:00,https://images.pexels.com/photos/18065233/pexels-photo-18065233.jpeg?cs=srgb&dl=pexels-didsss-18065233.jpg&fm=jpg,0277.jpg,F:\NTSE\lab01\dataset\cat\0277.jpg,../lab01/dataset/cat/0277.jpg,cat
2026-10-05T16:29:59+03:00,https://images.pexels.com/photos/15096098/pexels-photo-15096098.jpeg?cs=srgb&dl=pexels-alinaskazka-15096098.jpg&fm=jpg,0278.jpg,F:\NTSE\lab01\dataset\cat\0278.jpg,../lab01/dataset/cat/0278.jpg,cat
2026-10-05T16:30:01+03:00,https://i.pinimg.com/736x/7c/03/9c/7c039c64a34b9b2fcebd8283e663f1c8.jpg,0279.jpg,F:\NTSE\lab01\dataset\cat\0279.jpg,../lab01/dataset/cat/0279.jpg,cat
2026-10-05T16:30:02+03:00,https://images.pexels.com/photos/11871100/pexels-photo-11871100.jpeg?auto=compress&cs=tinysrgb&w=800&lazy=load,0280.jpg,F:\NTSE\lab01\dataset\cat\0280.jpg,../lab01/dataset/cat/0280.jpg,cat
2026-10-05T16:30:03+03:00,https://www.shutterstock.com/shutterstock/photos/1027544179/display_1500/stock-photo-close-up-view-of-gray-tabby-cute-kitten-with-blue-eyes-pets-and-lifestyle-concept-lovely-fluffy-1027544179.jpg,0281.jpg,F:\NTSE\lab01\dataset\cat\0281.jpg,../lab01/dataset/cat/0281.jpg,cat
2026-10-05T16:30:05+03:00,https://img.goodfon.ru/wallpaper/nbig/e/64/koshka-vzgliad-poza-mordashka-ii-art-neiroset-iskusstvo-is-1.webp,0282.jpg,F:\NTSE\lab01\dataset\cat\0282.jpg,../lab01/dataset/cat/0282.jpg,cat
2026-10-05T16:31:00+03:00,https://cdn2.botanichka.ru/wp-content/uploads/2025/11/pochemu-ya-zamenila-sobaku-na-koshku-i-schitayu-eto-luchshim-resheniem-2.jpg,0283.jpg,F:\NTSE\lab01\dataset\cat\0283.jpg,../lab01/dataset/cat/0283.jpg,cat
2026-10-05T16:31:01+03:00,https://img.goodfon.ru/wallpaper/nbig/0/fc/kot-koshka-lapy-pryzhok-vzgliad-temnyi-fon-tsifrovoe-iskusst.webp,0284.jpg,F:\NTSE\lab01\dataset\cat\0284.jpg,../lab01/dataset/cat/0284.jpg,cat
2026-10-05T16:31:02+03:00,https://www.shutterstock.com/shutterstock/photos/2135552857/display_1500/stock-photo-ginger-cat-walks-on-a-white-and-isolated-background-2135552857.jpg,0285.jpg,F:\NTSE\lab01\dataset\cat\0285.jpg,../lab01/dataset/cat/0285.jpg,cat
2026-10-05T16:31:08+03:00,https://static.vecteezy.com/system/resources/thumbnails/030/484/289/small_2x/cute-kitten-sleeping-cozy-and-relaxed-on-fluffy-pillow-generated-by-ai-free-photo.jpg,0286.jpg,F:\NTSE\lab01\dataset\cat\0286.jpg,../lab01/dataset/cat/0286.jpg,cat
2026-10-05T16:31:09+03:00,https://i.pinimg.com/originals/3e/44/1a/3e441ac6430d45a15fc98511529f2a5a.jpg,0287.jpg,F:\NTSE\lab01\dataset\cat\0287.jpg,../lab01/dataset/cat/0287.jpg,cat
2026-10-05T16:31:10+03:00,https://www.rover.com/blog/wp-content/uploads/orange-cat-breeds-fluffy-orange-cat-bed.jpg,0288.jpg,F:\NTSE\lab01\dataset\cat\0288.jpg,../lab01/dataset/cat/0288.jpg,cat
2026-10-05T16:31:11+03:00,https://cdn.mos.cms.futurecdn.net/7662MhWszD57dRHhC2dGfS-1200-80.jpg,0289.jpg,F:\NTSE\lab01\dataset\cat\0289.jpg,../lab01/dataset/cat/0289.jpg,cat
2026-10-05T16:31:13+03:00,https://i.pinimg.com/originals/c8/2a/fd/c82afd208175f340ad2ad6c7436bbdb5.jpg?nii=t,0290.jpg,F:\NTSE\lab01\dataset\cat\0290.jpg,../lab01/dataset/cat/0290.jpg,cat
2026-10-05T16:31:15+03:00,https://static.tildacdn.com/tild3366-3635-4735-b834-343531336533/close-up-portrait-be.png,0291.jpg,F:\NTSE\lab01\dataset\cat\0291.jpg,../lab01/dataset/cat/0291.jpg,cat
2026-10-05T16:31:16+03:00,https://img.pravda.ru/image/preview/article/7/4/7/2320747_amp.jpeg,0292.jpg,F:\NTSE\lab01\dataset\cat\0292.jpg,../lab01/dataset/cat/0292.jpg,cat
2026-10-05T16:31:19+03:00,https://s.hdnux.com/photos/01/41/34/44/25544989/5/rawImage.jpg,0293.jpg,F:\NTSE\lab01\dataset\cat\0293.jpg,../lab01/dataset/cat/0293.jpg,cat
2026-10-05T16:31:20+03:00,https://www.angelicalbalance.com/wp-content/uploads/2023/03/portrait-grumpy-striped-cat-sunlight-with-blurry-background.jpg,0294.jpg,F:\NTSE\lab01\dataset\cat\0294.jpg,../lab01/dataset/cat/0294.jpg,cat
2026-10-05T16:32:41+03:00,https://avatars.mds.yandex.net/get-yastore/18989993/9fzjr42f7tzwdttrjngrf9mbptsb74cx/x1920,0295.jpg,F:\NTSE\lab01\dataset\cat\0295.jpg,../lab01/dataset/cat/0295.jpg,cat
2026-10-05T16:32:42+03:00,https://ndn.info/wp-content/uploads/2024/11/close-up-adorable-kitten-indoors_23-2150782465.jpg,0296.jpg,F:\NTSE\lab01\dataset\cat\0296.jpg,../lab01/dataset/cat/0296.jpg,cat
2026-10-05T16:32:48+03:00,https://i.pinimg.com/originals/3a/d0/b0/3ad0b0358a28ad5343694b216b221a1e.png?nii=t,0297.jpg,F:\NTSE\lab01\dataset\cat\0297.jpg,../lab01/dataset/cat/0297.jpg,cat
2026-10-05T16:34:09+03:00,https://catmate.org/wp-content/uploads/2024/11/38310708_8626172-e1732632732657-1578x2048.png,0298.jpg,F:\NTSE\lab01\dataset\cat\0298.jpg,../lab01/dataset/cat/0298.jpg,cat
2026-10-05T16:34:11+03:00,https://sever-press.ru/images/insecure/rs:fill-down:1920:1080/aHR0cHM6Ly9zdG9yYWdlLnlhbmRleGNsb3VkLm5ldC95bS1zaXRlcy1zdGF0aWMvMjhlMmE4ZTgtMDNjLndlYnA.webp,0299.jpg,F:\NTSE\lab01\dataset\cat\0299.jpg,../lab01/dataset/cat/0299.jpg,cat
2026-10-05T16:34:15+03:00,https://petinfodergi.com/wp-content/uploads/2024/04/1-15.jpg,0300.jpg,F:\NTSE\lab01\dataset\cat\0300.jpg,../lab01/dataset/cat/0300.jpg,cat
2026-10-05T16:34:43+03:00,https://image.fonwall.ru/o/vn/cat-sunset-the-sun.jpeg?auto=compress&fit=crop&w=1440&h=2960&domain=img3.fonwall.ru,0301.jpg,F:\NTSE\lab01\dataset\cat\0301.jpg,../lab01/dataset/cat/0301.jpg,cat
2026-10-05T16:34:44+03:00,https://static.vecteezy.com/system/resources/thumbnails/002/410/691/small_2x/russian-blue-kitty-with-monochrome-wall-background-free-photo.jpg,0302.jpg,F:\NTSE\lab01\dataset\cat\0302.jpg,../lab01/dataset/cat/0302.jpg,cat
2026-10-05T16:34:46+03:00,https://mixstuff.ru/wp-content/uploads/2025/05/elegant-portrait-black-cat-indoors_23-2151890798.jpg,0303.jpg,F:\NTSE\lab01\dataset\cat\0303.jpg,../lab01/dataset/cat/0303.jpg,cat
2026-10-05T16:34:47+03:00,https://i.ytimg.com/vi/V8QVSaWxofM/maxresdefault.jpg,0304.jpg,F:\NTSE\lab01\dataset\cat\0304.jpg,../lab01/dataset/cat/0304.jpg,cat
2026-10-05T16:34:48+03:00,https://xn----7sbrkkdieeibji5b1g.xn--p1ai/images/2026/07/01.07.2026/kot.png,0305.jpg,F:\NTSE\lab01\dataset\cat\0305.jpg,../lab01/dataset/cat/0305.jpg,cat
2026-10-05T16:34:50+03:00,https://i.pinimg.com/originals/dd/42/69/dd4269277a8f147847b3cb51e5c932f1.jpg,0306.jpg,F:\NTSE\lab01\dataset\cat\0306.jpg,../lab01/dataset/cat/0306.jpg,cat
2026-10-05T16:36:11+03:00,https://pic.rutubelist.ru/video/2025-09-08/67/aa/67aaf017eee185a1582ab4e285508e51.jpg,0307.jpg,F:\NTSE\lab01\dataset\cat\0307.jpg,../lab01/dataset/cat/0307.jpg,cat
2026-10-05T16:36:12+03:00,https://storage.beee.pro/users/avatars/290932/CqI0SLXJ2yhHDxhyS4kyBoQkrGqf3mCl.jpg,0308.jpg,F:\NTSE\lab01\dataset\cat\0308.jpg,../lab01/dataset/cat/0308.jpg,cat
2026-10-05T16:36:40+03:00,https://static.tildacdn.com/tild6138-6163-4561-a336-623736346433/cute-ginger-cat-slee.jpg,0309.jpg,F:\NTSE\lab01\dataset\cat\0309.jpg,../lab01/dataset/cat/0309.jpg,cat
2026-10-05T16:36:41+03:00,https://honeybird.jewelry/wp-content/uploads/2024/12/DOG-TAG-3-2-scaled.webp,0310.jpg,F:\NTSE\lab01\dataset\cat\0310.jpg,../lab01/dataset/cat/0310.jpg,cat
2026-10-05T16:36:43+03:00,https://i.pinimg.com/originals/f1/c8/1c/f1c81cf6b3b3b2e4fd6915e707105107.jpg,0311.jpg,F:\NTSE\lab01\dataset\cat\0311.jpg,../lab01/dataset/cat/0311.jpg,cat
2026-10-05T16:36:45+03:00,https://www.livetimes.news/wp-content/uploads/2024/02/cat.jpg,0312.jpg,F:\NTSE\lab01\dataset\cat\0312.jpg,../lab01/dataset/cat/0312.jpg,cat
2026-10-05T16:36:48+03:00,https://jibamspalace.com.my/media/10235340.png,0313.jpg,F:\NTSE\lab01\dataset\cat\0313.jpg,../lab01/dataset/cat/0313.jpg,cat
2026-10-05T16:36:50+03:00,https://remanga.org/media/posts/itogi-2-dnja-971197a2/attachment_471a1b305c974705.webp,0314.jpg,F:\NTSE\lab01\dataset\cat\0314.jpg,../lab01/dataset/cat/0314.jpg,cat
2026-10-05T16:36:51+03:00,https://i.pinimg.com/originals/1f/8b/61/1f8b614ecf99e5fe82a36960fbf20722.jpg,0315.jpg,F:\NTSE\lab01\dataset\cat\0315.jpg,../lab01/dataset/cat/0315.jpg,cat
2026-10-05T16:36:57+03:00,https://a-z-animals.com/media/2023/02/iStock-1442909618-2048x1280.jpg,0316.jpg,F:\NTSE\lab01\dataset\cat\0316.jpg,../lab01/dataset/cat/0316.jpg,cat
2026-10-05T16:37:00+03:00,https://artefelino.wordpress.com/wp-content/uploads/2023/11/gatin.jpg?w=1366,0317.jpg,F:\NTSE\lab01\dataset\cat\0317.jpg,../lab01/dataset/cat/0317.jpg,cat
2026-10-05T16:37:01+03:00,https://koshka.top/uploads/posts/2021-11/thumbs/1636812765_4-koshka-top-p-koshki-chernaya-koshka-sidit-4.jpg,0318.jpg,F:\NTSE\lab01\dataset\cat\0318.jpg,../lab01/dataset/cat/0318.jpg,cat
2026-10-05T16:37:08+03:00,https://i.pinimg.com/originals/c7/9c/b4/c79cb4a2b40539b2dabfea084c18bdf4.jpg,0319.jpg,F:\NTSE\lab01\dataset\cat\0319.jpg,../lab01/dataset/cat/0319.jpg,cat
2026-10-05T16:37:10+03:00,https://www.shutterstock.com/shutterstock/photos/1253500348/display_1500/stock-photo-sleeping-red-cat-on-white-background-1253500348.jpg,0320.jpg,F:\NTSE\lab01\dataset\cat\0320.jpg,../lab01/dataset/cat/0320.jpg,cat
2026-10-05T16:37:11+03:00,https://static.vecteezy.com/system/resources/previews/032/836/920/large_2x/cute-kitten-sitting-by-window-looking-at-camera-playful-generated-by-ai-free-photo.jpg,0321.jpg,F:\NTSE\lab01\dataset\cat\0321.jpg,../lab01/dataset/cat/0321.jpg,cat
2026-10-05T16:37:12+03:00,https://i.pinimg.com/originals/55/09/55/55095511aa0a5ecab0e60673a8c17944.jpg,0322.jpg,F:\NTSE\lab01\dataset\cat\0322.jpg,../lab01/dataset/cat/0322.jpg,cat
2026-10-05T16:37:14+03:00,https://www.kennelcoughhelp.com/wp-content/uploads/2021/02/cat-cough.jpg,0323.jpg,F:\NTSE\lab01\dataset\cat\0323.jpg,../lab01/dataset/cat/0323.jpg,cat
2026-10-05T16:37:17+03:00,https://images.pexels.com/photos/16353724/pexels-photo-16353724.jpeg?cs=srgb&dl=pexels-nuh-portakal-1195275-16353724.jpg&fm=jpg,0324.jpg,F:\NTSE\lab01\dataset\cat\0324.jpg,../lab01/dataset/cat/0324.jpg,cat
2026-10-05T16:37:18+03:00,https://w7.pngwing.com/pngs/110/653/png-transparent-exotic-shorthair-savannah-cat-sphynx-cat-munchkin-cat-kitten-physical-cat-mammal-cat-like-mammal-animals.png,0325.jpg,F:\NTSE\lab01\dataset\cat\0325.jpg,../lab01/dataset/cat/0325.jpg,cat
2026-10-05T16:37:20+03:00,https://i.ytimg.com/vi/o7KoUswqVj8/maxresdefault.jpg,0326.jpg,F:\NTSE\lab01\dataset\cat\0326.jpg,../lab01/dataset/cat/0326.jpg,cat
2026-10-05T16:37:21+03:00,https://img.pravda.ru/image/preview/article/0/2/3/2225023_amp.jpeg,0327.jpg,F:\NTSE\lab01\dataset\cat\0327.jpg,../lab01/dataset/cat/0327.jpg,cat
2026-10-05T16:37:22+03:00,https://remanga.org/media/posts/start-invent-b853d9d4/attachment_196460bbfc894760.webp,0328.jpg,F:\NTSE\lab01\dataset\cat\0328.jpg,../lab01/dataset/cat/0328.jpg,cat
2026-10-05T16:37:23+03:00,https://fetchpetcare.com/wp-content/uploads/2023/07/Overnight-Pet-Care-in-West-Orlando-Featimg.jpg,0329.jpg,F:\NTSE\lab01\dataset\cat\0329.jpg,../lab01/dataset/cat/0329.jpg,cat
2026-10-05T16:39:00+03:00,https://cdn2.botanichka.ru/wp-content/uploads/2024/08/koshka-postoyanno-prosit-est-v-chyom-prichina-i-chto-delat-4.jpg,0330.jpg,F:\NTSE\lab01\dataset\cat\0330.jpg,../lab01/dataset/cat/0330.jpg,cat
2026-10-05T16:39:01+03:00,https://i.pinimg.com/originals/a8/1d/3e/a81d3e51292d9f4e4d7315fff6499db2.jpg,0331.jpg,F:\NTSE\lab01\dataset\cat\0331.jpg,../lab01/dataset/cat/0331.jpg,cat
2026-10-05T16:40:15+03:00,https://foundpets.ru/v2/cloud/images/0:0:jpeg/2026/8/5/18/178539779676_1785956334_68e15009-87c9-4590-befd-3cfee1c7a36e.jpg.x0.jpeg,0332.jpg,F:\NTSE\lab01\dataset\cat\0332.jpg,../lab01/dataset/cat/0332.jpg,cat
2026-10-05T16:40:16+03:00,https://accessland.live/wp-content/uploads/2024/04/kedilerin-ozelliklerine-iliskin-istisnalar.jpg,0333.jpg,F:\NTSE\lab01\dataset\cat\0333.jpg,../lab01/dataset/cat/0333.jpg,cat
2026-10-05T16:40:18+03:00,https://bestlifeonline.com/wp-content/uploads/sites/3/2023/12/cat-puns.jpg?quality=82&strip=all,0334.jpg,F:\NTSE\lab01\dataset\cat\0334.jpg,../lab01/dataset/cat/0334.jpg,cat
2026-10-05T16:40:19+03:00,https://i.pinimg.com/originals/01/d4/16/01d416fb2c82dbef0971e30dbb21573f.png,0335.jpg,F:\NTSE\lab01\dataset\cat\0335.jpg,../lab01/dataset/cat/0335.jpg,cat
2026-10-05T16:40:20+03:00,https://i.pinimg.com/originals/2b/6d/34/2b6d3475342458044bbd71b52c7925f1.jpg,0336.jpg,F:\NTSE\lab01\dataset\cat\0336.jpg,../lab01/dataset/cat/0336.jpg,cat
2026-10-05T16:40:21+03:00,https://c8.alamy.com/comp/GJR7E5/wildcat-GJR7E5.jpg,0337.jpg,F:\NTSE\lab01\dataset\cat\0337.jpg,../lab01/dataset/cat/0337.jpg,cat
2026-10-05T16:40:23+03:00,https://pic.rtbcdn.ru/user/2026-06-29/f0/17/f01798a20ffd343b8675d16db769a19f.jpg,0338.jpg,F:\NTSE\lab01\dataset\cat\0338.jpg,../lab01/dataset/cat/0338.jpg,cat
2026-10-05T16:40:24+03:00,https://i2-prod.mirror.co.uk/article35117166.ece/ALTERNATES/s1200d/0_Cute-young-tabby-cat-playing-in-a-garden.jpg,0339.jpg,F:\NTSE\lab01\dataset\cat\0339.jpg,../lab01/dataset/cat/0339.jpg,cat
2026-10-05T16:40:26+03:00,https://www.maximonline.ru/html-to-img/og/VsMki4dzWQpmmxUPKo8kew/article-id889390-16x9.jpg?1686555620,0340.jpg,F:\NTSE\lab01\dataset\cat\0340.jpg,../lab01/dataset/cat/0340.jpg,cat
2026-10-05T16:40:28+03:00,https://upload.wikimedia.org/wikipedia/commons/thumb/c/c8/European_Wildcat_Nationalpark_Bayerischer_Wald_03.jpg/1280px-European_Wildcat_Nationalpark_Bayerischer_Wald_03.jpg,0341.jpg,F:\NTSE\lab01\dataset\cat\0341.jpg,../lab01/dataset/cat/0341.jpg,cat
2026-10-05T16:40:30+03:00,https://previews.123rf.com/images/adogslifephoto/adogslifephoto1609/adogslifephoto160900033/62686274-portrait-einer-katze-auf-wei%C3%9F-an-der-seite-mit-kopie-raum.jpg,0342.jpg,F:\NTSE\lab01\dataset\cat\0342.jpg,../lab01/dataset/cat/0342.jpg,cat
2026-10-05T16:40:31+03:00,https://c8.alamy.com/comp/2HHG2B3/charming-cat-looks-interested-with-his-head-up-isolated-on-a-yellow-background-2HHG2B3.jpg,0343.jpg,F:\NTSE\lab01\dataset\cat\0343.jpg,../lab01/dataset/cat/0343.jpg,cat
2026-10-05T16:40:33+03:00,https://images.pexels.com/photos/1367067/pexels-photo-1367067.jpeg?auto=compress&cs=tinysrgb&h=627&fit=crop&w=1200,0344.jpg,F:\NTSE\lab01\dataset\cat\0344.jpg,../lab01/dataset/cat/0344.jpg,cat
2026-10-05T16:40:34+03:00,https://images.pexels.com/photos/29983807/pexels-photo-29983807.jpeg?cs=srgb&dl=pexels-mahmoud-yahyaoui-29983807.jpg&fm=jpg,0345.jpg,F:\NTSE\lab01\dataset\cat\0345.jpg,../lab01/dataset/cat/0345.jpg,cat
2026-10-05T16:40:35+03:00,https://i.pinimg.com/originals/d3/cc/60/d3cc60523461453bcce7961615dcb41e.png?nii=t,0346.jpg,F:\NTSE\lab01\dataset\cat\0346.jpg,../lab01/dataset/cat/0346.jpg,cat
2026-10-05T16:40:37+03:00,https://lgz.ru/upload/articles/9a5/jf78ul3299p19b7w3r2w75saudutxrb2.jpg,0347.jpg,F:\NTSE\lab01\dataset\cat\0347.jpg,../lab01/dataset/cat/0347.jpg,cat
2026-10-05T16:40:38+03:00,https://thumbs.dreamstime.com/z/sleepy-cat-20654010.jpg,0348.jpg,F:\NTSE\lab01\dataset\cat\0348.jpg,../lab01/dataset/cat/0348.jpg,cat
2026-10-05T16:40:39+03:00,https://img.goodfon.ru/wallpaper/nbig/3/fb/kot-ryzhii-pesok.webp,0349.jpg,F:\NTSE\lab01\dataset\cat\0349.jpg,../lab01/dataset/cat/0349.jpg,cat
2026-10-05T16:40:40+03:00,https://img.goodfon.ru/wallpaper/nbig/e/c0/ii-art-neiroset-koshka-kotenok-persidskii-poza-mordashka-v-5.webp,0350.jpg,F:\NTSE\lab01\dataset\cat\0350.jpg,../lab01/dataset/cat/0350.jpg,cat
2026-10-05T16:40:41+03:00,https://i.pinimg.com/736x/6a/e1/13/6ae113a0ceb18af35af98b58337bcb79.jpg,0351.jpg,F:\NTSE\lab01\dataset\cat\0351.jpg,../lab01/dataset/cat/0351.jpg,cat
2026-10-05T16:40:43+03:00,https://cdn.7days.ru/pic/d25/1031546/1821952/86.jpg,0352.jpg,F:\NTSE\lab01\dataset\cat\0352.jpg,../lab01/dataset/cat/0352.jpg,cat
2026-10-05T16:40:44+03:00,https://aif-s3.aif.ru/images/038/010/e951736af6e4c22d5f88ba47b834df2f.webp,0353.jpg,F:\NTSE\lab01\dataset\cat\0353.jpg,../lab01/dataset/cat/0353.jpg,cat
2026-10-05T16:40:45+03:00,https://thumbs.dreamstime.com/z/cute-tabby-young-cat-looking-up-seen-high-angle-view-cute-tabby-young-cat-looking-up-seen-high-angle-view-109988440.jpg,0354.jpg,F:\NTSE\lab01\dataset\cat\0354.jpg,../lab01/dataset/cat/0354.jpg,cat
2026-10-05T16:40:46+03:00,https://i.pinimg.com/originals/70/8e/a3/708ea32956f9d4aaf2dbef84cc0950e3.jpg,0355.jpg,F:\NTSE\lab01\dataset\cat\0355.jpg,../lab01/dataset/cat/0355.jpg,cat
2026-10-05T16:41:04+03:00,https://hi-news.ru/wp-content/uploads/2026/09/11-porod-koshek-kotoryne-ochen-pohozhi-na-siamskih-9.jpg,0356.jpg,F:\NTSE\lab01\dataset\cat\0356.jpg,../lab01/dataset/cat/0356.jpg,cat
2026-10-05T16:41:05+03:00,https://www.ilialive.gr/media/k2/items/cache/cca4e936c86d5155a10bcac9d1760a76_XL.jpg,0357.jpg,F:\NTSE\lab01\dataset\cat\0357.jpg,../lab01/dataset/cat/0357.jpg,cat
2026-10-05T16:41:07+03:00,https://i.abcnewsfe.com/a/0e33c2ce-a2b2-406f-8801-dbd9c43fa876/cat-3-gty-er-251126_1764190297998_hpEmbed_3x2.jpg,0358.jpg,F:\NTSE\lab01\dataset\cat\0358.jpg,../lab01/dataset/cat/0358.jpg,cat
2026-10-05T16:41:10+03:00,https://pet-health-content-media.chewy.com/wp-content/uploads/2025/09/04021450/longhaired-cats-maine-coon.jpg,0359.jpg,F:\NTSE\lab01\dataset\cat\0359.jpg,../lab01/dataset/cat/0359.jpg,cat
2026-10-05T16:41:11+03:00,https://foundpets.ru/v2/cloud/images/0:0:jpeg/2026/7/4/16/178298349253_1783181768_bf7a4af3-c824-434c-9609-9d51e286dbfa.jpg.x0.jpeg,0360.jpg,F:\NTSE\lab01\dataset\cat\0360.jpg,../lab01/dataset/cat/0360.jpg,cat
2026-10-05T16:41:19+03:00,https://i.ytimg.com/vi/tSQru9Qykg8/maxresdefault.jpg,0361.jpg,F:\NTSE\lab01\dataset\cat\0361.jpg,../lab01/dataset/cat/0361.jpg,cat
2026-10-05T16:42:40+03:00,https://img.freepik.com/free-photo/silver-maine-coon-cat-portrait-cat-pet-care-veterinary_332246-1685.jpg?w=2000,0362.jpg,F:\NTSE\lab01\dataset\cat\0362.jpg,../lab01/dataset/cat/0362.jpg,cat
2026-10-05T16:42:41+03:00,https://c8.alamy.com/comp/2CCT91Y/cute-cat-with-christmas-lights-in-the-background-2CCT91Y.jpg,0363.jpg,F:\NTSE\lab01\dataset\cat\0363.jpg,../lab01/dataset/cat/0363.jpg,cat
2026-10-05T16:42:42+03:00,https://thumbs.dreamstime.com/z/%D1%81%D0%BC%D0%B5%D1%88%D0%BD%D0%BE%D0%B9-%D1%87%D1%91%D1%80%D0%BD%D1%8B%D0%B9-%D0%BA%D0%BE%D1%82-%D1%82%D0%BE%D1%80%D1%87%D0%B0%D1%89%D0%B8%D0%B9-%D1%8F%D0%B7%D1%8B%D0%BA-%D0%BD%D0%B0-%D0%B1%D0%B5%D0%BB%D0%BE%D0%BC-%D1%84%D0%BE%D0%BD%D0%B5-%D1%81%D0%BC%D0%BE%D1%82%D1%80%D1%8F%D1%89%D0%B8%D0%B9-%D0%BA%D0%B0%D0%BC%D0%B5%D1%80%D1%83-236975351.jpg,0364.jpg,F:\NTSE\lab01\dataset\cat\0364.jpg,../lab01/dataset/cat/0364.jpg,cat
2026-10-05T16:43:10+03:00,https://static.tildacdn.info/tild6633-3461-4934-a437-323736363239/portrait-black-cat-s.jpg,0365.jpg,F:\NTSE\lab01\dataset\cat\0365.jpg,../lab01/dataset/cat/0365.jpg,cat
2026-10-05T16:43:11+03:00,https://img.goodfon.ru/wallpaper/nbig/8/6c/badfon-kot-vzglyad-nebo-fon.webp,0366.jpg,F:\NTSE\lab01\dataset\cat\0366.jpg,../lab01/dataset/cat/0366.jpg,cat
2026-10-05T16:43:12+03:00,https://static.vecteezy.com/system/resources/previews/048/739/465/non_2x/cat-relaxing-isolated-against-a-transparent-background-png.png,0367.jpg,F:\NTSE\lab01\dataset\cat\0367.jpg,../lab01/dataset/cat/0367.jpg,cat
2026-10-05T16:45:03+03:00,https://i.pinimg.com/originals/ef/75/2d/ef752dbb1b3c05416575b10f1872cf29.png,0368.jpg,F:\NTSE\lab01\dataset\cat\0368.jpg,../lab01/dataset/cat/0368.jpg,cat
2026-10-05T16:45:05+03:00,https://i.pinimg.com/originals/06/e7/f3/06e7f363181047082e4b808e4000057a.jpg?nii=t,0369.jpg,F:\NTSE\lab01\dataset\cat\0369.jpg,../lab01/dataset/cat/0369.jpg,cat
2026-10-05T16:45:06+03:00,https://img.goodfon.ru/wallpaper/nbig/c/2e/koshka-vzgliad-poza-kotenok-mordashka-ii-art-neiroset-isk-20.webp,0370.jpg,F:\NTSE\lab01\dataset\cat\0370.jpg,../lab01/dataset/cat/0370.jpg,cat
2026-10-05T16:45:08+03:00,https://i.pinimg.com/736x/f2/fe/f9/f2fef9427e2cd6dc27b8baa4853e4747.jpg,0371.jpg,F:\NTSE\lab01\dataset\cat\0371.jpg,../lab01/dataset/cat/0371.jpg,cat
2026-10-05T16:45:09+03:00,https://thumbs.dreamstime.com/z/chartreux-kitten-5-months-old-18444388.jpg,0372.jpg,F:\NTSE\lab01\dataset\cat\0372.jpg,../lab01/dataset/cat/0372.jpg,cat
2026-10-05T16:45:10+03:00,https://i.pinimg.com/originals/9b/3a/ac/9b3aac2fba780b1cc852db7676c4bc16.jpg,0373.jpg,F:\NTSE\lab01\dataset\cat\0373.jpg,../lab01/dataset/cat/0373.jpg,cat
2026-10-05T16:45:13+03:00,https://www.rocklinranchvet.com/blog/wp-content/uploads/2015/02/Rocklin_iStock_000031410354_Large.jpg,0374.jpg,F:\NTSE\lab01\dataset\cat\0374.jpg,../lab01/dataset/cat/0374.jpg,cat
2026-10-05T16:45:14+03:00,https://i.pinimg.com/originals/a9/e3/e4/a9e3e448c8e573e59096bf40df25b52a.jpg,0375.jpg,F:\NTSE\lab01\dataset\cat\0375.jpg,../lab01/dataset/cat/0375.jpg,cat
2026-10-05T16:45:16+03:00,https://images.pexels.com/photos/30419508/pexels-photo-30419508.jpeg?cs=srgb&dl=pexels-giorgi-kazalikashvili-84328181-30419508.jpg&fm=jpg,0376.jpg,F:\NTSE\lab01\dataset\cat\0376.jpg,../lab01/dataset/cat/0376.jpg,cat
2026-10-05T16:45:18+03:00,https://infoskameika.ru/wp-content/uploads/2024/10/%D0%98%D0%98-%D0%B6%D0%B8%D0%B2%D0%BE%D1%82%D0%BD%D0%BE%D0%B5-%D0%BA%D0%BE%D1%88%D0%BA%D0%B0-%D0%BA%D0%BE%D1%82%D0%B5%D0%BD%D0%BE%D0%BA-%D0%B1%D0%B5%D0%BB%D1%8B%D0%B9-freepik.com_.jpg,0377.jpg,F:\NTSE\lab01\dataset\cat\0377.jpg,../lab01/dataset/cat/0377.jpg,cat
2026-10-05T16:45:19+03:00,https://i.ytimg.com/vi/GI3yeVzVIPc/maxresdefault.jpg,0378.jpg,F:\NTSE\lab01\dataset\cat\0378.jpg,../lab01/dataset/cat/0378.jpg,cat
2026-10-05T16:45:21+03:00,https://a.storyblok.com/f/152976/2400x1600/38d5522301/russian-blue.jpg/m/fit-in/3072x0/filters:format(jpeg):quality(75),0379.jpg,F:\NTSE\lab01\dataset\cat\0379.jpg,../lab01/dataset/cat/0379.jpg,cat
2026-10-05T16:45:22+03:00,https://i.ytimg.com/vi/XtNajMyDJG8/maxresdefault.jpg,0380.jpg,F:\NTSE\lab01\dataset\cat\0380.jpg,../lab01/dataset/cat/0380.jpg,cat
2026-10-05T16:45:23+03:00,https://playerok.fra1.digitaloceanspaces.com/images/1f1a53e8-a5b9-6850-8208-108fa62eb149.jpg?timestamp=1788182345,0381.jpg,F:\NTSE\lab01\dataset\cat\0381.jpg,../lab01/dataset/cat/0381.jpg,cat
2026-10-05T16:45:24+03:00,https://images.pexels.com/photos/18176552/pexels-photo-18176552.jpeg?cs=srgb&dl=pexels-seymanur-kucukcelik-84748161-18176552.jpg&fm=jpg,0382.jpg,F:\NTSE\lab01\dataset\cat\0382.jpg,../lab01/dataset/cat/0382.jpg,cat
2026-10-05T16:45:27+03:00,https://i.pinimg.com/originals/9f/df/63/9fdf63dbcafa4dabbc91cc1443ef8436.jpg,0383.jpg,F:\NTSE\lab01\dataset\cat\0383.jpg,../lab01/dataset/cat/0383.jpg,cat
2026-10-05T16:46:47+03:00,https://i.pinimg.com/originals/03/1b/05/031b0536aa75b1fd9b8ea001ab021a84.jpg,0384.jpg,F:\NTSE\lab01\dataset\cat\0384.jpg,../lab01/dataset/cat/0384.jpg,cat
2026-10-05T16:46:48+03:00,https://c8.alamy.com/comp/2JB6A96/portrait-of-a-luxary-white-british-cat-with-green-eyes-on-a-white-background-2JB6A96.jpg,0385.jpg,F:\NTSE\lab01\dataset\cat\0385.jpg,../lab01/dataset/cat/0385.jpg,cat
2026-10-05T16:46:50+03:00,https://i.pinimg.com/736x/3d/f3/27/3df327af0c95e0e8b7d5492db407da43.jpg,0386.jpg,F:\NTSE\lab01\dataset\cat\0386.jpg,../lab01/dataset/cat/0386.jpg,cat
2026-10-05T16:46:52+03:00,https://avatars.mds.yandex.net/get-pdb/1927647/f37ea6d6-d078-4d25-b190-024e851964ac/s1200,0387.jpg,F:\NTSE\lab01\dataset\cat\0387.jpg,../lab01/dataset/cat/0387.jpg,cat
2026-10-05T16:46:53+03:00,https://image.magnific.com/free-photo/close-up-portrait-view-of-the-cute-abyssinian-purebred-cat-photo-fluffy-elegant-cat_536604-1945.jpg,0388.jpg,F:\NTSE\lab01\dataset\cat\0388.jpg,../lab01/dataset/cat/0388.jpg,cat
2026-10-05T16:46:54+03:00,https://images.pexels.com/photos/10543051/pexels-photo-10543051.jpeg?auto=compress&cs=tinysrgb&h=627&fit=crop&w=1200,0389.jpg,F:\NTSE\lab01\dataset\cat\0389.jpg,../lab01/dataset/cat/0389.jpg,cat
2026-10-05T16:46:55+03:00,https://i.pinimg.com/originals/2f/74/47/2f7447a06c56b3fa81dd9c7c24c02644.jpg?nii=t,0390.jpg,F:\NTSE\lab01\dataset\cat\0390.jpg,../lab01/dataset/cat/0390.jpg,cat
2026-10-05T16:46:57+03:00,https://images.squarespace-cdn.com/content/v1/5331d87ce4b088cc57b07091/1488894626377-8AKD1Y4UB9NKUQNRVL1Q/Screen+Shot+2017-03-07+at+8.47.23+AM.png,0391.jpg,F:\NTSE\lab01\dataset\cat\0391.jpg,../lab01/dataset/cat/0391.jpg,cat
2026-10-05T16:46:58+03:00,https://i.pinimg.com/originals/1d/f8/a4/1df8a406add1157971ea36795fb965fd.jpg,0392.jpg,F:\NTSE\lab01\dataset\cat\0392.jpg,../lab01/dataset/cat/0392.jpg,cat
2026-10-05T16:46:59+03:00,https://images.pexels.com/photos/225406/pexels-photo-225406.jpeg?cs=srgb&dl=pexels-mali-225406.jpg&fm=jpg,0393.jpg,F:\NTSE\lab01\dataset\cat\0393.jpg,../lab01/dataset/cat/0393.jpg,cat
2026-10-05T16:47:00+03:00,https://i.pinimg.com/736x/51/2f/ac/512facaf4a63514aec3ea0df8e12246b.jpg,0394.jpg,F:\NTSE\lab01\dataset\cat\0394.jpg,../lab01/dataset/cat/0394.jpg,cat
2026-10-05T16:47:01+03:00,https://i.pinimg.com/736x/09/6b/8d/096b8d9282866ad6417adc7c2aa7a6c3.jpg,0395.jpg,F:\NTSE\lab01\dataset\cat\0395.jpg,../lab01/dataset/cat/0395.jpg,cat
2026-10-05T16:47:03+03:00,https://thumbs.dreamstime.com/z/white-turkish-angora-odd-eye-cat-lying-down-seen-side-looking-camera-isolated-background-95516056.jpg,0396.jpg,F:\NTSE\lab01\dataset\cat\0396.jpg,../lab01/dataset/cat/0396.jpg,cat
2026-10-05T16:47:04+03:00,https://images.pexels.com/photos/21071845/pexels-photo-21071845.jpeg?auto=compress&cs=tinysrgb&h=627&fit=crop&w=1200,0397.jpg,F:\NTSE\lab01\dataset\cat\0397.jpg,../lab01/dataset/cat/0397.jpg,cat
2026-10-05T16:47:07+03:00,https://img.ixbt.site/live/images/original/20/85/03/2025/10/22/16961936c5.jpg,0398.jpg,F:\NTSE\lab01\dataset\cat\0398.jpg,../lab01/dataset/cat/0398.jpg,cat
2026-10-05T16:47:08+03:00,https://storage.beee.pro/users/avatars/122356/VZBdh2lJs3H9eBte0aunEuOWOwnuiib5.jpg,0399.jpg,F:\NTSE\lab01\dataset\cat\0399.jpg,../lab01/dataset/cat/0399.jpg,cat
2026-10-05T16:47:10+03:00,https://i.pinimg.com/originals/e0/e6/31/e0e6316eed74376ca5ecf33969e1c363.jpg,0400.jpg,F:\NTSE\lab01\dataset\cat\0400.jpg,../lab01/dataset/cat/0400.jpg,cat
2026-10-05T16:47:14+03:00,https://cs4.pikabu.ru/post_img/big/2014/09/01/0/1409516357_256061794.jpg,0401.jpg,F:\NTSE\lab01\dataset\cat\0401.jpg,../lab01/dataset/cat/0401.jpg,cat
2026-10-05T16:47:15+03:00,https://i.pinimg.com/originals/68/a3/7e/68a37eda8a7a9f9112568230d9c1ee8c.jpg?nii=t,0402.jpg,F:\NTSE\lab01\dataset\cat\0402.jpg,../lab01/dataset/cat/0402.jpg,cat
2026-10-05T16:47:16+03:00,https://images.pexels.com/photos/35272016/pexels-photo-35272016.jpeg?auto=compress&cs=tinysrgb&h=627&fit=crop&w=1200,0403.jpg,F:\NTSE\lab01\dataset\cat\0403.jpg,../lab01/dataset/cat/0403.jpg,cat
2026-10-05T16:47:17+03:00,https://koshka.top/uploads/posts/2021-11/1637782706_14-koshka-top-p-rizhaya-koshka-na-belom-fone-16.jpg,0404.jpg,F:\NTSE\lab01\dataset\cat\0404.jpg,../lab01/dataset/cat/0404.jpg,cat
2026-10-05T16:47:19+03:00,https://c8.alamy.com/comp/2CF205B/cute-adult-fluffy-red-cat-sitting-and-raised-its-front-paws-up-imitation-of-holding-any-object-animal-isolated-on-a-white-background-2CF205B.jpg,0405.jpg,F:\NTSE\lab01\dataset\cat\0405.jpg,../lab01/dataset/cat/0405.jpg,cat
2026-10-05T16:47:21+03:00,https://www.shutterstock.com/shutterstock/photos/2262437605/display_1500/stock-photo-maine-coon-cat-in-front-of-white-background-2262437605.jpg,0406.jpg,F:\NTSE\lab01\dataset\cat\0406.jpg,../lab01/dataset/cat/0406.jpg,cat
2026-10-05T16:47:49+03:00,https://i.pinimg.com/originals/da/57/07/da57070fd89dfa541c50266eef2cfef3.jpg,0407.jpg,F:\NTSE\lab01\dataset\cat\0407.jpg,../lab01/dataset/cat/0407.jpg,cat
2026-10-05T16:47:51+03:00,https://yt3.googleusercontent.com/xB3ur6lWWmg4DFzGdaQ8HWyrq_8zQxpvgA5YpWI2xAWJSISk7wODBG89RIp86Hi2lOsh06S8zA=s900-c-k-c0x00ffffff-no-rj,0408.jpg,F:\NTSE\lab01\dataset\cat\0408.jpg,../lab01/dataset/cat/0408.jpg,cat
2026-10-05T16:47:54+03:00,https://resizer.mail.ru/p/4b9e3306-6541-5deb-8cd2-f3ef3d675357/AQAOVt5USfqh4RcbP5-YSYQ71C6Y908Zf_8uE28_foLvQj2KA8E71CltVeIoN-v4C3oP8uzLjnhlomEvzFv33lRrmZE.jpg,0409.jpg,F:\NTSE\lab01\dataset\cat\0409.jpg,../lab01/dataset/cat/0409.jpg,cat
2026-10-05T16:48:03+03:00,https://remanga.org/media/posts/itogi-1-dnja-681e767e/attachment_a3eac69702a043ec.webp,0410.jpg,F:\NTSE\lab01\dataset\cat\0410.jpg,../lab01/dataset/cat/0410.jpg,cat
2026-10-05T16:48:04+03:00,https://static1.bigstockphoto.com/0/6/2/large1500/260376139.jpg,0411.jpg,F:\NTSE\lab01\dataset\cat\0411.jpg,../lab01/dataset/cat/0411.jpg,cat
2026-10-05T16:48:06+03:00,https://s0.rbk.ru/v6_top_pics/media/img/6/04/346934622324046.webp,0412.jpg,F:\NTSE\lab01\dataset\cat\0412.jpg,../lab01/dataset/cat/0412.jpg,cat
2026-10-05T16:48:08+03:00,https://img.okezone.com/content/2024/04/03/408/2992153/kotor-kota-bersejarah-di-montenegro-surganya-para-pencinta-kucing-RXMoiUHq6x.jpg,0413.jpg,F:\NTSE\lab01\dataset\cat\0413.jpg,../lab01/dataset/cat/0413.jpg,cat
2026-10-05T16:48:10+03:00,https://i.pinimg.com/originals/53/67/8e/53678ebd459334979bf192f66d514e66.jpg,0414.jpg,F:\NTSE\lab01\dataset\cat\0414.jpg,../lab01/dataset/cat/0414.jpg,cat
2026-10-05T16:48:11+03:00,https://yt3.googleusercontent.com/d0SwBhQ9qthDvwA2D7Q2QlSyfZwUdUUbwL5GsWQGTqfXqVajcRZVZAw3b_FN0rNmRO_GB6zeY6Q=s900-c-k-c0x00ffffff-no-rj,0415.jpg,F:\NTSE\lab01\dataset\cat\0415.jpg,../lab01/dataset/cat/0415.jpg,cat
2026-10-05T16:48:13+03:00,https://i.pinimg.com/originals/3e/40/66/3e40663b3a763d8c1ef15f6ffb86f1e2.jpg?nii=t,0416.jpg,F:\NTSE\lab01\dataset\cat\0416.jpg,../lab01/dataset/cat/0416.jpg,cat
2026-10-05T16:48:15+03:00,https://cdn.mos.cms.futurecdn.net/Y9tNXSLZmxZucTp4NoSGFc.jpg,0417.jpg,F:\NTSE\lab01\dataset\cat\0417.jpg,../lab01/dataset/cat/0417.jpg,cat
2026-10-05T16:48:16+03:00,https://i.pinimg.com/736x/ce/f0/54/cef054c0fc58087da215792a36bf7140.jpg,0418.jpg,F:\NTSE\lab01\dataset\cat\0418.jpg,../lab01/dataset/cat/0418.jpg,cat
2026-10-05T16:48:18+03:00,https://thumbs.dreamstime.com/z/%D0%B1%D0%B5%D0%BB%D1%8B%D0%B9-%D0%BA%D0%BE%D1%82-%D1%81%D0%BC%D0%B5%D1%88%D0%B0%D0%BD%D0%BD-%D0%BF%D0%BE%D1%80%D0%BE%D0%B4%D1%8B-%D0%B3%D0%BE%D0%B4%D0%B0-%D1%81%D1%82%D0%B0%D1%80%D0%BE%D0%B3%D0%BE-%D0%B8%D0%B7%D0%BE%D0%BB%D0%B8%D1%80%D0%BE%D0%B2%D0%B0%D0%BD%D0%BD%D1%8B%D0%B9-105772510.jpg,0419.jpg,F:\NTSE\lab01\dataset\cat\0419.jpg,../lab01/dataset/cat/0419.jpg,cat
2026-10-05T16:48:20+03:00,https://pet-health-content-media.chewy.com/wp-content/uploads/2025/09/03152627/black-cat-gold-eyes-scaled.jpeg,0420.jpg,F:\NTSE\lab01\dataset\cat\0420.jpg,../lab01/dataset/cat/0420.jpg,cat
2026-10-05T16:48:21+03:00,https://catconcern.org.gg/wp-content/uploads/2019/05/cat.jpg?id=3739,0421.jpg,F:\NTSE\lab01\dataset\cat\0421.jpg,../lab01/dataset/cat/0421.jpg,cat
2026-10-05T16:48:23+03:00,https://i.pinimg.com/originals/33/a1/82/33a1822d6fa60e71f5386fbfddbda46d.jpg?nii=t,0422.jpg,F:\NTSE\lab01\dataset\cat\0422.jpg,../lab01/dataset/cat/0422.jpg,cat
2026-10-05T16:48:24+03:00,https://i.pinimg.com/736x/a3/0f/b6/a30fb6e6077e69c85243b4a629ed6212.jpg,0423.jpg,F:\NTSE\lab01\dataset\cat\0423.jpg,../lab01/dataset/cat/0423.jpg,cat
2026-10-05T16:48:26+03:00,https://i.pinimg.com/originals/ae/5d/f5/ae5df57be255570e3451f6c95144b32b.jpg,0424.jpg,F:\NTSE\lab01\dataset\cat\0424.jpg,../lab01/dataset/cat/0424.jpg,cat
2026-10-05T16:49:20+03:00,https://80260a38-cd53-43e6-9a46-b87501bf37bc.selstorage.ru/cfd430e6-b74c-4be4-80f4-aac95f22ba70.jpg,0425.jpg,F:\NTSE\lab01\dataset\cat\0425.jpg,../lab01/dataset/cat/0425.jpg,cat
2026-10-05T16:49:22+03:00,https://mir-s3-cdn-cf.behance.net/project_modules/max_3840_webp/2ff182231314153.68be57943b252.jpeg,0426.jpg,F:\NTSE\lab01\dataset\cat\0426.jpg,../lab01/dataset/cat/0426.jpg,cat
2026-10-05T16:49:24+03:00,https://thumbs.dreamstime.com/z/%D1%88%D0%BE%D1%82-%D0%B0%D0%BD-%D1%81%D0%BA%D0%B0%D1%8F-%D0%B2%D1%81%D0%BF%D1%8B-%D1%8C%D1%87%D0%B8%D0%B2%D0%B0%D1%8F-%D0%BA%D0%BE%D1%88%D0%BA%D0%B0-silvestris-grampia-80901136.jpg,0427.jpg,F:\NTSE\lab01\dataset\cat\0427.jpg,../lab01/dataset/cat/0427.jpg,cat
2026-10-05T16:49:25+03:00,https://i.ytimg.com/vi/8Xjg2U0r3so/maxresdefault.jpg,0428.jpg,F:\NTSE\lab01\dataset\cat\0428.jpg,../lab01/dataset/cat/0428.jpg,cat
2026-10-05T16:49:26+03:00,https://i.pinimg.com/originals/81/10/0c/81100c67a9373d6e508352e3fbf9ce3d.jpg,0429.jpg,F:\NTSE\lab01\dataset\cat\0429.jpg,../lab01/dataset/cat/0429.jpg,cat
2026-10-05T16:49:27+03:00,https://thumbs.dreamstime.com/z/%D1%87%D0%B5%D1%80%D0%BD%D0%BE%D1%82%D0%B0-%D1%83%D1%81%D1%82%D1%80%D0%B0%D1%88%D0%B8%D0%BB%D0%B0-%D0%BF%D0%BE%D0%BB%D0%BE%D0%B6%D0%B5%D0%BD%D0%B8%D0%B5-%D0%BA%D0%BE%D1%82%D0%B5%D0%BD%D0%BA%D0%B0-16408151.jpg,0430.jpg,F:\NTSE\lab01\dataset\cat\0430.jpg,../lab01/dataset/cat/0430.jpg,cat
2026-10-05T16:49:33+03:00,https://bilimsarayi.kz/wp-content/uploads/2025/07/ad_4nxfwt3wsb4fm3flsuhwcgcxgtokeiodoarwvpnbfl5uks0kvswy1hrs2kazetymq6fh30lxytwbiv66rzinitguocg9sn-sombxk3qv1fcset7vutpdn9gkemwsevubi7dkrfzjlxw-1536x1536.jpg,0431.jpg,F:\NTSE\lab01\dataset\cat\0431.jpg,../lab01/dataset/cat/0431.jpg,cat
2026-10-05T16:49:34+03:00,https://i.pinimg.com/736x/36/37/db/3637db8607ac98fd301b17bbaea806e0.jpg,0432.jpg,F:\NTSE\lab01\dataset\cat\0432.jpg,../lab01/dataset/cat/0432.jpg,cat
2026-10-05T16:49:35+03:00,https://i.pinimg.com/originals/a8/1d/90/a81d90cc5c31543336979a2d4e78f961.jpg,0433.jpg,F:\NTSE\lab01\dataset\cat\0433.jpg,../lab01/dataset/cat/0433.jpg,cat
2026-10-05T16:50:03+03:00,https://www.epochtimes.ru/assets/uploads/2026/05/kittens-e1780056094576.webp,0434.jpg,F:\NTSE\lab01\dataset\cat\0434.jpg,../lab01/dataset/cat/0434.jpg,cat
2026-10-05T16:50:05+03:00,https://yt3.googleusercontent.com/XlG-5xhINx6CgYpZIExpgIJWc2i7rVIpJP085bMZbMxyCKWx_CC-hcwIkcLQSFFgKgb-lljx2ZA=s900-c-k-c0x00ffffff-no-rj,0435.jpg,F:\NTSE\lab01\dataset\cat\0435.jpg,../lab01/dataset/cat/0435.jpg,cat
2026-10-05T16:50:05+03:00,https://i.ytimg.com/vi/8xnYtfn0h6g/maxresdefault.jpg,0436.jpg,F:\NTSE\lab01\dataset\cat\0436.jpg,../lab01/dataset/cat/0436.jpg,cat
2026-10-05T16:50:06+03:00,https://i.ytimg.com/vi/fCH5iVP2vHA/maxresdefault.jpg,0437.jpg,F:\NTSE\lab01\dataset\cat\0437.jpg,../lab01/dataset/cat/0437.jpg,cat
2026-10-05T16:50:08+03:00,https://www.armandhammer.com/-/media/aah/feature/articles/cat-litter-articles/cat-eating-food-header.jpg,0438.jpg,F:\NTSE\lab01\dataset\cat\0438.jpg,../lab01/dataset/cat/0438.jpg,cat
2026-10-05T16:50:10+03:00,https://www.modelsdirect.org.uk/wp-content/uploads/2023/01/shutterstock_290323535-2.jpg,0439.jpg,F:\NTSE\lab01\dataset\cat\0439.jpg,../lab01/dataset/cat/0439.jpg,cat
2026-10-05T16:50:11+03:00,https://thumbs.dreamstime.com/z/tabby-cat-lying-white-18926347.jpg,0440.jpg,F:\NTSE\lab01\dataset\cat\0440.jpg,../lab01/dataset/cat/0440.jpg,cat
2026-10-05T16:50:12+03:00,https://yt3.ggpht.com/ytc/AKedOLQGq8BujMlC6WIfpG-75OkzDksnfiE8IRiFQqJCtA=s900-c-k-c0x00ffffff-no-rj,0441.jpg,F:\NTSE\lab01\dataset\cat\0441.jpg,../lab01/dataset/cat/0441.jpg,cat
2026-10-05T16:50:14+03:00,https://homeplaner.pl/wp-content/uploads/adorable-cat-relaxing-indoors-1-scaled.jpg,0442.jpg,F:\NTSE\lab01\dataset\cat\0442.jpg,../lab01/dataset/cat/0442.jpg,cat
2026-10-05T16:50:15+03:00,https://i.ytimg.com/vi/uKbOg94FLLo/maxresdefault.jpg,0443.jpg,F:\NTSE\lab01\dataset\cat\0443.jpg,../lab01/dataset/cat/0443.jpg,cat
2026-10-05T16:50:22+03:00,https://speakingofresearch.com/wp-content/uploads/2021/03/kot_z_mysza.jpg,0444.jpg,F:\NTSE\lab01\dataset\cat\0444.jpg,../lab01/dataset/cat/0444.jpg,cat
2026-10-05T16:50:23+03:00,https://i.pinimg.com/originals/66/2a/57/662a5718c15f73ec4cc177ec69e1efef.webp,0445.jpg,F:\NTSE\lab01\dataset\cat\0445.jpg,../lab01/dataset/cat/0445.jpg,cat
2026-10-05T16:50:57+03:00,https://polvamvdom.ru/i/brands/ensten/br_82d.webp,0446.jpg,F:\NTSE\lab01\dataset\cat\0446.jpg,../lab01/dataset/cat/0446.jpg,cat
2026-10-05T16:50:59+03:00,https://c.wallhere.com/photos/01/c0/1920x1080_px_cats-1906283.jpg!d,0447.jpg,F:\NTSE\lab01\dataset\cat\0447.jpg,../lab01/dataset/cat/0447.jpg,cat
2026-10-05T16:51:00+03:00,https://i.ytimg.com/vi/bJ84vyja8fA/maxresdefault.jpg,0448.jpg,F:\NTSE\lab01\dataset\cat\0448.jpg,../lab01/dataset/cat/0448.jpg,cat
2026-10-05T16:51:02+03:00,https://www.walkervillevet.com.au/wp-content/uploads/2018/11/cat-exotic-1030x773.jpg,0449.jpg,F:\NTSE\lab01\dataset\cat\0449.jpg,../lab01/dataset/cat/0449.jpg,cat
2026-10-05T16:51:04+03:00,https://resizer.mail.ru/p/40d37d27-91ef-5717-a5d7-5d3fc3330ef5/AQAObiaaZE6QZwp8OJBcF3AB45sEdnSt97tgN7ohHOkP9FMnth4DgJP6vur_oip0r0Ra6PMzyjnikFNaMyYVFooxN4c.jpg,0450.jpg,F:\NTSE\lab01\dataset\cat\0450.jpg,../lab01/dataset/cat/0450.jpg,cat
2026-10-05T16:51:05+03:00,https://i.pinimg.com/originals/bf/92/55/bf92557040583292ce1e174b584f294f.jpg?nii=t,0451.jpg,F:\NTSE\lab01\dataset\cat\0451.jpg,../lab01/dataset/cat/0451.jpg,cat
2026-10-05T16:51:06+03:00,https://i.ytimg.com/vi/sAcYdbgIeMI/maxresdefault.jpg,0452.jpg,F:\NTSE\lab01\dataset\cat\0452.jpg,../lab01/dataset/cat/0452.jpg,cat
2026-10-05T16:51:07+03:00,https://i.pinimg.com/originals/f1/bd/21/f1bd21dfb24f34ea75c473bec08db483.jpg?nii=t,0453.jpg,F:\NTSE\lab01\dataset\cat\0453.jpg,../lab01/dataset/cat/0453.jpg,cat
2026-10-05T16:51:09+03:00,https://static2.bigstockphoto.com/6/4/1/large1500/146583191.jpg,0454.jpg,F:\NTSE\lab01\dataset\cat\0454.jpg,../lab01/dataset/cat/0454.jpg,cat
2026-10-05T16:51:11+03:00,https://thumbs.dreamstime.com/z/siberian-%D0%BA%D0%BE%D1%82-%D0%BD%D0%B0-%D0%B1%D0%B5%D0%BB%D0%BE%D0%B9-%D0%BF%D1%80%D0%B5%D0%B4%D0%BF%D0%BE%D1%81%D1%8B%D0%BB%D0%BA%D0%B5-25793600.jpg,0455.jpg,F:\NTSE\lab01\dataset\cat\0455.jpg,../lab01/dataset/cat/0455.jpg,cat
2026-10-05T16:51:12+03:00,https://i.pinimg.com/originals/2c/37/cb/2c37cbe10cd2f7d311f5aaeecfe1d5a3.jpg,0456.jpg,F:\NTSE\lab01\dataset\cat\0456.jpg,../lab01/dataset/cat/0456.jpg,cat
2026-10-05T16:51:13+03:00,https://www.rover.com/blog/wp-content/uploads/2021/08/cat-righting-reflex-scaled.jpg,0457.jpg,F:\NTSE\lab01\dataset\cat\0457.jpg,../lab01/dataset/cat/0457.jpg,cat
2026-10-05T16:51:15+03:00,https://pcsniagara.com/wp-content/uploads/2019/12/Dollarphotoclub_55143440-scaled.jpg,0458.jpg,F:\NTSE\lab01\dataset\cat\0458.jpg,../lab01/dataset/cat/0458.jpg,cat
2026-10-05T16:51:20+03:00,https://i.ytimg.com/vi/dUMGmHEfB1I/maxresdefault.jpg,0459.jpg,F:\NTSE\lab01\dataset\cat\0459.jpg,../lab01/dataset/cat/0459.jpg,cat
2026-10-05T16:51:21+03:00,https://thumbs.dreamstime.com/b/red-cat-walking-towards-camera-isolated-white-male-30994492.jpg?w=768,0460.jpg,F:\NTSE\lab01\dataset\cat\0460.jpg,../lab01/dataset/cat/0460.jpg,cat
2026-10-05T16:51:22+03:00,https://img.goodfon.ru/wallpaper/nbig/0/b7/kot-koshka-vzgliad-23.webp,0461.jpg,F:\NTSE\lab01\dataset\cat\0461.jpg,../lab01/dataset/cat/0461.jpg,cat
2026-10-05T16:51:23+03:00,https://www.legowiskadlazwierzat.com.pl/wp-content/uploads/2026/05/52648.avif,0462.jpg,F:\NTSE\lab01\dataset\cat\0462.jpg,../lab01/dataset/cat/0462.jpg,cat
2026-10-05T16:51:24+03:00,https://i.pinimg.com/originals/8a/2e/31/8a2e31d04989b6465d1759add75dd182.jpg,0463.jpg,F:\NTSE\lab01\dataset\cat\0463.jpg,../lab01/dataset/cat/0463.jpg,cat
2026-10-05T16:51:26+03:00,https://i.pinimg.com/originals/ca/4a/b1/ca4ab1880781ab2708bbb7ddab08278a.jpg,0464.jpg,F:\NTSE\lab01\dataset\cat\0464.jpg,../lab01/dataset/cat/0464.jpg,cat
2026-10-05T16:51:27+03:00,https://i2-prod.manchestereveningnews.co.uk/article29325533.ece/ALTERNATES/s1200f/0_Cat-on-bed.jpg,0465.jpg,F:\NTSE\lab01\dataset\cat\0465.jpg,../lab01/dataset/cat/0465.jpg,cat
2026-10-05T16:51:29+03:00,https://www.wmn.de/wp-content/uploads/sites/2/2024/06/gluckskatzen.jpg?resize=1200,0466.jpg,F:\NTSE\lab01\dataset\cat\0466.jpg,../lab01/dataset/cat/0466.jpg,cat
2026-10-05T16:51:30+03:00,https://images.pexels.com/photos/33934037/pexels-photo-33934037.jpeg?cs=srgb&dl=pexels-rishu-bhosale-40372778-33934037.jpg&fm=jpg,0467.jpg,F:\NTSE\lab01\dataset\cat\0467.jpg,../lab01/dataset/cat/0467.jpg,cat
2026-10-05T16:51:31+03:00,https://static.vecteezy.com/system/resources/previews/002/412/802/large_2x/black-and-white-cat-on-blue-background-free-photo.jpg,0468.jpg,F:\NTSE\lab01\dataset\cat\0468.jpg,../lab01/dataset/cat/0468.jpg,cat
2026-10-05T16:51:32+03:00,https://img.goodfon.ru/wallpaper/nbig/d/54/koshki-koty-beg-igra.webp,0469.jpg,F:\NTSE\lab01\dataset\cat\0469.jpg,../lab01/dataset/cat/0469.jpg,cat
2026-10-05T16:51:34+03:00,https://yt3.googleusercontent.com/ytc/AIdro_nwbMnQ706S8D4C-GKMqsZ91Jx4t1vOoF-ZVW_kP2Z119Q=s900-c-k-c0x00ffffff-no-rj,0470.jpg,F:\NTSE\lab01\dataset\cat\0470.jpg,../lab01/dataset/cat/0470.jpg,cat
2026-10-05T16:51:36+03:00,https://www.shutterstock.com/shutterstock/photos/1802143909/display_1500/stock-photo-bengal-young-cat-is-sleeping-on-gray-sofa-cute-tabby-kitten-funny-lying-on-couch-belly-up-1802143909.jpg,0471.jpg,F:\NTSE\lab01\dataset\cat\0471.jpg,../lab01/dataset/cat/0471.jpg,cat
2026-10-05T16:51:37+03:00,https://i.ytimg.com/vi/q4eFcPvABHM/maxresdefault.jpg,0472.jpg,F:\NTSE\lab01\dataset\cat\0472.jpg,../lab01/dataset/cat/0472.jpg,cat
2026-10-05T16:51:38+03:00,https://img.goodfon.ru/wallpaper/nbig/7/10/kot-koshka-britanskii-britanets-polosatyi-seryi-mramornyi-po.webp,0473.jpg,F:\NTSE\lab01\dataset\cat\0473.jpg,../lab01/dataset/cat/0473.jpg,cat
2026-10-05T16:51:39+03:00,https://i.pinimg.com/originals/e4/20/17/e4201781d6a035cc07d4b4e4e523b062.jpg?nii=t,0474.jpg,F:\NTSE\lab01\dataset\cat\0474.jpg,../lab01/dataset/cat/0474.jpg,cat
2026-10-05T16:51:40+03:00,https://image.magnific.com/free-photo/beautiful-tabby-domestic-cat-sits-at-home-blue-background-cute-adorable-pet-cat_502065-1105.jpg,0475.jpg,F:\NTSE\lab01\dataset\cat\0475.jpg,../lab01/dataset/cat/0475.jpg,cat
2026-10-05T16:51:42+03:00,https://i.pinimg.com/originals/0f/2a/fb/0f2afbb2c661f6542f5db28c3e849700.jpg?nii=t,0476.jpg,F:\NTSE\lab01\dataset\cat\0476.jpg,../lab01/dataset/cat/0476.jpg,cat
2026-10-05T16:51:43+03:00,https://i.pinimg.com/originals/07/fb/9b/07fb9bdf38000274184837ed2b54cfa2.jpg,0477.jpg,F:\NTSE\lab01\dataset\cat\0477.jpg,../lab01/dataset/cat/0477.jpg,cat
2026-10-05T16:51:44+03:00,https://resizer.mail.ru/p/67d36c15-5128-5060-9c71-7e7e9e96b2af/dpr:200/AQAORtoY4lCijhn01lrjabfuXPw8cAKd1YUx5I4wJa6lGyPbQAvECRg1M6jOSL9nysm13DnS33h_dZNB2HS-97ZSZwo.jpg,0478.jpg,F:\NTSE\lab01\dataset\cat\0478.jpg,../lab01/dataset/cat/0478.jpg,cat
2026-10-05T16:51:45+03:00,https://img.goodfon.ru/wallpaper/nbig/f/9e/britanskii-koshka-kotenok-poza-mordashka-vzgliad-ryzhii-shin.webp,0479.jpg,F:\NTSE\lab01\dataset\cat\0479.jpg,../lab01/dataset/cat/0479.jpg,cat
2026-10-05T16:51:46+03:00,https://i.pinimg.com/originals/3c/fd/4f/3cfd4fb9a80fe38c48f3a545a6961f6f.jpg,0480.jpg,F:\NTSE\lab01\dataset\cat\0480.jpg,../lab01/dataset/cat/0480.jpg,cat
2026-10-05T16:51:48+03:00,https://images.unian.net/photos/2026_01/1768853903-3090.jpg?r=343676,0481.jpg,F:\NTSE\lab01\dataset\cat\0481.jpg,../lab01/dataset/cat/0481.jpg,cat
2026-10-05T16:51:49+03:00,https://img.goodfon.ru/wallpaper/nbig/7/bb/koshka-pushistaya-mordochka-sneg.webp,0482.jpg,F:\NTSE\lab01\dataset\cat\0482.jpg,../lab01/dataset/cat/0482.jpg,cat
2026-10-05T16:53:09+03:00,https://i.pinimg.com/originals/e4/e4/82/e4e482efefe2e46380fcf78fa52c3975.jpg?nii=t,0483.jpg,F:\NTSE\lab01\dataset\cat\0483.jpg,../lab01/dataset/cat/0483.jpg,cat
2026-10-05T16:53:10+03:00,https://static1.bigstockphoto.com/7/1/1/large1500/117266249.jpg,0484.jpg,F:\NTSE\lab01\dataset\cat\0484.jpg,../lab01/dataset/cat/0484.jpg,cat
2026-10-05T16:53:12+03:00,https://media1.popsugar-assets.com/files/thumbor/64khM04Uvp45i8kIll8TcZVtg94=/0x123:3466x1943/fit-in/3466x2599/top/filters:format_auto():quality(85):upscale()/2020/09/23/849/n/47066576/0600790f5f6ba0984c9721.25380431_.jpg,0485.jpg,F:\NTSE\lab01\dataset\cat\0485.jpg,../lab01/dataset/cat/0485.jpg,cat
2026-10-05T16:53:15+03:00,https://cdn.lifehacker.ru/wp-content/uploads/2025/09/pic_inside_9_1756885721.jpg,0486.jpg,F:\NTSE\lab01\dataset\cat\0486.jpg,../lab01/dataset/cat/0486.jpg,cat
2026-10-05T16:53:17+03:00,https://www.vets4pets.com/siteassets/species/cat/cat-affecrion-owner.jpg?w=585&scale=down,0487.jpg,F:\NTSE\lab01\dataset\cat\0487.jpg,../lab01/dataset/cat/0487.jpg,cat
2026-10-05T16:53:19+03:00,https://i.pinimg.com/736x/8f/1c/42/8f1c42ba771d9ecd15c6f5fda11817b6.jpg,0488.jpg,F:\NTSE\lab01\dataset\cat\0488.jpg,../lab01/dataset/cat/0488.jpg,cat
2026-10-05T16:53:20+03:00,https://i.ytimg.com/vi/sUMoFwHNu9g/maxresdefault.jpg,0489.jpg,F:\NTSE\lab01\dataset\cat\0489.jpg,../lab01/dataset/cat/0489.jpg,cat
2026-10-05T16:53:48+03:00,https://static.tildacdn.com/tild3662-3734-4639-a164-373031633435/24495190.jpg,0490.jpg,F:\NTSE\lab01\dataset\cat\0490.jpg,../lab01/dataset/cat/0490.jpg,cat
2026-10-05T16:53:50+03:00,https://www.shutterstock.com/shutterstock/photos/2629669683/display_1500/stock-photo-two-cats-sleeping-together-on-a-bed-with-blanket-and-pillows-around-them-looking-at-the-camera-2629669683.jpg,0491.jpg,F:\NTSE\lab01\dataset\cat\0491.jpg,../lab01/dataset/cat/0491.jpg,cat
2026-10-05T16:53:51+03:00,https://i.pinimg.com/originals/1f/c1/43/1fc143d65386e192bf91e54325070524.jpg,0492.jpg,F:\NTSE\lab01\dataset\cat\0492.jpg,../lab01/dataset/cat/0492.jpg,cat
2026-10-05T16:54:00+03:00,https://i.playerok.com/1ElnTkDP0e_lvCJAphaoogEZjUTtxgLv76NxMOkHjQ4/wm:0.8:soea:5:2:0.2/rs:fill:0:1000:1/g:no/quality:99/czM6Ly9wbGF5ZXJvay9pbWFnZXMvYXZhdGFycy8wMWEwOTYwOS01MzY3LTc3ZWYtYjk3ZC0wNTZjZTM1N2VmZGIuanBn.jpg,0493.jpg,F:\NTSE\lab01\dataset\cat\0493.jpg,../lab01/dataset/cat/0493.jpg,cat
2026-10-05T16:54:01+03:00,https://c8.alamy.com/comp/2XY60PY/classic-tabby-house-cat-sitting-up-facing-front-with-one-paw-playful-in-air-looking-towards-camera-isolated-on-a-white-background-2XY60PY.jpg,0494.jpg,F:\NTSE\lab01\dataset\cat\0494.jpg,../lab01/dataset/cat/0494.jpg,cat
2026-10-05T16:54:02+03:00,https://thumbs.dreamstime.com/z/funny-cat-face-british-shorthair-close-up-34872397.jpg,0495.jpg,F:\NTSE\lab01\dataset\cat\0495.jpg,../lab01/dataset/cat/0495.jpg,cat
2026-10-05T16:54:19+03:00,https://lh7-us.googleusercontent.com/XZC9s-8JGesHQ7as2WZQEWcHU91A63541JhCBm1MAT_eudmI3ld4tat4gCzaRobaCVmy6L208IkxXnEbJnWLPPv4ofU_BZ4g9EEkLh6DO-E5B5JaH3Zcf_RpEnQJ_z47Q3XGLfu8NdxOLsHrjp7CKWU,0496.jpg,F:\NTSE\lab01\dataset\cat\0496.jpg,../lab01/dataset/cat/0496.jpg,cat
2026-10-05T16:54:20+03:00,https://yac-wh-sb-prod-s3-media-04001.storage.yandexcloud.net/db_connection/1/layer_item/1/articles/18847/wysiwig-img/%D0%90%D0%9D_%D0%A1%D0%B8%D0%B0%D0%BC%D1%81%D0%BA%D0%B0%D1%8F%20IMG_5998%20copy.webp,0497.jpg,F:\NTSE\lab01\dataset\cat\0497.jpg,../lab01/dataset/cat/0497.jpg,cat
2026-10-05T16:54:23+03:00,https://yac-wh-sb-prod-s3-media-07001.storage.yandexcloud.net/media/images/shutterstock_1581289918.max-2880x1820.format-jpeg.jpg,0498.jpg,F:\NTSE\lab01\dataset\cat\0498.jpg,../lab01/dataset/cat/0498.jpg,cat
2026-10-05T16:55:44+03:00,https://opis-cdn.tinkoffjournal.ru/mercury/06-expensive-cats-2.jpg,0499.jpg,F:\NTSE\lab01\dataset\cat\0499.jpg,../lab01/dataset/cat/0499.jpg,cat
2026-10-05T16:55:45+03:00,https://images.pexels.com/photos/16353709/pexels-photo-16353709.jpeg?cs=srgb&dl=pexels-nuh-portakal-1195275-16353709.jpg&fm=jpg,0500.jpg,F:\NTSE\lab01\dataset\cat\0500.jpg,../lab01/dataset/cat/0500.jpg,cat
2026-10-05T16:57:06+03:00,https://resizer.mail.ru/p/058ec4b3-746a-5f8b-bf1b-fd4cab46d090/AQAOS0iPedfnAjdhlmYCCbDCzvdRhD_xcx1smXvN8KB0vNy0l7_d4c_kT_8BZRSZN2vV5fk8eXLWtxq_B-ccxtdKIrQ.jpg,0501.jpg,F:\NTSE\lab01\dataset\cat\0501.jpg,../lab01/dataset/cat/0501.jpg,cat
2026-10-05T16:57:07+03:00,https://images.pexels.com/photos/14665357/pexels-photo-14665357.jpeg?cs=srgb&dl=pexels-ibookrt-64078786-14665357.jpg&fm=jpg,0502.jpg,F:\NTSE\lab01\dataset\cat\0502.jpg,../lab01/dataset/cat/0502.jpg,cat
2026-10-05T16:57:09+03:00,https://img.goodfon.ru/wallpaper/nbig/a/b7/koshka-vzgliad-poza-mordashka-ii-art-neiroset-iskusstvo-is-2.webp,0503.jpg,F:\NTSE\lab01\dataset\cat\0503.jpg,../lab01/dataset/cat/0503.jpg,cat
2026-10-05T16:57:10+03:00,https://yac-wh-sb-prod-s3-media-04001.storage.yandexcloud.net/db_connection/1/layer_item/1/articles/16486/wysiwig-img/%D0%90%D0%9D_%D0%B1%D0%B5%D0%BD%D0%B3%D0%B0%D0%BB%D1%8C%D1%81%D0%BA%D0%B0%D1%8F%202%20copy%202.webp,0504.jpg,F:\NTSE\lab01\dataset\cat\0504.jpg,../lab01/dataset/cat/0504.jpg,cat
2026-10-05T16:57:11+03:00,https://i.pinimg.com/originals/e3/01/a6/e301a6c3d92b17a99eadc1fe1bd23f50.jpg?nii=t,0505.jpg,F:\NTSE\lab01\dataset\cat\0505.jpg,../lab01/dataset/cat/0505.jpg,cat
2026-10-05T16:57:13+03:00,https://img0.reactor.cc/pics/post/full/%D0%BA%D0%BE%D1%82%D1%8D-8178792.jpeg,0506.jpg,F:\NTSE\lab01\dataset\cat\0506.jpg,../lab01/dataset/cat/0506.jpg,cat
2026-10-05T16:57:14+03:00,https://assets.newsweek.com/wp-content/uploads/2025/08/1809510-cymric-cat.jpg?w=1600&quality=80&webp=1,0507.jpg,F:\NTSE\lab01\dataset\cat\0507.jpg,../lab01/dataset/cat/0507.jpg,cat
2026-10-05T16:57:16+03:00,https://thehill.com/wp-content/uploads/sites/2/2024/09/GettyImages-1413209010-e1726000825955.jpg?w=1400&h=786&crop=1,0508.jpg,F:\NTSE\lab01\dataset\cat\0508.jpg,../lab01/dataset/cat/0508.jpg,cat
2026-10-05T16:57:17+03:00,https://i2-prod.walesonline.co.uk/article32057769.ece/ALTERNATES/s1200e/0_Domestic-cat-is-looking-down.jpg,0509.jpg,F:\NTSE\lab01\dataset\cat\0509.jpg,../lab01/dataset/cat/0509.jpg,cat
2026-10-05T16:57:18+03:00,https://i.pinimg.com/originals/af/c7/18/afc718b621b5db32a5ccde4390b2e99b.jpg,0510.jpg,F:\NTSE\lab01\dataset\cat\0510.jpg,../lab01/dataset/cat/0510.jpg,cat
2026-10-05T16:57:20+03:00,https://consumer-cms.petfinder.com/sites/default/files/images/content/DDC%201.jpg,0511.jpg,F:\NTSE\lab01\dataset\cat\0511.jpg,../lab01/dataset/cat/0511.jpg,cat
2026-10-05T16:57:22+03:00,https://cdn.mos.cms.futurecdn.net/Fa2v6mXnhqyJnfWccULusX.jpg,0512.jpg,F:\NTSE\lab01\dataset\cat\0512.jpg,../lab01/dataset/cat/0512.jpg,cat
2026-10-05T16:57:23+03:00,https://aif-s3.aif.ru/images/034/915/810e4e846bdc933d81dd04c3679831f2.jpg,0513.jpg,F:\NTSE\lab01\dataset\cat\0513.jpg,../lab01/dataset/cat/0513.jpg,cat
2026-10-05T16:57:24+03:00,https://mixstuff.ru/wp-content/uploads/2025/05/adorable-cat-lifestyle_23-2151593335-2.jpg,0514.jpg,F:\NTSE\lab01\dataset\cat\0514.jpg,../lab01/dataset/cat/0514.jpg,cat
2026-10-05T16:57:26+03:00,https://www.rbc.ua/static/img/f/r/freepik_com__2149216377_ba440681d0f9ca1ed57eecec0d38929a_1300x820.jpg,0515.jpg,F:\NTSE\lab01\dataset\cat\0515.jpg,../lab01/dataset/cat/0515.jpg,cat
2026-10-05T16:58:46+03:00,https://img.pravda.ru/image/preview/article/0/5/3/2337053_amp.jpeg,0516.jpg,F:\NTSE\lab01\dataset\cat\0516.jpg,../lab01/dataset/cat/0516.jpg,cat
2026-10-05T17:00:06+03:00,https://image.magnific.com/free-photo/maine-coon-cat-face-closeup_87557-18391.jpg,0517.jpg,F:\NTSE\lab01\dataset\cat\0517.jpg,../lab01/dataset/cat/0517.jpg,cat
2026-10-05T17:00:08+03:00,https://b-port.com/mediafiles/news/31707/daad2a38a891b76e9456c025c6b9457f7d9fb954.jpg,0518.jpg,F:\NTSE\lab01\dataset\cat\0518.jpg,../lab01/dataset/cat/0518.jpg,cat
2026-10-05T17:00:09+03:00,https://images.ctfassets.net/ejq5tiotlgyv/3tsKz25yKrC0cp03ruuEh/d8bf2efdd323c7cdb9540d8c906284a2/katzen-allergie.webp?w=1600&h=1068&fm=webp,0519.jpg,F:\NTSE\lab01\dataset\cat\0519.jpg,../lab01/dataset/cat/0519.jpg,cat
2026-10-05T17:00:11+03:00,https://welovecatz.hu/media/images/skot_logofulu.original.jpg,0520.jpg,F:\NTSE\lab01\dataset\cat\0520.jpg,../lab01/dataset/cat/0520.jpg,cat
2026-10-05T17:00:13+03:00,https://cdn-assets.jawapos.com/images/1/2024/11/21/Kucing-Mahal-2346507747.jpg,0521.jpg,F:\NTSE\lab01\dataset\cat\0521.jpg,../lab01/dataset/cat/0521.jpg,cat
2026-10-05T17:00:15+03:00,https://static.bainet.es/clip/207383fa-c61c-432a-adce-cfad329f5871_source-aspect-ratio_1600w_0.jpg,0522.jpg,F:\NTSE\lab01\dataset\cat\0522.jpg,../lab01/dataset/cat/0522.jpg,cat
2026-10-05T17:01:49+03:00,https://resizer.mail.ru/p/4fd192d6-7ba0-54f1-8369-13e93ed1edaa/AAAOHHKLB1IQEwKZTSKGnGxjRx76i5l8r8qhWajnMthkPKVUJRpqCrbGYkocuL3NsX3Ris8Ih825aXqBYYfn6u785Wg.jpg,0523.jpg,F:\NTSE\lab01\dataset\cat\0523.jpg,../lab01/dataset/cat/0523.jpg,cat
2026-10-05T17:01:50+03:00,https://resizer.mail.ru/p/7d8e046b-750c-55ea-851d-d0092841f757/dpr:156/AQAOgCwol_UXFnjXQ2rLSOmMCwzjAqqC-686o2h5YQvPSJxapgI1ySfZyamHcu0wyTYRpjp4I-JNd3wi-SeQykEwenk.jpg,0524.jpg,F:\NTSE\lab01\dataset\cat\0524.jpg,../lab01/dataset/cat/0524.jpg,cat
2026-10-05T17:01:51+03:00,https://img.ixbt.site/live/images/original/20/85/03/2024/07/15/895a41bfc0.jpg,0525.jpg,F:\NTSE\lab01\dataset\cat\0525.jpg,../lab01/dataset/cat/0525.jpg,cat
2026-10-05T17:03:11+03:00,https://s0.rbk.ru/v6_top_pics/media/img/6/47/346914941669476.webp,0526.jpg,F:\NTSE\lab01\dataset\cat\0526.jpg,../lab01/dataset/cat/0526.jpg,cat
2026-10-05T17:03:12+03:00,https://s0.rbk.ru/v6_top_pics/media/img/8/72/347745187304728.jpeg,0527.jpg,F:\NTSE\lab01\dataset\cat\0527.jpg,../lab01/dataset/cat/0527.jpg,cat
2026-10-05T17:03:17+03:00,https://resizer.mail.ru/p/cd1fff43-c5a1-5990-bf62-f1a78d6155b9/dpr:200/AQAOkbCrzOETQnyVDUu_z605yogPULhahD08bOpNKexN-TwEzz75VgBZpLsf_cLWN5n0FOnlJouXFD6baQvLjXj4rNw.jpg,0528.jpg,F:\NTSE\lab01\dataset\cat\0528.jpg,../lab01/dataset/cat/0528.jpg,cat
2026-10-05T17:03:18+03:00,https://img.pravda.ru/image/preview/article/3/0/7/2167307_amp.jpeg,0529.jpg,F:\NTSE\lab01\dataset\cat\0529.jpg,../lab01/dataset/cat/0529.jpg,cat
2026-10-05T17:03:20+03:00,https://images.pexels.com/photos/37948871/pexels-photo-37948871.png?cs=srgb&dl=pexels-metralla-37948871.jpg&fm=jpg,0530.jpg,F:\NTSE\lab01\dataset\cat\0530.jpg,../lab01/dataset/cat/0530.jpg,cat
2026-10-05T17:03:21+03:00,https://i.ytimg.com/vi/cbyfCUFkepQ/maxresdefault.jpg,0531.jpg,F:\NTSE\lab01\dataset\cat\0531.jpg,../lab01/dataset/cat/0531.jpg,cat
2026-10-05T17:03:27+03:00,https://resizer.mail.ru/p/1a9981ad-e9e7-566c-83dc-cec21232f94a/AQAOYqauBdNDtVZqCc-9ZURl4mLjhWW7zUfNiyTMM0QxiaDD69UhVC8wUQ5l2K9mFdcZQQv2bCdn5Hvv4ggNr4YFQJ8.jpg,0532.jpg,F:\NTSE\lab01\dataset\cat\0532.jpg,../lab01/dataset/cat/0532.jpg,cat
2026-10-05T17:03:31+03:00,https://www.hibiny.ru/images/news/2025/392569/524b24d9f3743f70894b5e0bdb320e70.webp,0533.jpg,F:\NTSE\lab01\dataset\cat\0533.jpg,../lab01/dataset/cat/0533.jpg,cat
2026-10-05T17:03:32+03:00,https://images.contentstack.io/v3/assets/bltafbaed3e8a3c9dd8/blt83225ac1e0a28fb1/6750a1931621f6c1f36e948f/GettyImages-2101198854.jpg?width=1200,0534.jpg,F:\NTSE\lab01\dataset\cat\0534.jpg,../lab01/dataset/cat/0534.jpg,cat
2026-10-05T17:03:34+03:00,https://cdni-vm.servicecdn.ru/2024.04/original/1200_661ae0e182682c3d5338e734.jpg,0535.jpg,F:\NTSE\lab01\dataset\cat\0535.jpg,../lab01/dataset/cat/0535.jpg,cat
2026-10-05T17:03:35+03:00,https://paradepets.com/.image/NTowMDAwMDAwMDAwMzc3NjUz/cat-hanging-off-of-a-table.jpg?profile=w2560&ar=16-9,0536.jpg,F:\NTSE\lab01\dataset\cat\0536.jpg,../lab01/dataset/cat/0536.jpg,cat
2026-10-05T17:03:37+03:00,https://i.pinimg.com/originals/35/71/be/3571be1b028d0a02fd6a3141d91a137d.jpg,0537.jpg,F:\NTSE\lab01\dataset\cat\0537.jpg,../lab01/dataset/cat/0537.jpg,cat
2026-10-05T17:03:38+03:00,https://cdn.mos.cms.futurecdn.net/SGSR73KpQPmjKg9L4mTLNP-1200-80.jpg,0538.jpg,F:\NTSE\lab01\dataset\cat\0538.jpg,../lab01/dataset/cat/0538.jpg,cat
2026-10-05T17:06:17+03:00,https://i.pinimg.com/736x/36/7f/6e/367f6ee869eead9d54306e9920bf32d0.jpg,0539.jpg,F:\NTSE\lab01\dataset\cat\0539.jpg,../lab01/dataset/cat/0539.jpg,cat
2026-10-05T17:06:19+03:00,https://mypetsfriends.fr/cdn/shop/collections/adorable-cat-relaxing-indoors_1_cd94b584-f317-465d-a869-5972baf3a040.jpg?v=1728385182&width=3000,0540.jpg,F:\NTSE\lab01\dataset\cat\0540.jpg,../lab01/dataset/cat/0540.jpg,cat
2026-10-05T17:06:42+03:00,https://www.proplan.ru/sites/owners.proplan.ru/files/2021-05/%D0%B1%D0%B5%D0%BD%D0%B3%D0%B0%D0%BB%D1%8C%D1%81%D0%BA%D0%B0%D1%8F%20%D0%BA%D0%BE%D1%88%D0%BA%D0%B0%2012.jpg,0541.jpg,F:\NTSE\lab01\dataset\cat\0541.jpg,../lab01/dataset/cat/0541.jpg,cat
2026-10-05T17:09:23+03:00,https://cdn.prod.website-files.com/631f7ee09eb5276869c6ddfb/66c61b5b945731595241fe28_close-up-beautiful-cat-p-1600.jpg,0542.jpg,F:\NTSE\lab01\dataset\cat\0542.jpg,../lab01/dataset/cat/0542.jpg,cat
2026-10-05T17:15:23+03:00,https://www.purina.ru/sites/default/files/2024-08/GettyImages-587252389.jpeg%201.jpg,0543.jpg,F:\NTSE\lab01\dataset\cat\0543.jpg,../lab01/dataset/cat/0543.jpg,cat
2026-10-05T17:15:42+03:00,https://www.acana.ru/media/article/kormit-li-koshku-suhim-kormom.jpg,0544.jpg,F:\NTSE\lab01\dataset\cat\0544.jpg,../lab01/dataset/cat/0544.jpg,cat
2026-10-05T17:15:42+03:00,https://www.purina.ru/sites/default/files/2025-09/sa60_1.jpg,0545.jpg,F:\NTSE\lab01\dataset\cat\0545.jpg,../lab01/dataset/cat/0545.jpg,cat
2026-10-05T17:16:47+03:00,https://cdnstatic.rg.ru/uploads/images/2026/07/09/istock-1394105347_3de_013.jpg,0546.jpg,F:\NTSE\lab01\dataset\cat\0546.jpg,../lab01/dataset/cat/0546.jpg,cat
2026-10-05T17:16:49+03:00,https://www.purina.ru/sites/default/files/2024-01/%D0%9B%D1%8B%D1%81%D1%8B%D0%B5%20%D0%BF%D0%BE%D1%80%D0%BE%D0%B4%D1%8B%20%D0%BA%D0%BE%D1%88%D0%B5%D0%BA%201.jpg,0547.jpg,F:\NTSE\lab01\dataset\cat\0547.jpg,../lab01/dataset/cat/0547.jpg,cat
2026-10-05T17:16:49+03:00,https://www.purina.ru/sites/default/files/2023-11/%D0%91%D1%80%D0%B8%D1%82%D0%B0%D0%BD%D1%81%D0%BA%D0%B0%D1%8F%20%D0%B4%D0%BB%D0%B8%D0%BD%D0%BD%D0%BE%D1%88%D0%B5%D1%80%D1%81%D1%82%D0%BD%D0%B0%D1%8F%20%D0%BA%D0%BE%D1%88%D0%BA%D0%B0%201_0.jpg,0548.jpg,F:\NTSE\lab01\dataset\cat\0548.jpg,../lab01/dataset/cat/0548.jpg,cat
2026-10-05T17:16:51+03:00,https://thumbs.dreamstime.com/z/norwegian-forest-cat-female-standing-outdoors-windy-evening-norwegian-forest-cat-female-outdoors-windy-weather-142831445.jpg,0549.jpg,F:\NTSE\lab01\dataset\cat\0549.jpg,../lab01/dataset/cat/0549.jpg,cat
2026-10-05T17:17:09+03:00,"https://i2.wp.com/www.thesprucepets.com/thmb/JAHEpdwIO-kqPZtKVeqeCT7DL5Q=/2124x1411/filters:fill(auto,1)/BlueBritishShorthairwithGoldEyes-4734bd8247b04451b6da1994a3f62ae7.jpg",0550.jpg,F:\NTSE\lab01\dataset\cat\0550.jpg,../lab01/dataset/cat/0550.jpg,cat
2026-10-05T17:17:11+03:00,https://i2-prod.mirror.co.uk/article36975281.ece/ALTERNATES/s1200f/0_Cat-eating-out-of-bowl.jpg,0551.jpg,F:\NTSE\lab01\dataset\cat\0551.jpg,../lab01/dataset/cat/0551.jpg,cat
2026-10-05T17:17:12+03:00,https://vod5tv.cdnvideo.ru/shared/files/202108/1_1373616.jpg,0552.jpg,F:\NTSE\lab01\dataset\cat\0552.jpg,../lab01/dataset/cat/0552.jpg,cat
2026-10-05T17:17:14+03:00,https://s0.rbk.ru/v6_top_pics/media/img/2/46/756789646391462.webp,0553.jpg,F:\NTSE\lab01\dataset\cat\0553.jpg,../lab01/dataset/cat/0553.jpg,cat
2026-10-05T17:17:36+03:00,https://petsure.com.au/wp-content/uploads/2023/07/Short-haired-scaled.jpg,0554.jpg,F:\NTSE\lab01\dataset\cat\0554.jpg,../lab01/dataset/cat/0554.jpg,cat
2026-10-05T17:17:42+03:00,https://i.pinimg.com/originals/35/47/f9/3547f93e00799620f89ca53c73c2913c.jpg,0555.jpg,F:\NTSE\lab01\dataset\cat\0555.jpg,../lab01/dataset/cat/0555.jpg,cat
2026-10-05T17:20:27+03:00,https://s0.rbk.ru/v6_top_pics/media/img/4/67/347250053202674.webp,0556.jpg,F:\NTSE\lab01\dataset\cat\0556.jpg,../lab01/dataset/cat/0556.jpg,cat
2026-10-05T17:21:32+03:00,https://thumbs.dreamstime.com/z/rear-view-tabby-cat-kitten-isolated-white-background-99160661.jpg,0557.jpg,F:\NTSE\lab01\dataset\cat\0557.jpg,../lab01/dataset/cat/0557.jpg,cat
2026-10-05T17:21:34+03:00,https://www.shutterstock.com/shutterstock/photos/1136860694/display_1500/stock-photo--lying-tabby-ginger-cat-isolated-on-white-background-1136860694.jpg,0558.jpg,F:\NTSE\lab01\dataset\cat\0558.jpg,../lab01/dataset/cat/0558.jpg,cat
2026-10-05T17:21:36+03:00,https://www.shutterstock.com/shutterstock/photos/2491179401/display_1500/stock-photo-portrait-of-a-black-cat-peeking-out-from-under-a-blanket-during-a-cold-snap-2491179401.jpg,0559.jpg,F:\NTSE\lab01\dataset\cat\0559.jpg,../lab01/dataset/cat/0559.jpg,cat
2026-10-05T17:21:38+03:00,https://www.beverlyhillsvets.com/blog/wp-content/uploads/2021/08/iStock-1278389859-1-scaled-1.jpg,0560.jpg,F:\NTSE\lab01\dataset\cat\0560.jpg,../lab01/dataset/cat/0560.jpg,cat
2026-10-05T17:21:40+03:00,https://cdn.mos.cms.futurecdn.net/b7B9dSspxYPaGSnjHH4gcj-1200-80.jpg,0561.jpg,F:\NTSE\lab01\dataset\cat\0561.jpg,../lab01/dataset/cat/0561.jpg,cat
2026-10-05T17:21:45+03:00,https://i.pinimg.com/originals/74/f2/cf/74f2cf11d04cd78e7b6cf72aa7c8fa08.jpg,0562.jpg,F:\NTSE\lab01\dataset\cat\0562.jpg,../lab01/dataset/cat/0562.jpg,cat
2026-10-05T17:21:47+03:00,https://nypost.com/wp-content/uploads/sites/2/2023/12/cute-cat-eating-cat-food-73822430.jpg,0563.jpg,F:\NTSE\lab01\dataset\cat\0563.jpg,../lab01/dataset/cat/0563.jpg,cat
2026-10-05T17:21:48+03:00,https://static.tildacdn.com/tild3538-3537-4737-b233-333166336363/AdobeStock_307384573.jpeg,0564.jpg,F:\NTSE\lab01\dataset\cat\0564.jpg,../lab01/dataset/cat/0564.jpg,cat
2026-10-05T17:21:49+03:00,https://i.pinimg.com/originals/69/94/96/699496875d4718d37d19f46c0e2ccdce.jpg?nii=t,0565.jpg,F:\NTSE\lab01\dataset\cat\0565.jpg,../lab01/dataset/cat/0565.jpg,cat
2026-10-05T17:22:57+03:00,https://i.pinimg.com/originals/81/7e/00/817e00e87093d0691f5f250aa5decb7b.jpg?nii=t,0566.jpg,F:\NTSE\lab01\dataset\cat\0566.jpg,../lab01/dataset/cat/0566.jpg,cat
2026-10-05T17:23:20+03:00,https://png.pngtree.com/background/20230902/original/pngtree-short-haired-cat-pussy-white-pedigreed-photo-picture-image_4923018.jpg,0567.jpg,F:\NTSE\lab01\dataset\cat\0567.jpg,../lab01/dataset/cat/0567.jpg,cat
2026-10-05T17:23:21+03:00,https://i.pinimg.com/originals/d4/6d/be/d46dbe3b2c540dbe6b70b41ae2134d5c.jpg,0568.jpg,F:\NTSE\lab01\dataset\cat\0568.jpg,../lab01/dataset/cat/0568.jpg,cat
2026-10-05T17:23:22+03:00,https://i.pinimg.com/originals/d1/b6/a9/d1b6a9e4a28d23a95a3142bb9164749a.jpg,0569.jpg,F:\NTSE\lab01\dataset\cat\0569.jpg,../lab01/dataset/cat/0569.jpg,cat
2026-10-05T17:23:23+03:00,https://i.pinimg.com/736x/4b/04/e0/4b04e0b2a135bfca3ec2513dc9bede89.jpg,0570.jpg,F:\NTSE\lab01\dataset\cat\0570.jpg,../lab01/dataset/cat/0570.jpg,cat
2026-10-05T17:23:24+03:00,https://i.pinimg.com/originals/78/01/e3/7801e3d3ab1a21078bd4b48e6249ca7c.jpg,0571.jpg,F:\NTSE\lab01\dataset\cat\0571.jpg,../lab01/dataset/cat/0571.jpg,cat
2026-10-05T17:23:26+03:00,https://images.ctfassets.net/r208a72kad0m/1xG3M7kwwhzrpmkiAdhf40/58ad1e98930eb3b92f59656bc47746cd/AdobeStock_353032966.jpeg,0572.jpg,F:\NTSE\lab01\dataset\cat\0572.jpg,../lab01/dataset/cat/0572.jpg,cat
2026-10-05T17:25:50+03:00,https://thumbs.dreamstime.com/z/%25D0%25B1%25D0%25BE-%25D1%258C%25D1%2588%25D0%25BE%25D0%25B9-%25D1%2588%25D0%25BE%25D1%2582-%25D0%25B0%25D0%25BD-%25D1%2581%25D0%25BA%25D0%25B8%25D0%25B9-%25D0%25B8-%25D1%2582%25D0%25B8-%25D0%25BA%25D0%25BE%25D1%2582%25D0%25B0-%25D0%25B1%25D0%25B5-%25D0%25B8%25D0%25B7%25D0%25BD%25D0%25B0-%25D0%25B8%25D0%25B7%25D0%25BE-%25D0%25B8%25D1%2580%25D0%25BE%25D0%25B2%25D0%25B0%25D0%25BD%25D0%25BD%25D0%25B0%25D1%258F-%25D0%25BF%25D1%2580%25D0%25B5-%25D0%25BF%25D0%25BE%25D1%2581%25D1%258B-%25D0%25BA%25D0%25BE%25D0%25B9-68212843.jpg,0573.jpg,F:\NTSE\lab01\dataset\cat\0573.jpg,../lab01/dataset/cat/0573.jpg,cat
2026-10-05T17:25:51+03:00,https://cdn.mos.cms.futurecdn.net/nN6TUkyxmCqR6iz6mbvvZF-1200-80.jpg,0574.jpg,F:\NTSE\lab01\dataset\cat\0574.jpg,../lab01/dataset/cat/0574.jpg,cat
2026-10-05T17:25:52+03:00,https://i.pinimg.com/originals/8c/7d/db/8c7ddb9844c1a0e3238d7f798e0cf4e7.jpg,0575.jpg,F:\NTSE\lab01\dataset\cat\0575.jpg,../lab01/dataset/cat/0575.jpg,cat
2026-10-05T17:28:18+03:00,https://thumbs.dreamstime.com/z/curious-maine-coon-cat-sitting-white-table-reflection-white-background-looking-right-72134763.jpg,0576.jpg,F:\NTSE\lab01\dataset\cat\0576.jpg,../lab01/dataset/cat/0576.jpg,cat
2026-10-05T17:28:20+03:00,https://png.pngtree.com/png-clipart/20231114/original/pngtree-persian-kitten-quiet-picture-image_13261986.png,0577.jpg,F:\NTSE\lab01\dataset\cat\0577.jpg,../lab01/dataset/cat/0577.jpg,cat
2026-10-05T17:33:13+03:00,https://www.thesprucepets.com/thmb/PWRnB8rEGWbhSXR3b_IkwO5ac7c=/1926x0/filters:no_upscale():strip_icc()/MunchkinMichaelBeder-d53ea94c3b904ec5a21c640fdf27a59b.jpg,0578.jpg,F:\NTSE\lab01\dataset\cat\0578.jpg,../lab01/dataset/cat/0578.jpg,cat
2026-10-05T17:33:15+03:00,https://i.pinimg.com/originals/25/f4/72/25f472a5a9cb7d838e9bfa3f38d10e8c.jpg,0579.jpg,F:\NTSE\lab01\dataset\cat\0579.jpg,../lab01/dataset/cat/0579.jpg,cat
2026-10-05T17:33:16+03:00,https://avatars.mds.yandex.net/get-vertis-journal/3934100/milada-vigerova-FWC9A4-jAHk-unsplash.jpg_1712915081086/orig,0580.jpg,F:\NTSE\lab01\dataset\cat\0580.jpg,../lab01/dataset/cat/0580.jpg,cat
2026-10-05T17:33:18+03:00,https://i.pinimg.com/originals/82/d7/01/82d7018ac3864f308c1900887e76ba91.jpg,0581.jpg,F:\NTSE\lab01\dataset\cat\0581.jpg,../lab01/dataset/cat/0581.jpg,cat
2026-10-05T17:34:27+03:00,https://cdn2.botanichka.ru/wp-content/uploads/2025/10/15-iskonno-russkih-koshek-pokorivshih-mir-svoej-krasotoj-1.jpg,0582.jpg,F:\NTSE\lab01\dataset\cat\0582.jpg,../lab01/dataset/cat/0582.jpg,cat
2026-10-05T17:34:28+03:00,https://yac-wh-sb-prod-s3-media-07001.storage.yandexcloud.net/media/images/shutterstock_2154838935_169600.max-2880x1820.format-jpeg_dC77Q7G.jpg,0583.jpg,F:\NTSE\lab01\dataset\cat\0583.jpg,../lab01/dataset/cat/0583.jpg,cat
2026-10-05T17:35:32+03:00,https://i.pinimg.com/originals/76/ff/93/76ff931d8a6d616651a01c53fd833a2e.jpg,0584.jpg,F:\NTSE\lab01\dataset\cat\0584.jpg,../lab01/dataset/cat/0584.jpg,cat
2026-10-05T17:35:34+03:00,https://sputnik.kg/img/103589/10/1035891013_0:431:2820:2026_2072x0_60_0_0_25071b9d40f1b442e1ca1f90217cb2fe.jpg,0585.jpg,F:\NTSE\lab01\dataset\cat\0585.jpg,../lab01/dataset/cat/0585.jpg,cat
2026-10-05T17:35:35+03:00,https://i.pinimg.com/originals/c4/f2/81/c4f281026611842a731d7dbb4b0253e9.png,0586.jpg,F:\NTSE\lab01\dataset\cat\0586.jpg,../lab01/dataset/cat/0586.jpg,cat
2026-10-05T17:35:37+03:00,https://thumbs.dreamstime.com/z/tabby-cat-looking-up-isolated-white-108040270.jpg,0587.jpg,F:\NTSE\lab01\dataset\cat\0587.jpg,../lab01/dataset/cat/0587.jpg,cat
2026-10-05T17:35:38+03:00,https://i.pinimg.com/originals/02/12/11/0212117827fbeeb665914ca9e96e57f3.jpg?nii=t,0588.jpg,F:\NTSE\lab01\dataset\cat\0588.jpg,../lab01/dataset/cat/0588.jpg,cat
2026-10-05T17:36:58+03:00,https://i.pinimg.com/originals/f1/b7/46/f1b746394b611fc7e960143bc445a74c.webp,0589.jpg,F:\NTSE\lab01\dataset\cat\0589.jpg,../lab01/dataset/cat/0589.jpg,cat
2026-10-05T17:36:59+03:00,https://i.pinimg.com/originals/3b/6b/ca/3b6bca30acaebcb45213f0afd51639ab.png,0590.jpg,F:\NTSE\lab01\dataset\cat\0590.jpg,../lab01/dataset/cat/0590.jpg,cat
2026-10-05T17:37:01+03:00,https://image.pngaaa.com/4/3553004-middle.png,0591.jpg,F:\NTSE\lab01\dataset\cat\0591.jpg,../lab01/dataset/cat/0591.jpg,cat
2026-10-05T17:38:05+03:00,https://media.istockphoto.com/id/1204439194/ru/%D1%84%D0%BE%D1%82%D0%BE/%D1%87%D0%B5%D1%80%D0%BD%D1%8B%D0%B9-%D0%BA%D0%BE%D1%82-%D1%81%D0%B8%D0%B4%D0%B8%D1%82-%D0%BF%D0%B5%D1%80%D0%B5%D0%B4-%D0%B7%D0%B5%D0%BB%D0%B5%D0%BD%D0%BE%D0%B9-%D1%81%D1%82%D0%B5%D0%BD%D0%BE%D0%B9-%D0%BD%D0%B0%D0%BF%D1%80%D0%BE%D1%82%D0%B8%D0%B2-%D1%81%D0%BE%D0%BB%D0%BD%D0%B5%D1%87%D0%BD%D0%BE%D0%B3%D0%BE-%D1%81%D0%B2%D0%B5%D1%82%D0%B0.jpg?s=1024x1024&w=is&k=20&c=gH1yLWR_YE59rGCbE9omJWIRSgXkt8R0x82-hzIZqZg=,0592.jpg,F:\NTSE\lab01\dataset\cat\0592.jpg,../lab01/dataset/cat/0592.jpg,cat
2026-10-05T17:38:08+03:00,https://consumer-cms.petfinder.com/sites/default/files/images/content/American%20Shorthair%20Cat%204.jpg,0593.jpg,F:\NTSE\lab01\dataset\cat\0593.jpg,../lab01/dataset/cat/0593.jpg,cat
2026-10-05T17:38:10+03:00,https://i.pinimg.com/originals/1e/12/3f/1e123fbd8e9ef89fa6510fbb404dae95.jpg,0594.jpg,F:\NTSE\lab01\dataset\cat\0594.jpg,../lab01/dataset/cat/0594.jpg,cat
2026-10-05T17:39:31+03:00,https://avatars.dzeninfra.ru/get-zen_doc/9686459/pub_6419742a3e2a081a726afdf4_6475bc343c9be84bdefd4c40/scale_1200,0595.jpg,F:\NTSE\lab01\dataset\cat\0595.jpg,../lab01/dataset/cat/0595.jpg,cat
2026-10-05T17:39:45+03:00,https://thumbs.dreamstime.com/z/%D0%BA%D0%BE%D1%82-%D1%81%D0%B0%D0%B2%D0%B0%D0%BD%D0%BD%D1%8B-%D0%B2-%D0%BF%D1%83%D1%81%D1%82%D1%8B%D0%BD%D0%B5-69570249.jpg,0596.jpg,F:\NTSE\lab01\dataset\cat\0596.jpg,../lab01/dataset/cat/0596.jpg,cat
2026-10-05T17:40:08+03:00,https://happywhisker.com/wp-content/uploads/2023/01/cat-walking-through-grass-while-wearing-a-yellow-flea-collar.jpg,0597.jpg,F:\NTSE\lab01\dataset\cat\0597.jpg,../lab01/dataset/cat/0597.jpg,cat
2026-10-05T17:40:09+03:00,https://images.ntv.com.tr/images/193c73c5-2fc7-498e-99c6-08220d51cfe6.jpg?format=webp&width=1200&height=630,0598.jpg,F:\NTSE\lab01\dataset\cat\0598.jpg,../lab01/dataset/cat/0598.jpg,cat
2026-10-05T17:40:10+03:00,https://media.istockphoto.com/id/467947584/tr/foto%C4%9Fraf/square-portrait-of-a-persian-cat-looking-at-camera.jpg?s=1024x1024&w=is&k=20&c=0CivPrXmykl3b7hDa4Mmn_D62SgIJFiBX9LpHk_ppsw=,0599.jpg,F:\NTSE\lab01\dataset\cat\0599.jpg,../lab01/dataset/cat/0599.jpg,cat
2026-10-05T17:40:11+03:00,https://mimer.ru/content/ckfinder/userfiles/images/%D0%B0%D1%88%D0%B5%D1%80%D0%B0.jpg,0600.jpg,F:\NTSE\lab01\dataset\cat\0600.jpg,../lab01/dataset/cat/0600.jpg,cat
2026-10-05T17:40:12+03:00,https://avatars.yandex.net/get-music-content/15317937/dd9c61b7.a.37071450-1/m1000x1000,0601.jpg,F:\NTSE\lab01\dataset\cat\0601.jpg,../lab01/dataset/cat/0601.jpg,cat
2026-10-05T17:41:34+03:00,https://i.pinimg.com/originals/6c/cb/60/6ccb607e41bb62822354396e30482805.jpg,0602.jpg,F:\NTSE\lab01\dataset\cat\0602.jpg,../lab01/dataset/cat/0602.jpg,cat
2026-10-05T17:41:36+03:00,https://consumer-cms.petfinder.com/sites/default/files/images/content/Siberian%20Cat%202.jpg,0603.jpg,F:\NTSE\lab01\dataset\cat\0603.jpg,../lab01/dataset/cat/0603.jpg,cat
2026-10-05T17:41:41+03:00,https://i.ytimg.com/vi/vV-UUllygpQ/maxresdefault.jpg,0604.jpg,F:\NTSE\lab01\dataset\cat\0604.jpg,../lab01/dataset/cat/0604.jpg,cat
2026-10-05T17:41:43+03:00,https://www.thesprucepets.com/thmb/LTOhPTuQSaB04y2Af7vdDiZyDyg=/4500x0/filters:no_upscale():strip_icc()/cat-bird-watching-1364ca05c7dd48bfab84ac2197773554.jpg,0605.jpg,F:\NTSE\lab01\dataset\cat\0605.jpg,../lab01/dataset/cat/0605.jpg,cat
2026-10-05T17:41:59+03:00,https://www.proplan.ru/sites/default/files/hvost_16x9-1.jpg,0606.jpg,F:\NTSE\lab01\dataset\cat\0606.jpg,../lab01/dataset/cat/0606.jpg,cat
2026-10-05T17:42:00+03:00,https://pawspuck.com/cdn/shop/files/AdobeStock_39641601623.jpg?v=1718258534&width=2000,0607.jpg,F:\NTSE\lab01\dataset\cat\0607.jpg,../lab01/dataset/cat/0607.jpg,cat
2026-10-05T17:44:42+03:00,https://www.thesprucepets.com/thmb/ccFXh6cGEUNzGfsZWEQFk9lbJsc=/2121x0/filters:no_upscale():strip_icc()/GettyImages-1396337574-dd6b0f11d56949c18c89f3d4f1e4ab11.jpg,0608.jpg,F:\NTSE\lab01\dataset\cat\0608.jpg,../lab01/dataset/cat/0608.jpg,cat
2026-10-05T17:46:33+03:00,https://i.pinimg.com/originals/58/03/c0/5803c0d5ce53ae90cc0912ecb5af14ff.jpg?nii=t,0609.jpg,F:\NTSE\lab01\dataset\cat\0609.jpg,../lab01/dataset/cat/0609.jpg,cat
2026-10-05T17:46:39+03:00,https://ayan-turkmenistan.travel/wp-content/uploads/2023/08/2018-manul01.jpg,0610.jpg,F:\NTSE\lab01\dataset\cat\0610.jpg,../lab01/dataset/cat/0610.jpg,cat
2026-10-05T17:48:01+03:00,https://img-s-msn-com.akamaized.net/tenant/amp/entityid/AA1QNKvi.img?w=1800&h=1200&m=4&q=74,0611.jpg,F:\NTSE\lab01\dataset\cat\0611.jpg,../lab01/dataset/cat/0611.jpg,cat
2026-10-05T17:48:06+03:00,https://i.pinimg.com/originals/5b/10/56/5b10566ab0444723578816cd90a7d569.png?nii=t,0612.jpg,F:\NTSE\lab01\dataset\cat\0612.jpg,../lab01/dataset/cat/0612.jpg,cat
2026-10-05T17:48:11+03:00,https://thumbs.dreamstime.com/z/rear-view-british-shorthair-kitten-3-5-months-old-sitting-looking-up-29492818.jpg,0613.jpg,F:\NTSE\lab01\dataset\cat\0613.jpg,../lab01/dataset/cat/0613.jpg,cat
2026-10-05T17:48:13+03:00,https://www.proplan.ru/sites/default/files/inline-images/peterbold.jpg,0614.jpg,F:\NTSE\lab01\dataset\cat\0614.jpg,../lab01/dataset/cat/0614.jpg,cat
2026-10-05T17:48:15+03:00,https://th-thumbnailer.cdn-si-edu.com/0Vq8Wr-sQlbvaoSzKL3GAEyj67k=/fit-in/1200x0/https://tf-cmsv2-smithsonianmag-media.s3.amazonaws.com/filer/fc/07/fc079762-601f-4b95-aaed-53aa6c71eb04/sand_cat_2.jpg,0615.jpg,F:\NTSE\lab01\dataset\cat\0615.jpg,../lab01/dataset/cat/0615.jpg,cat
2026-10-05T17:48:31+03:00,https://previews.123rf.com/images/moredix/moredix1802/moredix180200029/96324260-fluffy-beautiful-white-cat-ragdoll-with-blue-eyes-posing-while-sitting-on-gray-background-.jpg,0616.jpg,F:\NTSE\lab01\dataset\cat\0616.jpg,../lab01/dataset/cat/0616.jpg,cat
2026-10-05T17:48:32+03:00,https://i.ytimg.com/vi/0O6Ei9eYlaQ/maxresdefault.jpg,0617.jpg,F:\NTSE\lab01\dataset\cat\0617.jpg,../lab01/dataset/cat/0617.jpg,cat
2026-10-05T17:49:54+03:00,https://images.ctfassets.net/rt5zmd3ipxai/VNqWUXFqDC3GJhM06tBMu/a016360790eda62ee3280791ec9da0df/NVA-Rural-Cat-Wheat.jpeg,0618.jpg,F:\NTSE\lab01\dataset\cat\0618.jpg,../lab01/dataset/cat/0618.jpg,cat
2026-10-05T17:49:55+03:00,https://www.thesprucepets.com/thmb/dhVWMsKrKQsOHTIswpvqRkMd4Ys=/1080x0/filters:no_upscale():strip_icc()/34456679_139199410279499_5421627897385320448_n-5b17d92330371300362fd485.jpg,0619.jpg,F:\NTSE\lab01\dataset\cat\0619.jpg,../lab01/dataset/cat/0619.jpg,cat
2026-10-05T17:49:56+03:00,https://img.ixbt.site/live/images/original/20/85/03/2024/09/06/9ad3043fc8.jpg,0620.jpg,F:\NTSE\lab01\dataset\cat\0620.jpg,../lab01/dataset/cat/0620.jpg,cat
2026-10-05T17:49:57+03:00,https://i.pinimg.com/originals/70/15/07/701507809c54c13a63c6d0b9c89b7b5a.jpg?nii=t,0621.jpg,F:\NTSE\lab01\dataset\cat\0621.jpg,../lab01/dataset/cat/0621.jpg,cat
2026-10-05T17:49:58+03:00,https://i.ytimg.com/vi/TWC6mrrpPbg/maxresdefault.jpg,0622.jpg,F:\NTSE\lab01\dataset\cat\0622.jpg,../lab01/dataset/cat/0622.jpg,cat
2026-10-05T17:49:59+03:00,https://storage.yandexcloud.net/yac-wh-sb-prod-s3-media-03010/uploads/_/originals/Shutterstock_1490991416_1-min.webp,0623.jpg,F:\NTSE\lab01\dataset\cat\0623.jpg,../lab01/dataset/cat/0623.jpg,cat
2026-10-05T17:50:09+03:00,https://www.catsbest.eu/wp-content/uploads/Katzengesicht_gruene-Augen_AdobeStock_22975051-scaled.jpeg,0624.jpg,F:\NTSE\lab01\dataset\cat\0624.jpg,../lab01/dataset/cat/0624.jpg,cat
2026-10-05T17:51:31+03:00,https://www.shutterstock.com/shutterstock/photos/164195357/display_1500/stock-photo-cat-164195357.jpg,0625.jpg,F:\NTSE\lab01\dataset\cat\0625.jpg,../lab01/dataset/cat/0625.jpg,cat
2026-10-05T17:51:34+03:00,https://storage.yandexcloud.net/yac-wh-sb-prod-s3-media-03007/uploads/article/files/korot7.webp,0626.jpg,F:\NTSE\lab01\dataset\cat\0626.jpg,../lab01/dataset/cat/0626.jpg,cat
2026-10-05T17:51:35+03:00,"https://sun9-3.vkuserphoto.ru/impf/wg5teqWpeydSqpvyroUUvCPweaRfWF6F8Je45g/kJmxYL0T6OA.jpg?size=1920x768&quality=95&crop=148,0,934,373&sign=fc17de869df6e008cfeb24273dfad361&type=cover_group",0627.jpg,F:\NTSE\lab01\dataset\cat\0627.jpg,../lab01/dataset/cat/0627.jpg,cat
2026-10-05T17:51:36+03:00,https://i.ytimg.com/vi/2X_KBPV2HiI/maxresdefault.jpg?sqp=-oaymwEmCIAKENAF8quKqQMa8AEB-AH-CYAC0AWKAgwIABABGHIgUyhCMA8=&rs=AOn4CLCsbJ8xvsTa1_yCUnA6jYqTY7x6tg,0628.jpg,F:\NTSE\lab01\dataset\cat\0628.jpg,../lab01/dataset/cat/0628.jpg,cat
2026-10-05T17:52:56+03:00,https://cdn2.botanichka.ru/wp-content/uploads/2025/12/10-samyh-dobryh-i-laskovyh-porod-koshek-oni-vas-pravda-polyubyat-4-1068x824.jpg,0629.jpg,F:\NTSE\lab01\dataset\cat\0629.jpg,../lab01/dataset/cat/0629.jpg,cat
2026-10-05T17:52:57+03:00,https://s0.rbk.ru/v6_top_pics/media/img/2/12/347750693744122.webp,0630.jpg,F:\NTSE\lab01\dataset\cat\0630.jpg,../lab01/dataset/cat/0630.jpg,cat
2026-10-05T17:52:58+03:00,https://static.vecteezy.com/system/resources/thumbnails/027/100/264/small_2x/a-template-with-a-yellow-background-is-used-featuring-a-beautiful-gray-cat-jumping-and-playing-free-photo.jpg,0631.jpg,F:\NTSE\lab01\dataset\cat\0631.jpg,../lab01/dataset/cat/0631.jpg,cat
2026-10-05T17:55:27+03:00,https://images.ctfassets.net/qj2yxv39d6ig/6GgzJLUGQHFJnyKR384kLE/34e40a7a82d1b77fd3eea224646c69b7/somali-cat.jpg,0632.jpg,F:\NTSE\lab01\dataset\cat\0632.jpg,../lab01/dataset/cat/0632.jpg,cat
2026-10-05T17:55:31+03:00,https://i0.wp.com/animals.pibig.info/uploads/posts/2023-04/1680803881_animals-pibig-info-p-cherno-rizhii-kot-zhivotnie-vkontakte-46.jpg?ssl=1,0633.jpg,F:\NTSE\lab01\dataset\cat\0633.jpg,../lab01/dataset/cat/0633.jpg,cat
2026-10-05T17:55:32+03:00,https://resizer.mail.ru/p/5d7d44e4-d3db-54f4-ad70-8e541de341ce/AQAOZTL39CUQO-U_jqViW3pgxQB9nXrXJW0yD6rsQ2osD0tkU8iqUrg6lyqXaRzNTI52CBWNVB8Hhg6eh67q7iaO220.jpg,0634.jpg,F:\NTSE\lab01\dataset\cat\0634.jpg,../lab01/dataset/cat/0634.jpg,cat
2026-10-05T17:55:37+03:00,https://i.pinimg.com/originals/7f/e5/88/7fe58899d4dd519f8fc6d195ec1a33ae.jpg,0635.jpg,F:\NTSE\lab01\dataset\cat\0635.jpg,../lab01/dataset/cat/0635.jpg,cat
2026-10-05T17:55:59+03:00,https://s00.yaplakal.com/pics/pics_original/0/2/8/2856820.jpg,0636.jpg,F:\NTSE\lab01\dataset\cat\0636.jpg,../lab01/dataset/cat/0636.jpg,cat
2026-10-05T17:56:00+03:00,https://static.vecteezy.com/system/resources/previews/000/843/328/large_2x/beautiful-cat-on-white-background-photo.jpg,0637.jpg,F:\NTSE\lab01\dataset\cat\0637.jpg,../lab01/dataset/cat/0637.jpg,cat
2026-10-05T17:57:21+03:00,https://www.shutterstock.com/shutterstock/photos/2271098633/display_1500/stock-photo-cute-red-cat-on-carpet-in-living-room-2271098633.jpg,0638.jpg,F:\NTSE\lab01\dataset\cat\0638.jpg,../lab01/dataset/cat/0638.jpg,cat
2026-10-05T17:57:22+03:00,https://thumbs.dreamstime.com/z/orange-white-tabby-cat-facing-looking-forward-fur-standing-raising-tail-camera-174723565.jpg,0639.jpg,F:\NTSE\lab01\dataset\cat\0639.jpg,../lab01/dataset/cat/0639.jpg,cat
2026-10-05T17:58:43+03:00,https://i.pinimg.com/originals/a5/7f/01/a57f01340e9f1987d8b67c31242f834e.png,0640.jpg,F:\NTSE\lab01\dataset\cat\0640.jpg,../lab01/dataset/cat/0640.jpg,cat
2026-10-05T17:59:09+03:00,https://i.pinimg.com/originals/e6/03/56/e60356b337207ddb1ebfb7d8acfe4d30.jpg?nii=t,0641.jpg,F:\NTSE\lab01\dataset\cat\0641.jpg,../lab01/dataset/cat/0641.jpg,cat
2026-10-05T17:59:11+03:00,https://nypost.com/wp-content/uploads/sites/2/2022/08/ragdoll-cat-getty-01.jpg,0642.jpg,F:\NTSE\lab01\dataset\cat\0642.jpg,../lab01/dataset/cat/0642.jpg,cat
2026-10-05T17:59:12+03:00,"https://images.wcdn.co.il/f_auto,q_auto,w_1200,t_54/3/8/1/1/3811161-46.jpg",0643.jpg,F:\NTSE\lab01\dataset\cat\0643.jpg,../lab01/dataset/cat/0643.jpg,cat
2026-10-05T17:59:13+03:00,https://i.ytimg.com/vi/y2mE3m9hUOw/maxresdefault.jpg,0644.jpg,F:\NTSE\lab01\dataset\cat\0644.jpg,../lab01/dataset/cat/0644.jpg,cat
2026-10-05T17:59:18+03:00,https://i.pinimg.com/736x/51/b9/c4/51b9c42c62201a78e296203db232c513.jpg,0645.jpg,F:\NTSE\lab01\dataset\cat\0645.jpg,../lab01/dataset/cat/0645.jpg,cat
2026-10-05T18:00:09+03:00,https://static.life.ru/ip/unsafe/rs:fit:1200:/q:98/sh:0.5/czM6Ly9saWZlLXN0YXRpYy9wdWJsaWNhdGlvbnMvMjAyNC81LzMwLzI5NTI2MDg1NTU0NS44NTU2NS53ZWJw.webp,0646.jpg,F:\NTSE\lab01\dataset\cat\0646.jpg,../lab01/dataset/cat/0646.jpg,cat
2026-10-05T18:00:12+03:00,https://i.pinimg.com/originals/91/92/6b/91926ba7222370b9b7b80fad58a8a0be.jpg?nii=t,0647.jpg,F:\NTSE\lab01\dataset\cat\0647.jpg,../lab01/dataset/cat/0647.jpg,cat
2026-10-05T18:00:13+03:00,https://hi-news.ru/wp-content/uploads/2026/07/pravda-li-vse-koshki-lyubyat-koshachyu-myatu-4.jpg,0648.jpg,F:\NTSE\lab01\dataset\cat\0648.jpg,../lab01/dataset/cat/0648.jpg,cat
2026-10-05T18:00:14+03:00,https://cdn2.botanichka.ru/wp-content/uploads/2026/09/10-porod-koshek-kotorye-pochti-ne-linyayut-menshe-shersti-i-uborki-6-1200x801.jpg,0649.jpg,F:\NTSE\lab01\dataset\cat\0649.jpg,../lab01/dataset/cat/0649.jpg,cat
2026-10-05T18:00:16+03:00,"https://i2.wp.com/www.thesprucepets.com/thmb/RlRt-vN5j5CbXRENCRtKlwIQ8GA=/3760x2592/filters:fill(auto,1)/cat-meowing-57b738885f9b58cdfda9a497.jpg",0650.jpg,F:\NTSE\lab01\dataset\cat\0650.jpg,../lab01/dataset/cat/0650.jpg,cat
2026-10-05T18:00:17+03:00,https://i.pinimg.com/originals/2a/ed/4a/2aed4a70cfe6699c9e6034bcffc4cd96.jpg,0651.jpg,F:\NTSE\lab01\dataset\cat\0651.jpg,../lab01/dataset/cat/0651.jpg,cat
2026-10-05T18:00:21+03:00,https://i.ytimg.com/vi/Kruu9zhKJN8/maxresdefault.jpg?sqp=-oaymwEmCIAKENAF8quKqQMa8AEB-AH-CYAC0AWKAgwIABABGE8gWyhlMA8=&rs=AOn4CLD2Drr2XSIKP7a-jlYIzjoB_fl6nw,0652.jpg,F:\NTSE\lab01\dataset\cat\0652.jpg,../lab01/dataset/cat/0652.jpg,cat
2026-10-05T18:00:23+03:00,https://p1.zoon.ru/preview/N0bXDYYCbLiAQ7irHyE8Zg/1200x800x85/1/f/c/original_69ccdfbbac63653ecf094026_69cce055495595.40328417.jpg,0653.jpg,F:\NTSE\lab01\dataset\cat\0653.jpg,../lab01/dataset/cat/0653.jpg,cat
2026-10-05T18:01:07+03:00,https://i.pinimg.com/originals/d5/2e/4a/d52e4a55a24a2bc6a3d85b27892beb77.jpg?nii=t,0654.jpg,F:\NTSE\lab01\dataset\cat\0654.jpg,../lab01/dataset/cat/0654.jpg,cat
2026-10-05T18:01:14+03:00,https://p0.zoon.ru/preview/aYyStIFfy4pt-JRQT6u1Ug/1200x800x85/1/3/0/original_69ccdfbbac63653ecf094026_69cce76b5db431.50772191.jpg,0655.jpg,F:\NTSE\lab01\dataset\cat\0655.jpg,../lab01/dataset/cat/0655.jpg,cat
2026-10-05T18:01:15+03:00,https://cdn2.botanichka.ru/wp-content/uploads/2026/09/10-porod-koshek-kotorye-pochti-ne-linyayut-menshe-shersti-i-uborki-1-1200x801.jpg,0656.jpg,F:\NTSE\lab01\dataset\cat\0656.jpg,../lab01/dataset/cat/0656.jpg,cat
2026-10-05T18:01:16+03:00,https://cdn.shopify.com/s/files/1/0729/9596/3095/files/why-my-cat-panting-orange-white-cat-pants.jpg,0657.jpg,F:\NTSE\lab01\dataset\cat\0657.jpg,../lab01/dataset/cat/0657.jpg,cat
2026-10-05T18:02:38+03:00,https://i.pinimg.com/originals/2c/80/35/2c80355736b10e473b79d99ec80be0b1.jpg,0658.jpg,F:\NTSE\lab01\dataset\cat\0658.jpg,../lab01/dataset/cat/0658.jpg,cat
2026-10-05T18:02:40+03:00,https://img.magnific.com/premium-photo/calico-cat-sitting-white_772720-3891.jpg?w=2000,0659.jpg,F:\NTSE\lab01\dataset\cat\0659.jpg,../lab01/dataset/cat/0659.jpg,cat
2026-10-05T18:02:41+03:00,https://s0.rbk.ru/v6_top_pics/media/img/0/90/347174867461900.jpeg,0660.jpg,F:\NTSE\lab01\dataset\cat\0660.jpg,../lab01/dataset/cat/0660.jpg,cat
2026-10-05T18:04:02+03:00,https://static.vecteezy.com/system/resources/previews/046/100/464/non_2x/surprised-orange-tabby-cat-with-mouth-open-isolated-on-a-white-background-ideal-for-pet-related-concepts-and-international-cat-day-promotions-photo.jpg,0661.jpg,F:\NTSE\lab01\dataset\cat\0661.jpg,../lab01/dataset/cat/0661.jpg,cat
2026-10-05T18:04:04+03:00,https://resizer.mail.ru/p/7ed49af7-4723-5286-9268-8b4846b6b836/AQAOFHNJEezFEpnV1TlXQzl6zfNOeOhjGcblfFz5tdRwZeOaOZQ8mS8n-JBKtwt-lnXY1AOEXBayJsiabgb6q13ehLg.jpg,0662.jpg,F:\NTSE\lab01\dataset\cat\0662.jpg,../lab01/dataset/cat/0662.jpg,cat
2026-10-05T18:04:11+03:00,https://i.pinimg.com/originals/85/b0/48/85b04810feafa96aba3a1df79c3adcdf.png,0663.jpg,F:\NTSE\lab01\dataset\cat\0663.jpg,../lab01/dataset/cat/0663.jpg,cat
2026-10-05T18:04:16+03:00,https://resizer.mail.ru/p/98017c28-8a72-5472-ad5e-84be3eb54120/AQAOpw9KTKXlu2K_uXsqJR4WihqG1xQobM7CsHQkjPcbHiF-YXO18CQYWQoT2eDRpSHoOP3mNbTfrjP3vKZF9AQzTCE.jpg,0664.jpg,F:\NTSE\lab01\dataset\cat\0664.jpg,../lab01/dataset/cat/0664.jpg,cat
2026-10-05T18:04:17+03:00,https://resizer.mail.ru/p/0cf6159f-6e9f-5e19-acd6-d998e5647681/AQAOip8WLfIbJdud_7on22M3Dv04H_BRnf5jWgjcE5j8yAp5G2R6RQFZaYcciW-3X74nWsF7d7I99tI5gQiWAuDmOTs.jpg,0665.jpg,F:\NTSE\lab01\dataset\cat\0665.jpg,../lab01/dataset/cat/0665.jpg,cat
2026-10-05T18:04:18+03:00,https://resizer.mail.ru/p/feb3b201-7acb-5354-82d4-bac368e70471/dpr:200/AQAOQVaMu6KhKWZygH8ZXKuuMp8-rs2R4hCy5wrcNEr-zeSyvO3pH50f10UCHS8QboeU-FVjcW_cjpEpNDYXJhy7oZ4.jpg,0666.jpg,F:\NTSE\lab01\dataset\cat\0666.jpg,../lab01/dataset/cat/0666.jpg,cat
2026-10-05T18:04:19+03:00,https://ufagorvet.ru/wp-content/uploads/2022/08/1638476352_363321_url.jpeg,0667.jpg,F:\NTSE\lab01\dataset\cat\0667.jpg,../lab01/dataset/cat/0667.jpg,cat
2026-10-05T18:04:20+03:00,https://cdn.shopify.com/s/files/1/0453/0058/0515/files/38.png?v=1613347521,0668.jpg,F:\NTSE\lab01\dataset\cat\0668.jpg,../lab01/dataset/cat/0668.jpg,cat
2026-10-05T18:05:41+03:00,https://s0.rbk.ru/v6_top_pics/media/img/3/08/347225875410083.webp,0669.jpg,F:\NTSE\lab01\dataset\cat\0669.jpg,../lab01/dataset/cat/0669.jpg,cat
2026-10-05T18:05:43+03:00,https://cdn.mos.cms.futurecdn.net/uZP8yK6triBDdKi7tac7p8.jpg,0670.jpg,F:\NTSE\lab01\dataset\cat\0670.jpg,../lab01/dataset/cat/0670.jpg,cat
2026-10-05T18:07:04+03:00,https://yac-wh-sb-prod-s3-media-07001.storage.yandexcloud.net/media/images/cat-lies-looks_1689241752679.max-2880x1820.format-jpeg_IpzfGV6.jpg,0671.jpg,F:\NTSE\lab01\dataset\cat\0671.jpg,../lab01/dataset/cat/0671.jpg,cat
2026-10-05T18:07:05+03:00,https://i.ytimg.com/vi/Fy5KfmGpvOo/maxresdefault.jpg,0672.jpg,F:\NTSE\lab01\dataset\cat\0672.jpg,../lab01/dataset/cat/0672.jpg,cat
2026-10-05T18:07:08+03:00,https://upload.wikimedia.org/wikipedia/commons/a/a9/Tabby_cat-yawning-01.jpg,0673.jpg,F:\NTSE\lab01\dataset\cat\0673.jpg,../lab01/dataset/cat/0673.jpg,cat
2026-10-05T18:07:10+03:00,https://s.yimg.com/ny/api/res/1.2/urKe.E1KELhqlKGp6NeAtA--/YXBwaWQ9aGlnaGxhbmRlcjt3PTEyNDI7aD02OTk7Y2Y9d2VicA--/https://media.zenfs.com/en/parade_pets_articles_328/b69344d874fda283945eb5130b8de317,0674.jpg,F:\NTSE\lab01\dataset\cat\0674.jpg,../lab01/dataset/cat/0674.jpg,cat
2026-10-05T18:07:12+03:00,https://d.newsweek.com/en/full/2024893/one-eyed-cat.jpg,0675.jpg,F:\NTSE\lab01\dataset\cat\0675.jpg,../lab01/dataset/cat/0675.jpg,cat
2026-10-05T18:07:13+03:00,https://apet.by/images/All/Cat/guvo59-european-shorthair-8601492_1280.jpg,0676.jpg,F:\NTSE\lab01\dataset\cat\0676.jpg,../lab01/dataset/cat/0676.jpg,cat
2026-10-05T18:07:14+03:00,https://i.ytimg.com/vi/x5QmOQku2gA/maxresdefault.jpg,0677.jpg,F:\NTSE\lab01\dataset\cat\0677.jpg,../lab01/dataset/cat/0677.jpg,cat
2026-10-05T18:07:15+03:00,https://www.proplan.ru/sites/default/files/gimalayskaya_16x9-1.jpg,0678.jpg,F:\NTSE\lab01\dataset\cat\0678.jpg,../lab01/dataset/cat/0678.jpg,cat
2026-10-05T18:07:16+03:00,https://s0.rbk.ru/v6_top_pics/media/img/3/84/347284810934843.webp,0679.jpg,F:\NTSE\lab01\dataset\cat\0679.jpg,../lab01/dataset/cat/0679.jpg,cat
2026-10-05T18:07:23+03:00,https://doctorpiter.ru/html-to-img/og/bxQ8lnHqVN6JJ8CKtuNaUw/article-id5620977-16x9.jpg?1713202063,0680.jpg,F:\NTSE\lab01\dataset\cat\0680.jpg,../lab01/dataset/cat/0680.jpg,cat
2026-10-05T18:07:46+03:00,https://static.vecteezy.com/system/resources/previews/001/234/571/large_2x/close-upgraphy-of-tabby-cat-free-photo.jpeg,0681.jpg,F:\NTSE\lab01\dataset\cat\0681.jpg,../lab01/dataset/cat/0681.jpg,cat
2026-10-05T18:07:47+03:00,https://i.pinimg.com/originals/f2/4a/19/f24a19cd0a2d85bd73aa0a1f0bd53685.jpg,0682.jpg,F:\NTSE\lab01\dataset\cat\0682.jpg,../lab01/dataset/cat/0682.jpg,cat
2026-10-05T18:07:48+03:00,https://static.vecteezy.com/system/resources/previews/035/286/849/non_2x/sand-cat-lying-on-rock-felis-margarita-photo.jpg,0683.jpg,F:\NTSE\lab01\dataset\cat\0683.jpg,../lab01/dataset/cat/0683.jpg,cat
2026-10-05T18:07:49+03:00,https://www.tipsbulletin.com/wp-content/uploads/2020/08/cat-photo1-1-942x1024.jpg,0684.jpg,F:\NTSE\lab01\dataset\cat\0684.jpg,../lab01/dataset/cat/0684.jpg,cat
2026-10-05T18:07:51+03:00,https://img.goodfon.ru/wallpaper/nbig/7/69/kot-zhivotnoe-vzglyad-lapki.webp,0685.jpg,F:\NTSE\lab01\dataset\cat\0685.jpg,../lab01/dataset/cat/0685.jpg,cat
2026-10-05T18:07:57+03:00,https://news.harvard.edu/wp-content/uploads/2024/09/Meowing-kittens.jpg,0686.jpg,F:\NTSE\lab01\dataset\cat\0686.jpg,../lab01/dataset/cat/0686.jpg,cat
2026-10-05T18:07:59+03:00,https://i.pinimg.com/originals/21/42/3e/21423e875b86f22549867eb8746344ee.jpg,0687.jpg,F:\NTSE\lab01\dataset\cat\0687.jpg,../lab01/dataset/cat/0687.jpg,cat
2026-10-05T18:08:01+03:00,https://i.pinimg.com/originals/11/29/ea/1129ea161a94378efd19358ba5c211e6.png,0688.jpg,F:\NTSE\lab01\dataset\cat\0688.jpg,../lab01/dataset/cat/0688.jpg,cat
2026-10-05T18:08:02+03:00,https://i2.wp.com/leoandluckys.com/wp-content/uploads/2018/09/cat-on-leash-web.jpg,0689.jpg,F:\NTSE\lab01\dataset\cat\0689.jpg,../lab01/dataset/cat/0689.jpg,cat
2026-10-05T18:08:04+03:00,https://www.shutterstock.com/shutterstock/photos/428928607/display_1500/stock-photo-white-cat-hisses-black-and-white-cat-hisses-at-the-hand-of-woman-428928607.jpg,0690.jpg,F:\NTSE\lab01\dataset\cat\0690.jpg,../lab01/dataset/cat/0690.jpg,cat
2026-10-05T18:08:05+03:00,https://img.ixbt.site/live/images/original/33/44/16/2025/06/18/909f38e7f1.jpg,0691.jpg,F:\NTSE\lab01\dataset\cat\0691.jpg,../lab01/dataset/cat/0691.jpg,cat
2026-10-05T18:08:10+03:00,https://www.thesprucepets.com/thmb/jHcHS1Sqh9Yk1XIdUKrUOFyeqLw=/2098x0/filters:no_upscale():strip_icc()/GettyImages-1020755214-2b4b78c2b0c0458fbc0a2a99356c6e9b.jpg,0692.jpg,F:\NTSE\lab01\dataset\cat\0692.jpg,../lab01/dataset/cat/0692.jpg,cat
2026-10-05T18:09:31+03:00,https://cdn.mos.cms.futurecdn.net/NfMkfdkg9mPvPDREy8Vse6.jpg,0693.jpg,F:\NTSE\lab01\dataset\cat\0693.jpg,../lab01/dataset/cat/0693.jpg,cat
2026-10-05T18:09:33+03:00,https://img.goodfon.ru/wallpaper/nbig/4/f2/kot-morda-postel-igrushka-verevochka.webp,0694.jpg,F:\NTSE\lab01\dataset\cat\0694.jpg,../lab01/dataset/cat/0694.jpg,cat
2026-10-05T18:09:34+03:00,https://cdn.britannica.com/36/234736-050-4AC5B6D5/Scottish-fold-cat.jpg,0695.jpg,F:\NTSE\lab01\dataset\cat\0695.jpg,../lab01/dataset/cat/0695.jpg,cat
2026-10-05T18:09:40+03:00,https://twocrazycatladies.com/wp-content/uploads/2026/01/Improving-Indoor-Cats-Healthspan-7-Pillars-of-Longevity.png,0696.jpg,F:\NTSE\lab01\dataset\cat\0696.jpg,../lab01/dataset/cat/0696.jpg,cat
2026-10-05T18:11:06+03:00,https://thumbs.dreamstime.com/z/%D0%BA%D0%BE%D1%82-%D0%B1%D0%B5%D0%BD%D0%B3%D0%B0-%D0%B8%D0%B8-%D0%BF%D0%BE-%D0%BD%D0%B8%D0%BC%D0%B0%D1%8F-%D0%B2%D0%B2%D0%B5%D1%80%D1%85-%D0%B0%D0%BF%D0%BA%D1%83-%D0%BD%D0%B0-%D0%B1%D0%B5-%D0%BE%D0%B9-%D0%BF%D1%80%D0%B5-%D0%BF%D0%BE%D1%81%D1%8B-%D0%BA%D0%B5-53644610.jpg,0697.jpg,F:\NTSE\lab01\dataset\cat\0697.jpg,../lab01/dataset/cat/0697.jpg,cat
2026-10-05T18:11:07+03:00,https://lh7-us.googleusercontent.com/nC-3VORxCKxnIFV0z8O07esrsS15BE_do2eW9qHupOj_4M_p-ptQeKqGSpl5TJ3UIRgBTgHSZku8wObUnhVxddzmWFslxwagc3IcwYgMvubzjtssVi8F5cUgd7Uz2BQqaqmm2Ki-oP8swYjUz6fy2vE,0698.jpg,F:\NTSE\lab01\dataset\cat\0698.jpg,../lab01/dataset/cat/0698.jpg,cat
2026-10-05T18:13:48+03:00,https://img.goodfon.ru/wallpaper/nbig/e/fd/koshka-kotenok-poza-mordashka-vzgliad-8.webp,0699.jpg,F:\NTSE\lab01\dataset\cat\0699.jpg,../lab01/dataset/cat/0699.jpg,cat
2026-10-05T18:13:49+03:00,https://i.pinimg.com/originals/83/0e/81/830e81c5383619e81821f1abca067685.jpg?nii=t,0700.jpg,F:\NTSE\lab01\dataset\cat\0700.jpg,../lab01/dataset/cat/0700.jpg,cat
2026-10-05T18:14:03+03:00,https://i.ytimg.com/vi/Rm-Liko5_tA/maxresdefault.jpg,0701.jpg,F:\NTSE\lab01\dataset\cat\0701.jpg,../lab01/dataset/cat/0701.jpg,cat
2026-10-05T18:14:04+03:00,https://i.ytimg.com/vi/Dr-5pkXUlP8/maxresdefault.jpg,0702.jpg,F:\NTSE\lab01\dataset\cat\0702.jpg,../lab01/dataset/cat/0702.jpg,cat
2026-10-05T18:14:05+03:00,https://yac-wh-sb-prod-s3-media-07001.storage.yandexcloud.net/media/images/siamskaya7.max-2880x1820.format-jpeg_WOXzITv.jpg,0703.jpg,F:\NTSE\lab01\dataset\cat\0703.jpg,../lab01/dataset/cat/0703.jpg,cat
2026-10-05T18:14:06+03:00,https://cat-vet.ru/wp-content/uploads/folder2/11/persidskaya-seraya-koshka.webp,0704.jpg,F:\NTSE\lab01\dataset\cat\0704.jpg,../lab01/dataset/cat/0704.jpg,cat
2026-10-05T18:14:08+03:00,https://www.shutterstock.com/shutterstock/photos/1924974395/display_1500/stock-photo-portrait-of-licking-ginger-cat-looking-in-camera-on-isolated-white-background-front-view-1924974395.jpg,0705.jpg,F:\NTSE\lab01\dataset\cat\0705.jpg,../lab01/dataset/cat/0705.jpg,cat
2026-10-05T18:14:10+03:00,https://i.pinimg.com/originals/23/34/3c/23343c665da50991553f285cbebe253d.jpg,0706.jpg,F:\NTSE\lab01\dataset\cat\0706.jpg,../lab01/dataset/cat/0706.jpg,cat
2026-10-05T18:14:11+03:00,https://i.pinimg.com/originals/4a/18/be/4a18be815fc01a38d1f21c0dda2dc659.jpg,0707.jpg,F:\NTSE\lab01\dataset\cat\0707.jpg,../lab01/dataset/cat/0707.jpg,cat
2026-10-05T18:14:12+03:00,https://s.yimg.com/ny/api/res/1.2/TwlfvJhjnsgoKeJbcPB_ZA--/YXBwaWQ9aGlnaGxhbmRlcjt3PTk2MDtoPTE0NDA7Y2Y9d2VicA--/https://media.zenfs.com/en/woman_s_day_132/d2d5497735f0534b2d0de316ae0c93af,0708.jpg,F:\NTSE\lab01\dataset\cat\0708.jpg,../lab01/dataset/cat/0708.jpg,cat
2026-10-05T18:14:14+03:00,https://www.shutterstock.com/shutterstock/photos/256283965/display_1500/stock-photo-bengal-cat-walking-on-white-side-view-256283965.jpg,0709.jpg,F:\NTSE\lab01\dataset\cat\0709.jpg,../lab01/dataset/cat/0709.jpg,cat
2026-10-05T18:15:34+03:00,https://i.ytimg.com/vi/1DhwkmcGr00/maxresdefault.jpg,0710.jpg,F:\NTSE\lab01\dataset\cat\0710.jpg,../lab01/dataset/cat/0710.jpg,cat
2026-10-05T18:15:35+03:00,https://i.pinimg.com/originals/73/a6/6f/73a66fe0d2c027fc20f3efce7450ec9c.jpg,0711.jpg,F:\NTSE\lab01\dataset\cat\0711.jpg,../lab01/dataset/cat/0711.jpg,cat
2026-10-05T18:15:36+03:00,https://img.goodfon.ru/wallpaper/nbig/1/15/koshka-kot-vzgliad-morda-fon-portret-8.webp,0712.jpg,F:\NTSE\lab01\dataset\cat\0712.jpg,../lab01/dataset/cat/0712.jpg,cat
2026-10-05T18:15:37+03:00,https://cdn.mos.cms.futurecdn.net/bxwUeBQc7YARah8JDdhmaj-1400-80.jpg,0713.jpg,F:\NTSE\lab01\dataset\cat\0713.jpg,../lab01/dataset/cat/0713.jpg,cat
2026-10-05T18:15:39+03:00,"https://upload.wikimedia.org/wikipedia/commons/thumb/3/34/Cat,_Standard_Orange_Tabby.jpg/1280px-Cat,_Standard_Orange_Tabby.jpg",0714.jpg,F:\NTSE\lab01\dataset\cat\0714.jpg,../lab01/dataset/cat/0714.jpg,cat
2026-10-05T18:15:41+03:00,https://cdn.mos.cms.futurecdn.net/rvp8UNRxHC6VGbvMHYyqCK.jpg,0715.jpg,F:\NTSE\lab01\dataset\cat\0715.jpg,../lab01/dataset/cat/0715.jpg,cat
2026-10-05T18:15:42+03:00,https://i.ytimg.com/vi/7awNS5NTvdk/maxresdefault.jpg,0716.jpg,F:\NTSE\lab01\dataset\cat\0716.jpg,../lab01/dataset/cat/0716.jpg,cat
2026-10-05T18:18:22+03:00,https://i.pinimg.com/originals/90/80/e0/9080e03956b4586f916167effca056ed.jpg,0717.jpg,F:\NTSE\lab01\dataset\cat\0717.jpg,../lab01/dataset/cat/0717.jpg,cat
2026-10-05T18:20:03+03:00,https://static.vecteezy.com/system/resources/previews/059/245/420/non_2x/playful-cat-stock-image-adorable-kitten-in-action-for-pet-lovers-free-png.png,0718.jpg,F:\NTSE\lab01\dataset\cat\0718.jpg,../lab01/dataset/cat/0718.jpg,cat
2026-10-05T18:20:08+03:00,https://static.vecteezy.com/system/resources/previews/032/416/795/large_2x/beautiful-cat-isolated-on-white-transparent-background-ai-generative-png.png,0719.jpg,F:\NTSE\lab01\dataset\cat\0719.jpg,../lab01/dataset/cat/0719.jpg,cat
2026-10-05T18:21:14+03:00,https://yt3.googleusercontent.com/bjsIzlvvynaWhfm529eSiM5oz847KLxpfzYCQIZ9X7cfhCONWwso9VaYSNmAOrXC5GiUlJBEh7Q=s900-c-k-c0x00ffffff-no-rj,0720.jpg,F:\NTSE\lab01\dataset\cat\0720.jpg,../lab01/dataset/cat/0720.jpg,cat
2026-10-05T18:21:16+03:00,https://imgix.bustle.com/rehost/2016/9/13/d87ced4f-d0ec-4dc6-b2d9-8871b397326c.jpg?w=614&h=409&fit=crop&crop=faces&dpr=2,0721.jpg,F:\NTSE\lab01\dataset\cat\0721.jpg,../lab01/dataset/cat/0721.jpg,cat
2026-10-05T18:21:17+03:00,https://i.pinimg.com/originals/32/1e/2c/321e2cbae97c725a2d5f400f1543b050.jpg?nii=t,0722.jpg,F:\NTSE\lab01\dataset\cat\0722.jpg,../lab01/dataset/cat/0722.jpg,cat
2026-10-05T18:22:46+03:00,https://i.pinimg.com/originals/94/79/34/947934ef7306508e04987113dd9c1d9c.jpg,0723.jpg,F:\NTSE\lab01\dataset\cat\0723.jpg,../lab01/dataset/cat/0723.jpg,cat
2026-10-05T18:22:46+03:00,https://i.pinimg.com/originals/3b/3f/61/3b3f610153cdb0544214e6627a4fd2dc.jpg?nii=t,0724.jpg,F:\NTSE\lab01\dataset\cat\0724.jpg,../lab01/dataset/cat/0724.jpg,cat
2026-10-05T18:22:48+03:00,https://thumbs.dreamstime.com/z/%D0%B2%D0%B7%D0%B3-%D1%8F-%D0%B7%D0%B0-%D0%BD%D0%B5%D0%B9-%D1%87%D0%B0%D1%81%D1%82%D0%B8-%D0%BA%D0%BE%D1%82%D0%B0-%D1%83%D1%81%D0%B0%D0%B6%D0%B8%D0%B2%D0%B0%D0%BD%D0%B8%D0%B5-%D0%BA%D0%BE%D1%82%D0%B5%D0%BD%D0%BA%D0%B0-%D0%B8%D0%B7%D0%BE-%D0%B8%D1%80%D0%BE%D0%B2%D0%B0%D0%BD%D0%BD%D0%BE%D0%B5-%D0%BD%D0%B0-%D0%B1%D0%B5-%D0%B8%D0%B7%D0%BD%D0%B5-71655269.jpg,0725.jpg,F:\NTSE\lab01\dataset\cat\0725.jpg,../lab01/dataset/cat/0725.jpg,cat
2026-10-05T18:22:50+03:00,https://www.shutterstock.com/shutterstock/photos/2187377047/display_1500/stock-photo-bengal-cat-marking-the-stop-and-looking-away-isolated-on-white-2187377047.jpg,0726.jpg,F:\NTSE\lab01\dataset\cat\0726.jpg,../lab01/dataset/cat/0726.jpg,cat
2026-10-05T18:22:55+03:00,https://i.ytimg.com/vi/JpEha52aCig/maxresdefault.jpg,0727.jpg,F:\NTSE\lab01\dataset\cat\0727.jpg,../lab01/dataset/cat/0727.jpg,cat
2026-10-05T18:24:15+03:00,https://i.pinimg.com/originals/59/a9/67/59a96785b48bf969383a4469cbcca159.jpg?nii=t,0728.jpg,F:\NTSE\lab01\dataset\cat\0728.jpg,../lab01/dataset/cat/0728.jpg,cat
2026-10-05T18:24:16+03:00,https://lapkins.ru/upload/iblock/7f0/7f0166b7455c89964198210754fb373a.jpg,0729.jpg,F:\NTSE\lab01\dataset\cat\0729.jpg,../lab01/dataset/cat/0729.jpg,cat
2026-10-05T18:24:18+03:00,https://happywhisker.com/wp-content/uploads/2022/10/Beautiful-short-hair-cat-lying-on-the-bed-at-home.jpg,0730.jpg,F:\NTSE\lab01\dataset\cat\0730.jpg,../lab01/dataset/cat/0730.jpg,cat
2026-10-05T18:24:20+03:00,https://assets.newsweek.com/wp-content/uploads/2025/08/2260507-angry-looking-cat.jpg?w=1600&quality=80&webp=1,0731.jpg,F:\NTSE\lab01\dataset\cat\0731.jpg,../lab01/dataset/cat/0731.jpg,cat
2026-10-05T18:24:21+03:00,https://pofoto.club/uploads/posts/2022-07/1658999957_28-pofoto-club-p-belii-abissinets-30.jpg,0732.jpg,F:\NTSE\lab01\dataset\cat\0732.jpg,../lab01/dataset/cat/0732.jpg,cat
2026-10-05T18:24:22+03:00,https://www.purina.co.uk/sites/default/files/styles/square_medium_440x440/public/2022-06/Savannah.jpg?itok=IO1Kbgai,0733.jpg,F:\NTSE\lab01\dataset\cat\0733.jpg,../lab01/dataset/cat/0733.jpg,cat
2026-10-05T18:24:23+03:00,https://i.pinimg.com/originals/a3/a9/48/a3a94870492d5f37ea5783f37bd76b02.jpg,0734.jpg,F:\NTSE\lab01\dataset\cat\0734.jpg,../lab01/dataset/cat/0734.jpg,cat
2026-10-05T18:24:24+03:00,https://i.pinimg.com/originals/5c/df/df/5cdfdfea5a6e83b626d0598dfd0f969a.webp,0735.jpg,F:\NTSE\lab01\dataset\cat\0735.jpg,../lab01/dataset/cat/0735.jpg,cat
2026-10-05T18:24:25+03:00,https://cdn2.botanichka.ru/wp-content/uploads/2022/03/poludlinnosherstnye-i-dlinnosherstnye-koshki-1.jpeg,0736.jpg,F:\NTSE\lab01\dataset\cat\0736.jpg,../lab01/dataset/cat/0736.jpg,cat
2026-10-05T18:24:26+03:00,https://i.ytimg.com/vi/OFjlF7zQF_g/maxresdefault.jpg,0737.jpg,F:\NTSE\lab01\dataset\cat\0737.jpg,../lab01/dataset/cat/0737.jpg,cat
2026-10-05T18:25:50+03:00,https://i.pinimg.com/736x/80/37/4a/80374ac4b1ab580fb8ada34288cadfec.jpg,0738.jpg,F:\NTSE\lab01\dataset\cat\0738.jpg,../lab01/dataset/cat/0738.jpg,cat
2026-10-05T18:25:51+03:00,https://i.pinimg.com/originals/3a/4e/99/3a4e99d24921d47d6c2353fe3afeb40c.jpg,0739.jpg,F:\NTSE\lab01\dataset\cat\0739.jpg,../lab01/dataset/cat/0739.jpg,cat
2026-10-05T18:27:35+03:00,https://img.ixbt.site/live/topics/preview/00/06/06/54/7b720ef282.png?w=1600&h=900&resize=entropy&format=jpeg,0740.jpg,F:\NTSE\lab01\dataset\cat\0740.jpg,../lab01/dataset/cat/0740.jpg,cat
2026-10-05T18:27:36+03:00,https://thumbs.dreamstime.com/z/russian-blue-cat-4875466.jpg,0741.jpg,F:\NTSE\lab01\dataset\cat\0741.jpg,../lab01/dataset/cat/0741.jpg,cat
2026-10-05T18:27:42+03:00,https://thumbs.dreamstime.com/z/angry-yelling-cat-agressive-garden-setting-131891674.jpg,0742.jpg,F:\NTSE\lab01\dataset\cat\0742.jpg,../lab01/dataset/cat/0742.jpg,cat
2026-10-05T18:27:43+03:00,https://i.pinimg.com/originals/09/90/d5/0990d5365299ba3bb4903d485c28e7df.webp,0743.jpg,F:\NTSE\lab01\dataset\cat\0743.jpg,../lab01/dataset/cat/0743.jpg,cat
2026-10-05T18:27:44+03:00,https://yac-wh-sb-prod-s3-media-04001.storage.yandexcloud.net/db_connection/1/layer_item/1/articles/18623/wysiwig-img/%D0%A0%D0%9A_%D0%91%D1%83%D1%80%D0%BC%D0%B0%D0%BD%D1%81%D0%BA%D0%B0%D1%8F%20Burmese%20cat%20lying%20on%20couch%20indoor-rc-jpg-jpg-2000x1320-150-RGB.jpg_1098375%20copy.webp,0744.jpg,F:\NTSE\lab01\dataset\cat\0744.jpg,../lab01/dataset/cat/0744.jpg,cat
2026-10-05T18:27:45+03:00,https://static.tildacdn.com/tild6439-6336-4136-b264-346635393833/Kanaani_like_Cat_Tuf.jpeg,0745.jpg,F:\NTSE\lab01\dataset\cat\0745.jpg,../lab01/dataset/cat/0745.jpg,cat
2026-10-05T18:27:47+03:00,https://media1.popsugar-assets.com/files/thumbor/L1yd2rTucu5BsfG3iXJlPNA_IwI=/0x0:5457x2865/fit-in/5472x3648/top/filters:format_auto():quality(85):upscale()/2021/02/03/001/n/1922243/154b319d601b2b69819fe5.98958756_.jpg,0746.jpg,F:\NTSE\lab01\dataset\cat\0746.jpg,../lab01/dataset/cat/0746.jpg,cat
2026-10-05T18:27:49+03:00,https://media.zenfs.com/en/aol_pethelpful_490/3b5b34825fe0768737156a0082b8fea2,0747.jpg,F:\NTSE\lab01\dataset\cat\0747.jpg,../lab01/dataset/cat/0747.jpg,cat
2026-10-05T18:27:51+03:00,https://www.shutterstock.com/shutterstock/photos/1847536975/display_1500/stock-photo-beautiful-large-british-shorthair-cream-female-cat-on-a-beige-background-in-a-sitting-pose-1847536975.jpg,0748.jpg,F:\NTSE\lab01\dataset\cat\0748.jpg,../lab01/dataset/cat/0748.jpg,cat
2026-10-05T18:28:59+03:00,https://cdn.profile.ru/wp-content/uploads/2021/08/regdol.jpg,0749.jpg,F:\NTSE\lab01\dataset\cat\0749.jpg,../lab01/dataset/cat/0749.jpg,cat
2026-10-05T18:29:00+03:00,https://s0.rbk.ru/v6_top_pics/media/img/5/51/756723947234515.jpg,0750.jpg,F:\NTSE\lab01\dataset\cat\0750.jpg,../lab01/dataset/cat/0750.jpg,cat
2026-10-05T18:29:05+03:00,https://thumbs.dreamstime.com/z/adorable-chubby-white-silver-scottish-fold-munchkin-cat-laying-pillow-shallow-depth-field-adorable-chubby-white-140241002.jpg,0751.jpg,F:\NTSE\lab01\dataset\cat\0751.jpg,../lab01/dataset/cat/0751.jpg,cat
2026-10-05T18:29:07+03:00,https://storage.yandexcloud.net/yac-wh-sb-prod-s3-media-03009/uploads/article/37/Shutterstock_1299605248.webp,0752.jpg,F:\NTSE\lab01\dataset\cat\0752.jpg,../lab01/dataset/cat/0752.jpg,cat
2026-10-05T18:29:09+03:00,https://www.shutterstock.com/shutterstock/photos/1832146675/display_1500/stock-photo-side-view-profile-of-curious-striped-cat-walking-and-looking-down-attentive-isolated-on-white-1832146675.jpg,0753.jpg,F:\NTSE\lab01\dataset\cat\0753.jpg,../lab01/dataset/cat/0753.jpg,cat
2026-10-05T18:29:10+03:00,https://thumbs.dreamstime.com/z/black-white-tuxedo-cat-lying-down-beautiful-over-studio-background-83454271.jpg,0754.jpg,F:\NTSE\lab01\dataset\cat\0754.jpg,../lab01/dataset/cat/0754.jpg,cat
2026-10-05T18:29:11+03:00,https://www.bethowen.ru/upload/iblock/7b5/7b516339a8c287eef14b4624f3243e95.jpg,0755.jpg,F:\NTSE\lab01\dataset\cat\0755.jpg,../lab01/dataset/cat/0755.jpg,cat
2026-10-05T18:29:12+03:00,https://resizer.mail.ru/p/2d493ed0-05c3-5733-a4ee-6ba008c352db/AQAOWl7Eqn0WpNzaUD0RDSl4PBmeeJ9RPVGwjFs3y-bvTt8cwVJ0OhFf-PR17PMzam58wIXTkPSLA_xy7ctFps3r34s.jpg,0756.jpg,F:\NTSE\lab01\dataset\cat\0756.jpg,../lab01/dataset/cat/0756.jpg,cat
2026-10-05T18:29:13+03:00,https://consumer-cms.petfinder.com/sites/default/files/images/content/Eco_B121_Cat_CalicoFacts.jpg,0757.jpg,F:\NTSE\lab01\dataset\cat\0757.jpg,../lab01/dataset/cat/0757.jpg,cat
2026-10-05T18:29:15+03:00,https://resizer.mail.ru/p/43fbced5-6a88-5b20-9c28-fe5041d3b7cb/dpr:200/AQAO6XqBbobO1C4aGtj2MravuxdTLzagNVxbVoXzEPfN75CNaRKXYgfCMuBqZ5BGhWO8Ysa3-3ojdCcbntUk6nVQMjs.jpg,0758.jpg,F:\NTSE\lab01\dataset\cat\0758.jpg,../lab01/dataset/cat/0758.jpg,cat
2026-10-05T18:29:16+03:00,https://i.pinimg.com/originals/2a/63/44/2a634423ecd6bb1a393c6d8997775965.jpg?nii=t,0759.jpg,F:\NTSE\lab01\dataset\cat\0759.jpg,../lab01/dataset/cat/0759.jpg,cat
2026-10-05T18:29:21+03:00,https://i.pinimg.com/originals/4a/8d/6b/4a8d6bf79f7b9ac86109628c873ae527.jpg?nii=t,0760.jpg,F:\NTSE\lab01\dataset\cat\0760.jpg,../lab01/dataset/cat/0760.jpg,cat
2026-10-05T18:29:22+03:00,https://i.ytimg.com/vi/h3vgiwD_ZFE/maxresdefault.jpg,0761.jpg,F:\NTSE\lab01\dataset\cat\0761.jpg,../lab01/dataset/cat/0761.jpg,cat
2026-10-05T18:29:24+03:00,https://www.shutterstock.com/shutterstock/photos/1247724604/display_1500/stock-photo-turtle-three-color-young-cat-on-white-backround-isolated-1247724604.jpg,0762.jpg,F:\NTSE\lab01\dataset\cat\0762.jpg,../lab01/dataset/cat/0762.jpg,cat
2026-10-05T18:29:26+03:00,https://dingyue.ws.126.net/2025/0527/3c6a0290j00swwxdh003wd000w8014am.jpg,0763.jpg,F:\NTSE\lab01\dataset\cat\0763.jpg,../lab01/dataset/cat/0763.jpg,cat
2026-10-05T18:29:27+03:00,https://i.pinimg.com/originals/69/09/19/69091945d834c9b222a1502357c6d1c4.jpg?nii=t,0764.jpg,F:\NTSE\lab01\dataset\cat\0764.jpg,../lab01/dataset/cat/0764.jpg,cat
2026-10-05T18:29:28+03:00,https://static.tildacdn.com/tild3265-3531-4735-b835-613665363332/image-from-rawpixel-.png,0765.jpg,F:\NTSE\lab01\dataset\cat\0765.jpg,../lab01/dataset/cat/0765.jpg,cat
2026-10-05T18:30:49+03:00,https://static.independent.co.uk/2026/06/16/14/58/iStock-1151493127.jpeg,0766.jpg,F:\NTSE\lab01\dataset\cat\0766.jpg,../lab01/dataset/cat/0766.jpg,cat
2026-10-05T18:30:50+03:00,https://thumbs.dreamstime.com/z/%D0%BA%D1%80%D0%B0%D1%81%D0%BD%D1%8B%D1%85-%D0%BA%D0%BE%D1%82%D0%B0-93789621.jpg,0767.jpg,F:\NTSE\lab01\dataset\cat\0767.jpg,../lab01/dataset/cat/0767.jpg,cat
2026-10-05T18:30:51+03:00,https://static.independent.co.uk/s3fs-public/thumbnails/image/2014/06/02/16/catv2.jpg?width=1200&height=800&crop=1200:800,0768.jpg,F:\NTSE\lab01\dataset\cat\0768.jpg,../lab01/dataset/cat/0768.jpg,cat
2026-10-05T18:32:12+03:00,https://i2-prod.walesonline.co.uk/article32653762.ece/ALTERNATES/s1200f/0_GettyImages-695939918.jpg,0769.jpg,F:\NTSE\lab01\dataset\cat\0769.jpg,../lab01/dataset/cat/0769.jpg,cat
2026-10-05T18:32:13+03:00,https://i.ytimg.com/vi/um631SjgTzg/maxresdefault.jpg,0770.jpg,F:\NTSE\lab01\dataset\cat\0770.jpg,../lab01/dataset/cat/0770.jpg,cat
2026-10-05T18:32:14+03:00,https://cdn.mos.cms.futurecdn.net/ik5c8qpuy6xd5kJEcLHM8Z-1920-80.jpg,0771.jpg,F:\NTSE\lab01\dataset\cat\0771.jpg,../lab01/dataset/cat/0771.jpg,cat
2026-10-05T18:32:15+03:00,https://img.pravda.ru/image/preview/article/1/8/1/2333181_amp.jpeg,0772.jpg,F:\NTSE\lab01\dataset\cat\0772.jpg,../lab01/dataset/cat/0772.jpg,cat
2026-10-05T18:32:20+03:00,https://i.pinimg.com/originals/f1/dd/35/f1dd35852613a507cf0f0d921b6ef21b.png,0773.jpg,F:\NTSE\lab01\dataset\cat\0773.jpg,../lab01/dataset/cat/0773.jpg,cat
2026-10-05T18:32:21+03:00,https://35awards.com/photos_temp/sizes/2026/10132482_1500n.jpg,0774.jpg,F:\NTSE\lab01\dataset\cat\0774.jpg,../lab01/dataset/cat/0774.jpg,cat
2026-10-05T18:32:22+03:00,https://img.goodfon.ru/wallpaper/nbig/1/4f/kot-koshka-meyn-kun-meyn-kun.webp,0775.jpg,F:\NTSE\lab01\dataset\cat\0775.jpg,../lab01/dataset/cat/0775.jpg,cat
2026-10-05T18:33:42+03:00,https://dobro.press/wp-content/uploads/2026/02/cute-cat-spending-time-indoors-scaled.jpg,0776.jpg,F:\NTSE\lab01\dataset\cat\0776.jpg,../lab01/dataset/cat/0776.jpg,cat
2026-10-05T18:33:44+03:00,https://s0.rbk.ru/v6_top_pics/media/img/0/62/347544690632620.jpeg,0777.jpg,F:\NTSE\lab01\dataset\cat\0777.jpg,../lab01/dataset/cat/0777.jpg,cat
2026-10-05T18:35:07+03:00,https://upload.wikimedia.org/wikipedia/commons/6/67/Cute_cat_in_loaf_position.jpg,0778.jpg,F:\NTSE\lab01\dataset\cat\0778.jpg,../lab01/dataset/cat/0778.jpg,cat
2026-10-05T18:35:08+03:00,https://avatars.dzeninfra.ru/get-zen_doc/271828/pub_65853e97775b804b37552040_65853ebcc55a22285530b558/scale_1200,0779.jpg,F:\NTSE\lab01\dataset\cat\0779.jpg,../lab01/dataset/cat/0779.jpg,cat
2026-10-05T18:35:09+03:00,https://thumbs.dreamstime.com/z/cat-above-white-banner-21140430.jpg,0780.jpg,F:\NTSE\lab01\dataset\cat\0780.jpg,../lab01/dataset/cat/0780.jpg,cat
2026-10-05T18:36:33+03:00,https://i.ytimg.com/vi/XQTCXHzcCJQ/maxresdefault.jpg,0781.jpg,F:\NTSE\lab01\dataset\cat\0781.jpg,../lab01/dataset/cat/0781.jpg,cat
2026-10-05T18:36:34+03:00,https://upload.wikimedia.org/wikipedia/commons/6/66/An_up-close_picture_of_a_curious_male_domestic_shorthair_tabby_cat.jpg,0782.jpg,F:\NTSE\lab01\dataset\cat\0782.jpg,../lab01/dataset/cat/0782.jpg,cat
2026-10-05T18:36:42+03:00,https://storage-api.petstory.ru/resize/1600x1200x80/b8/dc/d8/b8dcd8c2b4604f91b140208dae08f8a2.jpeg,0783.jpg,F:\NTSE\lab01\dataset\cat\0783.jpg,../lab01/dataset/cat/0783.jpg,cat
2026-10-05T18:36:43+03:00,https://i.pinimg.com/originals/91/12/fb/9112fbc7b913fde2d31e6005efc8acbd.webp,0784.jpg,F:\NTSE\lab01\dataset\cat\0784.jpg,../lab01/dataset/cat/0784.jpg,cat
2026-10-05T18:36:44+03:00,https://i.ytimg.com/vi/yxHG-eQHk_E/maxresdefault.jpg,0785.jpg,F:\NTSE\lab01\dataset\cat\0785.jpg,../lab01/dataset/cat/0785.jpg,cat
2026-10-05T18:36:48+03:00,https://cdn2.botanichka.ru/wp-content/uploads/2026/08/kak-sdelat-zhizn-pozhiloj-sobaki-ili-koshki-komfortnee-4-1200x800.jpg,0786.jpg,F:\NTSE\lab01\dataset\cat\0786.jpg,../lab01/dataset/cat/0786.jpg,cat
2026-10-05T18:38:08+03:00,https://i.pinimg.com/originals/02/61/e5/0261e5c1a0dd6202c1999acb9de0f734.jpg,0787.jpg,F:\NTSE\lab01\dataset\cat\0787.jpg,../lab01/dataset/cat/0787.jpg,cat
2026-10-05T18:38:09+03:00,https://s0.rbk.ru/v6_top_pics/media/img/1/14/347128449561141.jpeg,0788.jpg,F:\NTSE\lab01\dataset\cat\0788.jpg,../lab01/dataset/cat/0788.jpg,cat
2026-10-05T18:38:15+03:00,https://cs11.livemaster.ru/storage/topic/NxN/21/f7/975afd9b77fdef25b4bdf03533a67c21ba0dl7.jpg?h=LaIQsDERBA1kBc26VbaDMA,0789.jpg,F:\NTSE\lab01\dataset\cat\0789.jpg,../lab01/dataset/cat/0789.jpg,cat
2026-10-05T18:39:35+03:00,https://s0.rbk.ru/v6_top_pics/media/img/6/84/346987591288846.webp,0790.jpg,F:\NTSE\lab01\dataset\cat\0790.jpg,../lab01/dataset/cat/0790.jpg,cat
2026-10-05T18:39:37+03:00,https://image.shutterstock.com/shutterstock/photos/1285886545/display_1500/stock-photo-a-bengal-kitten-standing-in-a-living-room-ready-to-pounce-at-something-under-a-frilled-sofa-1285886545.jpg,0791.jpg,F:\NTSE\lab01\dataset\cat\0791.jpg,../lab01/dataset/cat/0791.jpg,cat
2026-10-05T18:39:39+03:00,https://consumer-cms.petfinder.com/sites/default/files/images/content/American%20Wirehair%20Cat%201.jpg,0792.jpg,F:\NTSE\lab01\dataset\cat\0792.jpg,../lab01/dataset/cat/0792.jpg,cat
2026-10-05T18:39:40+03:00,https://i.pinimg.com/736x/1b/04/70/1b04707df0ddb216cd6a29be54096f3b.jpg,0793.jpg,F:\NTSE\lab01\dataset\cat\0793.jpg,../lab01/dataset/cat/0793.jpg,cat
2026-10-05T18:41:00+03:00,https://i.ytimg.com/vi/JRMKE6Uxw88/maxresdefault.jpg,0794.jpg,F:\NTSE\lab01\dataset\cat\0794.jpg,../lab01/dataset/cat/0794.jpg,cat
2026-10-05T18:41:01+03:00,https://i.pinimg.com/originals/27/c9/67/27c967a6c87388f4c4f288bcd826ae22.jpg?nii=t,0795.jpg,F:\NTSE\lab01\dataset\cat\0795.jpg,../lab01/dataset/cat/0795.jpg,cat
2026-10-05T18:41:02+03:00,https://i.ytimg.com/vi/kWCbyNoePTo/maxresdefault.jpg,0796.jpg,F:\NTSE\lab01\dataset\cat\0796.jpg,../lab01/dataset/cat/0796.jpg,cat
2026-10-05T18:41:04+03:00,https://www.shutterstock.com/shutterstock/photos/2369304823/display_1500/stock-photo-male-specimen-of-siamese-himalayan-persian-cat-2369304823.jpg,0797.jpg,F:\NTSE\lab01\dataset\cat\0797.jpg,../lab01/dataset/cat/0797.jpg,cat
2026-10-05T18:41:05+03:00,https://www.shutterstock.com/shutterstock/photos/2255675491/display_1500/stock-photo-ginger-cat-sits-with-its-back-with-a-raised-paw-on-a-white-isolated-background-2255675491.jpg,0798.jpg,F:\NTSE\lab01\dataset\cat\0798.jpg,../lab01/dataset/cat/0798.jpg,cat
2026-10-05T18:41:06+03:00,https://i.pinimg.com/originals/02/34/de/0234de8b9ee8b731b3e462d1fb3c7b84.jpg,0799.jpg,F:\NTSE\lab01\dataset\cat\0799.jpg,../lab01/dataset/cat/0799.jpg,cat
2026-10-05T18:41:11+03:00,https://s0.rbk.ru/v6_top_pics/media/img/7/86/347019543095867.jpeg,0800.jpg,F:\NTSE\lab01\dataset\cat\0800.jpg,../lab01/dataset/cat/0800.jpg,cat
2026-10-05T18:41:12+03:00,https://www.purina.co.uk/sites/default/files/styles/square_medium_440x440/public/2022-06/Bombay-Cat.jpg?itok=gxXm3cCu,0801.jpg,F:\NTSE\lab01\dataset\cat\0801.jpg,../lab01/dataset/cat/0801.jpg,cat
2026-10-05T18:41:13+03:00,https://i.pinimg.com/originals/3a/9f/0e/3a9f0e1192390341ef62199de650f505.jpg,0802.jpg,F:\NTSE\lab01\dataset\cat\0802.jpg,../lab01/dataset/cat/0802.jpg,cat
2026-10-05T18:41:14+03:00,https://s0.rbk.ru/v6_top_pics/media/img/3/80/756723936281803.jpg,0803.jpg,F:\NTSE\lab01\dataset\cat\0803.jpg,../lab01/dataset/cat/0803.jpg,cat
2026-10-05T18:41:15+03:00,https://thumbs.dreamstime.com/z/cute-year-old-seal-colourpoint-persian-cat-sitting-isolated-white-background-82823661.jpg,0804.jpg,F:\NTSE\lab01\dataset\cat\0804.jpg,../lab01/dataset/cat/0804.jpg,cat
2026-10-05T18:41:16+03:00,https://thumbs.dreamstime.com/z/%25D0%25BF%25D0%25BE%25D1%2580%25D1%2582%25D1%2580%25D0%25B5%25D1%2582-%25D0%25BB%25D1%258B%25D1%2581%25D0%25BE%25D0%25B9-%25D0%25BA%25D0%25BE%25D1%2588%25D0%25BA%25D0%25B8-%25D0%25BA%25D0%25BE%25D1%2588%25D0%25B0%25D1%2587%25D1%258C%25D1%258F-%25D0%25BF%25D0%25BE%25D1%2580%25D0%25BE%25D0%25B4%25D0%25B0-%25D1%2581%25D1%2584%25D0%25B8%25D0%25BD%25D0%25BA%25D1%2581-%25D1%258D%25D1%2582%25D0%25BE-%25D0%25B1%25D0%25B5%25D0%25B7%25D0%25B2%25D0%25BE%25D0%25BB%25D0%25BE%25D1%2581%25D1%258B%25D0%25B5-%25D0%25B6%25D0%25B8%25D0%25B2%25D0%25BE%25D1%2582%25D0%25BD%25D1%258B%25D0%25B5-%25D0%25B1%25D0%25B5%25D0%25B7-216734695.jpg,0805.jpg,F:\NTSE\lab01\dataset\cat\0805.jpg,../lab01/dataset/cat/0805.jpg,cat
2026-10-05T18:42:45+03:00,https://i.ytimg.com/vi/YeWv15u2XT0/maxresdefault.jpg,0806.jpg,F:\NTSE\lab01\dataset\cat\0806.jpg,../lab01/dataset/cat/0806.jpg,cat
2026-10-05T18:42:46+03:00,https://cont.ws/uploads/pic/2020/12/Bombeyskaya%20koshka.jpg,0807.jpg,F:\NTSE\lab01\dataset\cat\0807.jpg,../lab01/dataset/cat/0807.jpg,cat
2026-10-05T18:42:47+03:00,https://i.pinimg.com/736x/c1/79/de/c179de6afbb6bb6d237c8064a9a2e5d3.jpg,0808.jpg,F:\NTSE\lab01\dataset\cat\0808.jpg,../lab01/dataset/cat/0808.jpg,cat
2026-10-05T18:42:48+03:00,https://i.pinimg.com/originals/15/78/c8/1578c89e82a504089a67bbe63d18fab0.jpg,0809.jpg,F:\NTSE\lab01\dataset\cat\0809.jpg,../lab01/dataset/cat/0809.jpg,cat
2026-10-05T18:42:50+03:00,https://www.shutterstock.com/shutterstock/photos/537884014/display_1500/stock-photo-isolated-image-of-a-lying-persian-cat-537884014.jpg,0810.jpg,F:\NTSE\lab01\dataset\cat\0810.jpg,../lab01/dataset/cat/0810.jpg,cat
2026-10-05T18:42:51+03:00,https://i.pinimg.com/originals/0c/0c/94/0c0c94e181b65c56d87dac7625dbc6d5.jpg?nii=t,0811.jpg,F:\NTSE\lab01\dataset\cat\0811.jpg,../lab01/dataset/cat/0811.jpg,cat
2026-10-05T18:44:12+03:00,https://img.ixbt.site/live/images/original/08/11/28/2024/02/15/a0e2553255.jpg,0812.jpg,F:\NTSE\lab01\dataset\cat\0812.jpg,../lab01/dataset/cat/0812.jpg,cat
2026-10-05T18:44:14+03:00,https://adoptjcacc.com/wp-content/uploads/2021/12/AdobeStock_1533312.jpg,0813.jpg,F:\NTSE\lab01\dataset\cat\0813.jpg,../lab01/dataset/cat/0813.jpg,cat
2026-10-05T18:44:17+03:00,https://cdn.mos.cms.futurecdn.net/rhu5jMU9LAXqsDKtgxkRj5.jpg,0814.jpg,F:\NTSE\lab01\dataset\cat\0814.jpg,../lab01/dataset/cat/0814.jpg,cat
2026-10-05T18:44:18+03:00,https://i.ytimg.com/vi/qeUM1WDoOGY/maxresdefault.jpg,0815.jpg,F:\NTSE\lab01\dataset\cat\0815.jpg,../lab01/dataset/cat/0815.jpg,cat
2026-10-05T18:44:19+03:00,https://i.pinimg.com/originals/2f/f9/11/2ff9119fb0f0455d6093086be1a583d3.jpg,0816.jpg,F:\NTSE\lab01\dataset\cat\0816.jpg,../lab01/dataset/cat/0816.jpg,cat
2026-10-05T18:44:20+03:00,https://static.scientificamerican.com/dam/m/16dc65f99004b20c/original/Birman-cat.jpg?m=1759528486.08&w=1200,0817.jpg,F:\NTSE\lab01\dataset\cat\0817.jpg,../lab01/dataset/cat/0817.jpg,cat
2026-10-05T18:44:21+03:00,https://img.joomcdn.net/8ae223b84ce4cb1381b81d13a559e794c383ca95_original.jpeg,0818.jpg,F:\NTSE\lab01\dataset\cat\0818.jpg,../lab01/dataset/cat/0818.jpg,cat
2026-10-05T18:44:23+03:00,https://i2-prod.mirror.co.uk/article25163008.ece/ALTERNATES/s1200f/0_Russian-Blue-cat.jpg,0819.jpg,F:\NTSE\lab01\dataset\cat\0819.jpg,../lab01/dataset/cat/0819.jpg,cat
2026-10-05T18:44:24+03:00,https://i.pinimg.com/originals/06/80/35/0680358f9e8c4be22517a9e03bc60c9e.jpg,0820.jpg,F:\NTSE\lab01\dataset\cat\0820.jpg,../lab01/dataset/cat/0820.jpg,cat
2026-10-05T18:45:29+03:00,https://i.ytimg.com/vi/B6FIcCP3pXc/maxresdefault.jpg,0821.jpg,F:\NTSE\lab01\dataset\cat\0821.jpg,../lab01/dataset/cat/0821.jpg,cat
2026-10-05T18:45:30+03:00,https://thumbs.dreamstime.com/z/persian-cat-2-years-old-18444994.jpg,0822.jpg,F:\NTSE\lab01\dataset\cat\0822.jpg,../lab01/dataset/cat/0822.jpg,cat
2026-10-05T18:45:56+03:00,https://images.wallpaperscraft.com/image/single/cat_cute_fluffy_167842_1920x1080.jpg,0823.jpg,F:\NTSE\lab01\dataset\cat\0823.jpg,../lab01/dataset/cat/0823.jpg,cat
2026-10-05T18:45:57+03:00,https://cdn.lifehacker.ru/wp-content/uploads/2024/02/view-animal-cat-mammal-fauna-close-up-1401487-pxhere.com__1709111817-scaled.jpg,0824.jpg,F:\NTSE\lab01\dataset\cat\0824.jpg,../lab01/dataset/cat/0824.jpg,cat
2026-10-05T18:46:11+03:00,https://storage.yandexcloud.net/yac-wh-sb-prod-s3-media-03008/uploads/articles/plyusy-i-minusy-promyshlennogo-korma/img5.webp,0825.jpg,F:\NTSE\lab01\dataset\cat\0825.jpg,../lab01/dataset/cat/0825.jpg,cat
2026-10-05T18:46:12+03:00,https://i.pinimg.com/originals/19/d6/3a/19d63a55257adb3bdcd7c90ad667f25b.jpg?nii=t,0826.jpg,F:\NTSE\lab01\dataset\cat\0826.jpg,../lab01/dataset/cat/0826.jpg,cat
2026-10-05T18:46:16+03:00,https://i.ytimg.com/vi/9vz2axpLVl8/maxresdefault.jpg,0827.jpg,F:\NTSE\lab01\dataset\cat\0827.jpg,../lab01/dataset/cat/0827.jpg,cat
2026-10-05T18:46:17+03:00,https://img.goodfon.ru/wallpaper/nbig/4/ac/koshki-kotiata-bliudtse-kormlenie-ryzhie.webp,0828.jpg,F:\NTSE\lab01\dataset\cat\0828.jpg,../lab01/dataset/cat/0828.jpg,cat
2026-10-05T18:46:19+03:00,https://i.pinimg.com/originals/52/f1/fa/52f1fab922cd460f53460c7889abca5f.png,0829.jpg,F:\NTSE\lab01\dataset\cat\0829.jpg,../lab01/dataset/cat/0829.jpg,cat
2026-10-05T18:46:20+03:00,https://i.ytimg.com/vi/7NIm9qaSpAc/maxresdefault.jpg,0830.jpg,F:\NTSE\lab01\dataset\cat\0830.jpg,../lab01/dataset/cat/0830.jpg,cat
2026-10-05T18:46:21+03:00,https://zooblog.ru/wp-content/uploads/2021/06/picture-18-4.jpeg,0831.jpg,F:\NTSE\lab01\dataset\cat\0831.jpg,../lab01/dataset/cat/0831.jpg,cat
2026-10-05T18:46:22+03:00,https://cont.ws/uploads/pic/2020/11/amerikanskaya-korotkosherstnaya%20%281%29.jpg,0832.jpg,F:\NTSE\lab01\dataset\cat\0832.jpg,../lab01/dataset/cat/0832.jpg,cat
2026-10-05T18:47:43+03:00,https://img.goodfon.ru/wallpaper/nbig/8/79/angry-animal-background-beautiful-brown-cat.webp,0833.jpg,F:\NTSE\lab01\dataset\cat\0833.jpg,../lab01/dataset/cat/0833.jpg,cat
2026-10-05T18:47:44+03:00,https://i.ytimg.com/vi/oAHBxA7bFnQ/maxresdefault.jpg,0834.jpg,F:\NTSE\lab01\dataset\cat\0834.jpg,../lab01/dataset/cat/0834.jpg,cat
2026-10-05T18:47:45+03:00,https://cdn.mos.cms.futurecdn.net/G3wScU6GcknLuEVURJHcJK.jpg,0835.jpg,F:\NTSE\lab01\dataset\cat\0835.jpg,../lab01/dataset/cat/0835.jpg,cat
2026-10-05T18:47:46+03:00,https://i.pinimg.com/736x/b4/3b/18/b43b18f0d0f1a2127e07b701b0d31bcd.jpg,0836.jpg,F:\NTSE\lab01\dataset\cat\0836.jpg,../lab01/dataset/cat/0836.jpg,cat
2026-10-05T18:47:47+03:00,https://resizer.mail.ru/p/9e9a3f3a-4f80-5284-8ad2-db7d366af073/AQAOjYtCYi_dUVwpci832QPp7Nj8QGPVhEOwqRojhVkPcrp13DxGVdxbWFkquktW-TxzRuK_bBkNUeZZaV2kpTLSJlo.jpg,0837.jpg,F:\NTSE\lab01\dataset\cat\0837.jpg,../lab01/dataset/cat/0837.jpg,cat
2026-10-05T18:47:48+03:00,https://yac-wh-sb-prod-s3-media-07001.storage.yandexcloud.net/media/images/bengal-cat_1689240785235.max-2880x1820.format-jpeg_UMk0LKi.jpg,0838.jpg,F:\NTSE\lab01\dataset\cat\0838.jpg,../lab01/dataset/cat/0838.jpg,cat
2026-10-05T18:47:49+03:00,https://cdn.profile.ru/wp-content/uploads/2021/09/kot-spokojnyj.jpg,0839.jpg,F:\NTSE\lab01\dataset\cat\0839.jpg,../lab01/dataset/cat/0839.jpg,cat
2026-10-05T18:47:50+03:00,https://images.takeshape.io/86ce9525-f5f2-4e97-81ba-54e8ce933da7/dev/2a6f37ce-a2f9-4f31-a854-b38c4412baac/819%20sand%20cat%20WC%20Cle%CC%81ment%20Bardot.jpeg?auto=compress%2Cformat&w=1440,0840.jpg,F:\NTSE\lab01\dataset\cat\0840.jpg,../lab01/dataset/cat/0840.jpg,cat
2026-10-05T18:47:51+03:00,https://www.thecooldown.com/wp-content/uploads/2026/07/cat-1.jpg,0841.jpg,F:\NTSE\lab01\dataset\cat\0841.jpg,../lab01/dataset/cat/0841.jpg,cat
2026-10-05T18:47:53+03:00,https://upload.wikimedia.org/wikipedia/commons/thumb/7/79/Autumn_cat.jpg/1280px-Autumn_cat.jpg,0842.jpg,F:\NTSE\lab01\dataset\cat\0842.jpg,../lab01/dataset/cat/0842.jpg,cat
2026-10-05T18:47:54+03:00,https://i.ytimg.com/vi/Dkei7RtXEZw/maxresdefault.jpg?sqp=-oaymwEmCIAKENAF8quKqQMa8AEB-AH-CYACzgWKAgwIABABGGIgYihiMA8=&rs=AOn4CLBkV4kjOYk_qyGr401EHlo-Q3PQ0A,0843.jpg,F:\NTSE\lab01\dataset\cat\0843.jpg,../lab01/dataset/cat/0843.jpg,cat
2026-10-05T18:49:14+03:00,https://www.acana.ru/media/article/mozhno-li-davat-kotam-suhoy-korm.jpg,0844.jpg,F:\NTSE\lab01\dataset\cat\0844.jpg,../lab01/dataset/cat/0844.jpg,cat
2026-10-05T18:49:16+03:00,https://consumer-cms.petfinder.com/sites/default/files/images/content/Burmese%20Cat%201.jpg,0845.jpg,F:\NTSE\lab01\dataset\cat\0845.jpg,../lab01/dataset/cat/0845.jpg,cat
2026-10-05T18:49:22+03:00,https://upload.wikimedia.org/wikipedia/commons/c/cf/Red_cat_Felis_silvestris_catus_%282017%3B_cropped_2023%29.jpg,0846.jpg,F:\NTSE\lab01\dataset\cat\0846.jpg,../lab01/dataset/cat/0846.jpg,cat
2026-10-05T18:49:28+03:00,https://catsrusrescue.org/wp-content/uploads/2013/01/Depositphotos_3793104_original.jpg,0847.jpg,F:\NTSE\lab01\dataset\cat\0847.jpg,../lab01/dataset/cat/0847.jpg,cat
2026-10-05T18:49:29+03:00,https://i.ytimg.com/vi/QaGC6Fc2H9U/maxresdefault.jpg,0848.jpg,F:\NTSE\lab01\dataset\cat\0848.jpg,../lab01/dataset/cat/0848.jpg,cat
2026-10-05T18:49:30+03:00,https://assets.newsweek.com/wp-content/uploads/2025/08/1920025-cat-its-mouth-open.jpg?w=1600&quality=80&webp=1,0849.jpg,F:\NTSE\lab01\dataset\cat\0849.jpg,../lab01/dataset/cat/0849.jpg,cat
2026-10-05T18:49:32+03:00,https://th-thumbnailer.cdn-si-edu.com/FXfun5-amVtSoBflz6JkViKTnRA=/fit-in/1600x0/https://tf-cmsv2-smithsonianmag-media.s3.amazonaws.com/filer/6a/fa/6afa4efa-3f5a-4ea7-90ea-e47173217d59/42-29316901.jpg,0850.jpg,F:\NTSE\lab01\dataset\cat\0850.jpg,../lab01/dataset/cat/0850.jpg,cat
2026-10-05T18:49:33+03:00,https://www.ridus.ru/images2/71/53/67153_1600x0.webp,0851.jpg,F:\NTSE\lab01\dataset\cat\0851.jpg,../lab01/dataset/cat/0851.jpg,cat
2026-10-05T18:50:53+03:00,https://cdn.mos.cms.futurecdn.net/bJ2JvCVFhNE57KfsXr7rbA.jpg,0852.jpg,F:\NTSE\lab01\dataset\cat\0852.jpg,../lab01/dataset/cat/0852.jpg,cat
2026-10-05T18:52:15+03:00,https://upload.wikimedia.org/wikipedia/commons/thumb/b/b7/George%2C_a_perfect_example_of_a_tuxedo_cat.jpg/960px-George%2C_a_perfect_example_of_a_tuxedo_cat.jpg,0853.jpg,F:\NTSE\lab01\dataset\cat\0853.jpg,../lab01/dataset/cat/0853.jpg,cat
2026-10-05T18:52:16+03:00,https://cdn.mos.cms.futurecdn.net/yzV5i2F35i9RozwSeFLPJV-2400-80.jpg,0854.jpg,F:\NTSE\lab01\dataset\cat\0854.jpg,../lab01/dataset/cat/0854.jpg,cat
2026-10-05T18:52:22+03:00,https://www.shutterstock.com/shutterstock/photos/1359156740/display_1500/stock-photo-mandarin-on-grey-background-1359156740.jpg,0855.jpg,F:\NTSE\lab01\dataset\cat\0855.jpg,../lab01/dataset/cat/0855.jpg,cat
2026-10-05T18:53:49+03:00,https://basepaws.com/_next/image?url=https%3A%2F%2Fimages.ctfassets.net%2Fqj2yxv39d6ig%2F1Ztd6obHYcEwU7qb6NuQzh%2F2eee5f366116871071970551ea688e2c%2Famerican_shorthair_cat_breed.jpg&w=1080&q=75,0856.jpg,F:\NTSE\lab01\dataset\cat\0856.jpg,../lab01/dataset/cat/0856.jpg,cat
2026-10-05T18:53:50+03:00,https://fs.tonkosti.ru/dp/wp/dpwplyik74008ocgkwk4k8wcw.jpg,0857.jpg,F:\NTSE\lab01\dataset\cat\0857.jpg,../lab01/dataset/cat/0857.jpg,cat
2026-10-05T18:54:55+03:00,https://cdn.mos.cms.futurecdn.net/KHQb3Ny62YxXnCEon4mm43-1920-80.jpg,0858.jpg,F:\NTSE\lab01\dataset\cat\0858.jpg,../lab01/dataset/cat/0858.jpg,cat
2026-10-05T18:54:56+03:00,https://cdn.shopify.com/s/files/1/0595/6770/2171/files/B13_1.jpg?v=1743669084,0859.jpg,F:\NTSE\lab01\dataset\cat\0859.jpg,../lab01/dataset/cat/0859.jpg,cat
2026-10-05T18:54:58+03:00,https://i.ytimg.com/vi/FmTzjGRoh1Y/maxresdefault.jpg?sqp=-oaymwEmCIAKENAF8quKqQMa8AEB-AH-CYAC0AWKAgwIABABGGUgXihTMA8=&rs=AOn4CLB21B09jBUkfyr0gGlns5xiUqPSZg,0860.jpg,F:\NTSE\lab01\dataset\cat\0860.jpg,../lab01/dataset/cat/0860.jpg,cat
2026-10-05T18:54:59+03:00,https://resizer.mail.ru/p/982f0a3e-c413-5bee-b10d-f2e64ebf4a74/AQAOX_g9RQCimkO9g2A_K3deSj4JW0tud38HdXaDrLSxfmyYLoMvwG8hfA3B3jMGNrMzQMMF5QO-padcifGRTrbGaZ4.jpg,0861.jpg,F:\NTSE\lab01\dataset\cat\0861.jpg,../lab01/dataset/cat/0861.jpg,cat
2026-10-05T18:55:02+03:00,https://img.freepik.com/premium-photo/white-scottish-fold-cat-blueeyed-cat-far-away-thinking-cat_753186-4137.jpg?w=2000,0862.jpg,F:\NTSE\lab01\dataset\cat\0862.jpg,../lab01/dataset/cat/0862.jpg,cat
2026-10-05T18:55:04+03:00,https://i.pinimg.com/originals/ed/04/4e/ed044e3fb634c4df7dd58b706d76ae95.jpg?nii=t,0863.jpg,F:\NTSE\lab01\dataset\cat\0863.jpg,../lab01/dataset/cat/0863.jpg,cat
2026-10-05T18:55:05+03:00,https://a-z-animals.com/media/2022/11/shutterstock_1666570546-2048x1365.jpg,0864.jpg,F:\NTSE\lab01\dataset\cat\0864.jpg,../lab01/dataset/cat/0864.jpg,cat
2026-10-05T18:56:27+03:00,https://www.globalvillage.ae/wonderers/en/img/zoya/01.jpg,0865.jpg,F:\NTSE\lab01\dataset\cat\0865.jpg,../lab01/dataset/cat/0865.jpg,cat
2026-10-05T18:56:27+03:00,https://i.ytimg.com/vi/dAbxMDcrPus/maxresdefault.jpg,0866.jpg,F:\NTSE\lab01\dataset\cat\0866.jpg,../lab01/dataset/cat/0866.jpg,cat
2026-10-05T18:56:28+03:00,https://i.pinimg.com/originals/5d/8e/38/5d8e380d10f0bf1accde508b6ebf98e7.jpg,0867.jpg,F:\NTSE\lab01\dataset\cat\0867.jpg,../lab01/dataset/cat/0867.jpg,cat
2026-10-05T18:56:29+03:00,https://i.ytimg.com/vi/WRiXnptZahM/maxresdefault.jpg,0868.jpg,F:\NTSE\lab01\dataset\cat\0868.jpg,../lab01/dataset/cat/0868.jpg,cat
2026-10-05T18:56:37+03:00,https://www.proplan.ru/sites/default/files/inline-images/nibelung_2.jpg,0869.jpg,F:\NTSE\lab01\dataset\cat\0869.jpg,../lab01/dataset/cat/0869.jpg,cat
2026-10-05T18:56:38+03:00,https://live.staticflickr.com/2560/3844195860_fbf4528954_b.jpg,0870.jpg,F:\NTSE\lab01\dataset\cat\0870.jpg,../lab01/dataset/cat/0870.jpg,cat
2026-10-05T18:56:39+03:00,https://i.pinimg.com/736x/d1/de/0e/d1de0e0793b9b776be47d03e890783b5.jpg,0871.jpg,F:\NTSE\lab01\dataset\cat\0871.jpg,../lab01/dataset/cat/0871.jpg,cat
2026-10-05T18:56:41+03:00,https://yt3.googleusercontent.com/ytc/AIdro_kRRwuvpZH1c1vm6zonJdaBF1DPziF5NVKFgXRc7kAVhw=s900-c-k-c0x00ffffff-no-rj,0872.jpg,F:\NTSE\lab01\dataset\cat\0872.jpg,../lab01/dataset/cat/0872.jpg,cat
2026-10-05T18:56:42+03:00,https://i.pinimg.com/originals/a1/ca/08/a1ca0821608dbf67e4d8d9fa86752523.jpg,0873.jpg,F:\NTSE\lab01\dataset\cat\0873.jpg,../lab01/dataset/cat/0873.jpg,cat
2026-10-05T18:56:43+03:00,https://s0.rbk.ru/v6_top_pics/media/img/3/88/347159287151883.jpeg,0874.jpg,F:\NTSE\lab01\dataset\cat\0874.jpg,../lab01/dataset/cat/0874.jpg,cat
2026-10-05T18:56:44+03:00,https://i.pinimg.com/originals/cf/89/02/cf8902a5466df6218beca3ff1e312df5.jpg?nii=t,0875.jpg,F:\NTSE\lab01\dataset\cat\0875.jpg,../lab01/dataset/cat/0875.jpg,cat
2026-10-05T18:56:47+03:00,https://image.pngaaa.com/604/1160604-middle.png,0876.jpg,F:\NTSE\lab01\dataset\cat\0876.jpg,../lab01/dataset/cat/0876.jpg,cat
2026-10-05T18:56:50+03:00,https://blog.feliway.com/hs-fs/hubfs/CA%20Blogs/shutterstock_2300750495.jpg?width=1806&height=1017&name=shutterstock_2300750495.jpg,0877.jpg,F:\NTSE\lab01\dataset\cat\0877.jpg,../lab01/dataset/cat/0877.jpg,cat
2026-10-05T18:56:52+03:00,https://image.shutterstock.com/shutterstock/photos/755895886/display_1500/stock-photo-portrait-of-snow-bengal-cat-proud-face-on-isolated-on-white-background-front-view-755895886.jpg,0878.jpg,F:\NTSE\lab01\dataset\cat\0878.jpg,../lab01/dataset/cat/0878.jpg,cat
2026-10-05T18:56:53+03:00,https://i.pinimg.com/originals/ef/80/80/ef80806a37d8acf5c72d01093c68552a.jpg,0879.jpg,F:\NTSE\lab01\dataset\cat\0879.jpg,../lab01/dataset/cat/0879.jpg,cat
2026-10-05T18:56:54+03:00,https://www.bethowen.ru/upload/iblock/b36/b3675165ae7f71cd945e2889d03ced51.jpg,0880.jpg,F:\NTSE\lab01\dataset\cat\0880.jpg,../lab01/dataset/cat/0880.jpg,cat
2026-10-05T18:56:55+03:00,https://static.vecteezy.com/system/resources/previews/014/237/472/large_2x/brown-exotic-shorthair-kitten-lying-by-the-window-and-looks-away-toddler-animals-and-persian-cats-concept-photo.jpg,0881.jpg,F:\NTSE\lab01\dataset\cat\0881.jpg,../lab01/dataset/cat/0881.jpg,cat
2026-10-05T18:56:56+03:00,https://cdn.lifehacker.ru/wp-content/uploads/2025/06/kak_uxazhivat_za_tureckim_vanom_porodoi_koshek_s_shikarnym_xvostom_1751279679.jpg,0882.jpg,F:\NTSE\lab01\dataset\cat\0882.jpg,../lab01/dataset/cat/0882.jpg,cat
2026-10-05T18:56:57+03:00,https://s0.rbk.ru/v6_top_pics/media/img/4/47/347328035822474.webp,0883.jpg,F:\NTSE\lab01\dataset\cat\0883.jpg,../lab01/dataset/cat/0883.jpg,cat
2026-10-05T18:56:59+03:00,https://consumer-cms.petfinder.com/sites/default/files/images/content/Birman%20Cat%201.jpg,0884.jpg,F:\NTSE\lab01\dataset\cat\0884.jpg,../lab01/dataset/cat/0884.jpg,cat
2026-10-05T18:57:01+03:00,https://cdn.mos.cms.futurecdn.net/PKdhuaPV6Zwo4jdVgan2kH-1200-80.jpg,0885.jpg,F:\NTSE\lab01\dataset\cat\0885.jpg,../lab01/dataset/cat/0885.jpg,cat
2026-10-05T18:57:03+03:00,https://i.shgcdn.com/a16e2d47-c4c2-4e44-878f-b74337c00b9c/-/format/auto/-/preview/3000x3000/-/quality/lighter/,0886.jpg,F:\NTSE\lab01\dataset\cat\0886.jpg,../lab01/dataset/cat/0886.jpg,cat
2026-10-05T18:57:04+03:00,https://thumbs.dreamstime.com/z/group-cats-many-different-isolated-white-79541176.jpg,0887.jpg,F:\NTSE\lab01\dataset\cat\0887.jpg,../lab01/dataset/cat/0887.jpg,cat
2026-10-05T18:57:27+03:00,https://www.australiangeographic.com.au/wp-content/uploads/2024/05/shutterstock_2064362270-scaled.jpg,0888.jpg,F:\NTSE\lab01\dataset\cat\0888.jpg,../lab01/dataset/cat/0888.jpg,cat
2026-10-05T18:57:28+03:00,https://i.ytimg.com/vi/P7O_RSSIbNk/maxresdefault.jpg,0889.jpg,F:\NTSE\lab01\dataset\cat\0889.jpg,../lab01/dataset/cat/0889.jpg,cat
2026-10-05T18:57:29+03:00,https://yac-wh-sb-prod-s3-media-07001.storage.yandexcloud.net/media/images/cute-sphynx-cat-home-space-tex.max-2880x1820.format-jpeg_ntLRAvQ.jpg,0890.jpg,F:\NTSE\lab01\dataset\cat\0890.jpg,../lab01/dataset/cat/0890.jpg,cat
2026-10-05T18:57:31+03:00,https://koshka.top/uploads/posts/2021-11/1637947184_47-koshka-top-p-singapurskaya-poroda-koshek-56.jpg,0891.jpg,F:\NTSE\lab01\dataset\cat\0891.jpg,../lab01/dataset/cat/0891.jpg,cat
2026-10-05T18:57:32+03:00,https://i.pinimg.com/originals/5e/a6/c3/5ea6c385c91a2789c382411e7ebb241e.jpg?nii=t,0892.jpg,F:\NTSE\lab01\dataset\cat\0892.jpg,../lab01/dataset/cat/0892.jpg,cat
2026-10-05T18:57:34+03:00,https://cdn.mos.cms.futurecdn.net/t28ttgkt9hMJkj4WRjX8ff-1200-80.jpg,0893.jpg,F:\NTSE\lab01\dataset\cat\0893.jpg,../lab01/dataset/cat/0893.jpg,cat
2026-10-05T18:57:35+03:00,https://i.pinimg.com/736x/00/9b/54/009b54ea106d40e80e61b04a4d690f20.jpg,0894.jpg,F:\NTSE\lab01\dataset\cat\0894.jpg,../lab01/dataset/cat/0894.jpg,cat
2026-10-05T18:57:36+03:00,https://i.pinimg.com/736x/0e/b8/23/0eb8232e9d52c9d71fadfdd20d18ac65.jpg,0895.jpg,F:\NTSE\lab01\dataset\cat\0895.jpg,../lab01/dataset/cat/0895.jpg,cat
2026-10-05T18:57:37+03:00,https://i.pinimg.com/originals/43/a1/85/43a185f9159e9c081fe24e741561e15e.jpg?nii=t,0896.jpg,F:\NTSE\lab01\dataset\cat\0896.jpg,../lab01/dataset/cat/0896.jpg,cat
2026-10-05T18:57:38+03:00,https://i.pinimg.com/originals/75/f4/f3/75f4f39744cd67e517fdb588f40938aa.jpg?nii=t,0897.jpg,F:\NTSE\lab01\dataset\cat\0897.jpg,../lab01/dataset/cat/0897.jpg,cat
2026-10-05T18:57:39+03:00,https://i.pinimg.com/originals/91/35/fb/9135fb180569e1ed70d9eaa50502ea76.jpg,0898.jpg,F:\NTSE\lab01\dataset\cat\0898.jpg,../lab01/dataset/cat/0898.jpg,cat
2026-10-05T18:57:40+03:00,https://s0.rbk.ru/v6_top_pics/media/img/7/89/346986530082897.webp,0899.jpg,F:\NTSE\lab01\dataset\cat\0899.jpg,../lab01/dataset/cat/0899.jpg,cat
2026-10-05T18:57:41+03:00,https://i.pinimg.com/originals/fe/b2/b4/feb2b404e4ae6dae3fdd06629c09e20a.jpg,0900.jpg,F:\NTSE\lab01\dataset\cat\0900.jpg,../lab01/dataset/cat/0900.jpg,cat
2026-10-05T18:57:43+03:00,https://www.shutterstock.com/shutterstock/photos/2354193227/display_1500/stock-photo-cute-ginger-cat-playing-sisal-toy-at-home-2354193227.jpg,0901.jpg,F:\NTSE\lab01\dataset\cat\0901.jpg,../lab01/dataset/cat/0901.jpg,cat
2026-10-05T18:57:44+03:00,https://koshka.top/uploads/posts/2021-11/1638041725_9-koshka-top-p-poroda-koshek-tiffani-9.jpg,0902.jpg,F:\NTSE\lab01\dataset\cat\0902.jpg,../lab01/dataset/cat/0902.jpg,cat
2026-10-05T18:57:45+03:00,https://i.pinimg.com/originals/ea/2a/07/ea2a0797ff44d48e3c2df36df8c7d725.jpg,0903.jpg,F:\NTSE\lab01\dataset\cat\0903.jpg,../lab01/dataset/cat/0903.jpg,cat
2026-10-05T18:57:51+03:00,https://upload.wikimedia.org/wikipedia/commons/thumb/1/17/Cat_face_closeup.jpg/1280px-Cat_face_closeup.jpg,0904.jpg,F:\NTSE\lab01\dataset\cat\0904.jpg,../lab01/dataset/cat/0904.jpg,cat
2026-10-05T18:57:52+03:00,https://i.ytimg.com/vi/079nQxkJedk/maxresdefault.jpg,0905.jpg,F:\NTSE\lab01\dataset\cat\0905.jpg,../lab01/dataset/cat/0905.jpg,cat
2026-10-05T18:59:33+03:00,https://247wallst.com/wp-content/uploads/2020/02/european-burmese.jpg,0906.jpg,F:\NTSE\lab01\dataset\cat\0906.jpg,../lab01/dataset/cat/0906.jpg,cat
2026-10-05T18:59:34+03:00,https://i.pinimg.com/originals/0c/8e/f6/0c8ef6b92adb18d6bb791c9de9ca57a1.jpg,0907.jpg,F:\NTSE\lab01\dataset\cat\0907.jpg,../lab01/dataset/cat/0907.jpg,cat
2026-10-05T18:59:35+03:00,https://i.ytimg.com/vi/BFPlhbazj8I/maxresdefault.jpg,0908.jpg,F:\NTSE\lab01\dataset\cat\0908.jpg,../lab01/dataset/cat/0908.jpg,cat
2026-10-05T18:59:36+03:00,https://www.lubimchik.ru/media/articles/body/05147e5f8a054ccf9435405854f7cdb5.jpg,0909.jpg,F:\NTSE\lab01\dataset\cat\0909.jpg,../lab01/dataset/cat/0909.jpg,cat
2026-10-05T18:59:37+03:00,https://www.purina.co.uk/sites/default/files/styles/square_medium_440x440/public/2022-06/Egyptian-Mau.jpg?itok=QjG2x3H8,0910.jpg,F:\NTSE\lab01\dataset\cat\0910.jpg,../lab01/dataset/cat/0910.jpg,cat
2026-10-05T19:00:59+03:00,https://thumbs.dreamstime.com/z/%D0%BA%D0%BE%D1%82-1579888.jpg,0911.jpg,F:\NTSE\lab01\dataset\cat\0911.jpg,../lab01/dataset/cat/0911.jpg,cat
2026-10-05T19:01:00+03:00,https://thumbs.dreamstime.com/z/cat-17428068.jpg,0912.jpg,F:\NTSE\lab01\dataset\cat\0912.jpg,../lab01/dataset/cat/0912.jpg,cat
2026-10-05T19:02:21+03:00,https://vmrucdn.servicecdn.ru/2026.02/original/698482f082682c6e0571dc6b.jpg,0913.jpg,F:\NTSE\lab01\dataset\cat\0913.jpg,../lab01/dataset/cat/0913.jpg,cat
2026-10-05T19:02:23+03:00,https://i.pinimg.com/originals/e9/75/64/e97564cdae721e1634b96c10eebd8ffc.png,0914.jpg,F:\NTSE\lab01\dataset\cat\0914.jpg,../lab01/dataset/cat/0914.jpg,cat
2026-10-05T19:02:23+03:00,https://i.ytimg.com/vi/HLTVJKTyuhE/maxresdefault.jpg,0915.jpg,F:\NTSE\lab01\dataset\cat\0915.jpg,../lab01/dataset/cat/0915.jpg,cat
2026-10-05T19:02:25+03:00,https://i.pinimg.com/originals/e1/32/1e/e1321e467f103ef0584a52b22662382c.png?nii=t,0916.jpg,F:\NTSE\lab01\dataset\cat\0916.jpg,../lab01/dataset/cat/0916.jpg,cat
2026-10-05T19:02:26+03:00,https://i.ytimg.com/vi/vv6yufsyL10/maxresdefault.jpg,0917.jpg,F:\NTSE\lab01\dataset\cat\0917.jpg,../lab01/dataset/cat/0917.jpg,cat
2026-10-05T19:02:27+03:00,https://whiskas.ru/_next/image?url=https%3A%2F%2Fyac-wh-sb-prod-s3-media-07001.storage.yandexcloud.net%2Fmedia%2Fimages%2Fnevskaya-maskaradnaya1.max-2880x1820.format-jpeg_52fPv6f.jpg&w=3840&q=75,0918.jpg,F:\NTSE\lab01\dataset\cat\0918.jpg,../lab01/dataset/cat/0918.jpg,cat
2026-10-05T19:04:17+03:00,https://filiosfoods.com/wp-content/uploads/2023/09/Filios-Gato-Gatos-1536x1497.png,0919.jpg,F:\NTSE\lab01\dataset\cat\0919.jpg,../lab01/dataset/cat/0919.jpg,cat
2026-10-05T19:04:18+03:00,https://i.ytimg.com/vi/_HDS4aNspTk/maxresdefault.jpg,0920.jpg,F:\NTSE\lab01\dataset\cat\0920.jpg,../lab01/dataset/cat/0920.jpg,cat
2026-10-05T19:04:19+03:00,https://img.goodfon.ru/wallpaper/nbig/c/bc/koshka-kot-shinshilla-britanskii-kotenok-smotrit-vverkh-sidi.webp,0921.jpg,F:\NTSE\lab01\dataset\cat\0921.jpg,../lab01/dataset/cat/0921.jpg,cat
2026-10-05T19:04:20+03:00,https://i.pinimg.com/originals/a7/d8/19/a7d8193de63d6430ed2ea9afcb22bc51.jpg,0922.jpg,F:\NTSE\lab01\dataset\cat\0922.jpg,../lab01/dataset/cat/0922.jpg,cat
2026-10-05T19:04:21+03:00,https://yac-wh-sb-prod-s3-media-07001.storage.yandexcloud.net/media/images/shutterstock_130181810_1_11zon.max-2880x1820.format-jpeg.jpg,0923.jpg,F:\NTSE\lab01\dataset\cat\0923.jpg,../lab01/dataset/cat/0923.jpg,cat
2026-10-05T19:04:23+03:00,https://cdn.mos.cms.futurecdn.net/AfkPmtYZN3wqGdvussxcJE-1200-80.jpg,0924.jpg,F:\NTSE\lab01\dataset\cat\0924.jpg,../lab01/dataset/cat/0924.jpg,cat
2026-10-05T19:05:52+03:00,https://www.sberegaem-vmeste.ru/bcp-laika-public/cd86fa9e-03f1-47a9-b783-851e5fe9fae6/original,0925.jpg,F:\NTSE\lab01\dataset\cat\0925.jpg,../lab01/dataset/cat/0925.jpg,cat
2026-10-05T19:05:53+03:00,https://i.ytimg.com/vi/vsHEaairJHk/maxresdefault.jpg,0926.jpg,F:\NTSE\lab01\dataset\cat\0926.jpg,../lab01/dataset/cat/0926.jpg,cat
2026-10-05T19:05:54+03:00,https://u-f.ru/sites/default/files/porody-koshek.jpg,0927.jpg,F:\NTSE\lab01\dataset\cat\0927.jpg,../lab01/dataset/cat/0927.jpg,cat
2026-10-05T19:05:55+03:00,https://i.ytimg.com/vi/Jz_nmpUS-ZU/maxresdefault.jpg,0928.jpg,F:\NTSE\lab01\dataset\cat\0928.jpg,../lab01/dataset/cat/0928.jpg,cat
2026-10-05T19:06:01+03:00,https://www.shutterstock.com/shutterstock/photos/2319211747/display_1500/stock-photo-light-cat-bengal-drinks-milk-from-a-glass-that-is-standing-on-the-table-the-use-of-milk-2319211747.jpg,0929.jpg,F:\NTSE\lab01\dataset\cat\0929.jpg,../lab01/dataset/cat/0929.jpg,cat
2026-10-05T19:06:05+03:00,https://dianewphoto.com/wp-content/uploads/2018/10/Diane-Wittenberg-Photography-4.jpg,0930.jpg,F:\NTSE\lab01\dataset\cat\0930.jpg,../lab01/dataset/cat/0930.jpg,cat
2026-10-05T19:06:06+03:00,https://cdn.mos.cms.futurecdn.net/KJfnj7HYdEbABNAPE7gM8h-1920-80.jpg,0931.jpg,F:\NTSE\lab01\dataset\cat\0931.jpg,../lab01/dataset/cat/0931.jpg,cat
2026-10-05T19:06:15+03:00,https://upload.wikimedia.org/wikipedia/commons/0/03/The_resting_cat.jpg,0932.jpg,F:\NTSE\lab01\dataset\cat\0932.jpg,../lab01/dataset/cat/0932.jpg,cat
2026-10-05T19:06:16+03:00,https://i.ytimg.com/vi/je6hrhd4O3U/oardefault.jpg?sqp=-oaymwEYCNAFENAFSFqQAgHyq4qpAwcIARUAAIhC&rs=AOn4CLCrKft3F2wuS8OsiwZYyURdG8lxwg&usqp=CCk,0933.jpg,F:\NTSE\lab01\dataset\cat\0933.jpg,../lab01/dataset/cat/0933.jpg,cat
2026-10-05T19:06:17+03:00,https://avatars.dzeninfra.ru/get-zen_doc/271828/pub_6a75d39e883bd21b6f574903_6a84868fef930c50c3ed25c3/lazy_smart_crop_1280x720,0934.jpg,F:\NTSE\lab01\dataset\cat\0934.jpg,../lab01/dataset/cat/0934.jpg,cat
2026-10-05T19:06:18+03:00,https://i.pinimg.com/originals/6a/36/1e/6a361edf12e658ba7b8ec01db986c8fb.jpg?nii=t,0935.jpg,F:\NTSE\lab01\dataset\cat\0935.jpg,../lab01/dataset/cat/0935.jpg,cat
2026-10-05T19:06:19+03:00,https://i.pinimg.com/originals/8e/01/ae/8e01ae60b22363b64b082fd1309d55e9.jpg,0936.jpg,F:\NTSE\lab01\dataset\cat\0936.jpg,../lab01/dataset/cat/0936.jpg,cat
2026-10-05T19:06:20+03:00,https://www.thesprucepets.com/thmb/WmOVk24ebNM_DJQekTl3jonSFwQ=/3300x0/filters:no_upscale():strip_icc()/Singapura-9b7c918ded3a48bfbc1ee28ed330400d.jpg,0937.jpg,F:\NTSE\lab01\dataset\cat\0937.jpg,../lab01/dataset/cat/0937.jpg,cat
2026-10-05T19:06:21+03:00,https://s0.rbk.ru/v6_top_pics/media/img/4/27/347175073479274.jpeg,0938.jpg,F:\NTSE\lab01\dataset\cat\0938.jpg,../lab01/dataset/cat/0938.jpg,cat
2026-10-05T19:06:23+03:00,https://i.pinimg.com/originals/2f/93/03/2f93030fdde6a66bde9283749659fb48.png,0939.jpg,F:\NTSE\lab01\dataset\cat\0939.jpg,../lab01/dataset/cat/0939.jpg,cat
2026-10-05T19:06:23+03:00,https://i.pinimg.com/originals/c1/45/94/c1459496dd5c4b36218224b6a4cd7355.jpg,0940.jpg,F:\NTSE\lab01\dataset\cat\0940.jpg,../lab01/dataset/cat/0940.jpg,cat
2026-10-05T19:06:25+03:00,https://images.ctfassets.net/4dmg3l1sxd6g/4eUfb6g7SA5kkX23PPcWAe/4ebddb2023c60d3f9d2d68f21e38deb4/iStock-2216671541.jpg,0941.jpg,F:\NTSE\lab01\dataset\cat\0941.jpg,../lab01/dataset/cat/0941.jpg,cat
2026-10-05T19:06:26+03:00,https://consumer-cms.petfinder.com/sites/default/files/images/content/Himalayan%20Cat%201.jpg,0942.jpg,F:\NTSE\lab01\dataset\cat\0942.jpg,../lab01/dataset/cat/0942.jpg,cat
2026-10-05T19:06:28+03:00,https://cdn.royalcanin-weshare-online.io/Z1dq-40BBKJuub5qRSA5/v3/a-ginger-cat-lies-on-the-bed-and-sleeps-with-its-eyes-closed-and-sticks-out-its-front-paws-4-3,0943.jpg,F:\NTSE\lab01\dataset\cat\0943.jpg,../lab01/dataset/cat/0943.jpg,cat
2026-10-05T19:06:30+03:00,https://www.thesprucepets.com/thmb/DUOdlS7vlHGBnJJp6K1BrousdDY=/2120x0/filters:no_upscale():strip_icc()/Boy_AnupongGettyImages-1094826686-ac4ca54114f54608b8f146de6450d50f.jpg,0944.jpg,F:\NTSE\lab01\dataset\cat\0944.jpg,../lab01/dataset/cat/0944.jpg,cat
2026-10-05T19:06:31+03:00,https://storage.yandexcloud.net/yac-wh-sb-prod-s3-media-03010/uploads/_/originals/Shutterstock_2090901040_1-min.webp,0945.jpg,F:\NTSE\lab01\dataset\cat\0945.jpg,../lab01/dataset/cat/0945.jpg,cat
2026-10-05T19:06:32+03:00,https://media.lex.dk/media/9319/standard_siameser.jpg,0946.jpg,F:\NTSE\lab01\dataset\cat\0946.jpg,../lab01/dataset/cat/0946.jpg,cat
2026-10-05T19:06:34+03:00,https://img.freepik.com/premium-photo/fat-british-shorthair-cat-lies-front-white-background_236765-561.jpg?w=2000,0947.jpg,F:\NTSE\lab01\dataset\cat\0947.jpg,../lab01/dataset/cat/0947.jpg,cat
2026-10-05T19:06:35+03:00,https://mimer.ru/content/ckfinder/userfiles/images/siamese-cat-991035432-9d8aa1e2329e4ad6a049c1ee9a1be936.jpg,0948.jpg,F:\NTSE\lab01\dataset\cat\0948.jpg,../lab01/dataset/cat/0948.jpg,cat
2026-10-05T19:06:36+03:00,https://egida.by/_pu/13/89329095.jpg,0949.jpg,F:\NTSE\lab01\dataset\cat\0949.jpg,../lab01/dataset/cat/0949.jpg,cat
2026-10-05T19:06:37+03:00,https://yac-wh-sb-prod-s3-media-07001.storage.yandexcloud.net/media/images/shutterstock_1591818970.max-2880x1820.format-jpeg.jpg,0950.jpg,F:\NTSE\lab01\dataset\cat\0950.jpg,../lab01/dataset/cat/0950.jpg,cat
2026-10-05T19:06:39+03:00,https://upload.wikimedia.org/wikipedia/commons/thumb/f/f8/Highlander_cat_%282010%29_Hugo_by_TAnthony.jpg/1280px-Highlander_cat_%282010%29_Hugo_by_TAnthony.jpg,0951.jpg,F:\NTSE\lab01\dataset\cat\0951.jpg,../lab01/dataset/cat/0951.jpg,cat
2026-10-05T19:06:40+03:00,https://i.pinimg.com/originals/95/55/72/9555722b627deab59063c8c09bb8e1ee.jpg,0952.jpg,F:\NTSE\lab01\dataset\cat\0952.jpg,../lab01/dataset/cat/0952.jpg,cat
2026-10-05T19:08:01+03:00,https://thumbs.dreamstime.com/z/golden-shaded-british-shorthair-cat-white-cute-kitten-standing-side-wayy-looking-towards-camera-big-round-eyes-isolated-236597598.jpg,0953.jpg,F:\NTSE\lab01\dataset\cat\0953.jpg,../lab01/dataset/cat/0953.jpg,cat
2026-10-05T19:08:02+03:00,https://static.tildacdn.com/tild6233-6162-4733-b633-313666356530/AdobeStock_134187738.jpeg,0954.jpg,F:\NTSE\lab01\dataset\cat\0954.jpg,../lab01/dataset/cat/0954.jpg,cat
2026-10-05T19:08:03+03:00,https://cdn2.botanichka.ru/wp-content/uploads/2026/09/10-porod-koshek-kotorye-pochti-ne-linyayut-menshe-shersti-i-uborki-8.jpg,0955.jpg,F:\NTSE\lab01\dataset\cat\0955.jpg,../lab01/dataset/cat/0955.jpg,cat
2026-10-05T19:09:23+03:00,https://i.ytimg.com/vi/ToOEK1FQJXM/maxresdefault.jpg,0956.jpg,F:\NTSE\lab01\dataset\cat\0956.jpg,../lab01/dataset/cat/0956.jpg,cat
2026-10-05T19:09:25+03:00,https://i.pinimg.com/originals/f5/1a/45/f51a451b03c0e6d3d310c7a344c272d5.jpg,0957.jpg,F:\NTSE\lab01\dataset\cat\0957.jpg,../lab01/dataset/cat/0957.jpg,cat
2026-10-05T19:09:26+03:00,https://bio.vet/media/breeds/gimalayskaya.jpg,0958.jpg,F:\NTSE\lab01\dataset\cat\0958.jpg,../lab01/dataset/cat/0958.jpg,cat
2026-10-05T19:09:27+03:00,https://i.pinimg.com/originals/7c/ff/22/7cff22c52609c8710e15155da5fc1020.png?nii=t,0959.jpg,F:\NTSE\lab01\dataset\cat\0959.jpg,../lab01/dataset/cat/0959.jpg,cat
2026-10-05T19:09:29+03:00,https://www.shutterstock.com/shutterstock/photos/2294970577/display_1500/stock-photo-rear-view-of-a-tabby-striped-crossbreed-cat-looking-at-he-camera-isolated-on-white-2294970577.jpg,0960.jpg,F:\NTSE\lab01\dataset\cat\0960.jpg,../lab01/dataset/cat/0960.jpg,cat
2026-10-05T19:09:30+03:00,https://i.ytimg.com/vi/cKlrIwndkL8/maxresdefault.jpg?sqp=-oaymwEmCIAKENAF8quKqQMa8AEB-AH-CYAC0AWKAgwIABABGGUgVChFMA8=&rs=AOn4CLCo8fbacHzsyDqc9VYmO6KSES2aFQ,0961.jpg,F:\NTSE\lab01\dataset\cat\0961.jpg,../lab01/dataset/cat/0961.jpg,cat
2026-10-05T19:09:31+03:00,https://i.ytimg.com/vi/0qRc72vN7IQ/maxresdefault.jpg,0962.jpg,F:\NTSE\lab01\dataset\cat\0962.jpg,../lab01/dataset/cat/0962.jpg,cat
2026-10-05T19:09:36+03:00,https://thumbs.dreamstime.com/z/pet-ginger-cat-eats-food-bowl-home-eating-157828455.jpg,0963.jpg,F:\NTSE\lab01\dataset\cat\0963.jpg,../lab01/dataset/cat/0963.jpg,cat
2026-10-05T19:09:37+03:00,https://cdn.britannica.com/22/206222-050-3F741817/Domestic-feline-tabby-cat.jpg,0964.jpg,F:\NTSE\lab01\dataset\cat\0964.jpg,../lab01/dataset/cat/0964.jpg,cat
2026-10-05T19:09:38+03:00,https://i.pinimg.com/originals/d2/e6/80/d2e6807dc3454f61a3b89f55b18c661f.jpg,0965.jpg,F:\NTSE\lab01\dataset\cat\0965.jpg,../lab01/dataset/cat/0965.jpg,cat
2026-10-05T19:09:39+03:00,https://www.shutterstock.com/shutterstock/photos/2204243169/display_1500/stock-photo-funny-portrait-of-a-funny-white-fluffy-purebred-winking-cat-on-a-blue-background-2204243169.jpg,0966.jpg,F:\NTSE\lab01\dataset\cat\0966.jpg,../lab01/dataset/cat/0966.jpg,cat
2026-10-05T19:09:41+03:00,https://consumer-cms.petfinder.com/sites/default/files/images/content/Maine%20Coon%20Cat%201_0.jpg,0967.jpg,F:\NTSE\lab01\dataset\cat\0967.jpg,../lab01/dataset/cat/0967.jpg,cat
2026-10-05T19:09:49+03:00,https://i.pinimg.com/originals/0d/1b/ab/0d1bab4562e054c1962f501bd5f0fbf0.jpg,0968.jpg,F:\NTSE\lab01\dataset\cat\0968.jpg,../lab01/dataset/cat/0968.jpg,cat
2026-10-05T19:09:51+03:00,https://www.beverlyhillsvets.com/blog/wp-content/uploads/2023/11/iStock-1432432603-1.jpg,0969.jpg,F:\NTSE\lab01\dataset\cat\0969.jpg,../lab01/dataset/cat/0969.jpg,cat
2026-10-05T19:09:53+03:00,https://yamal-media.ru/images/insecure/rs:fill-down:1920:1080/aHR0cHM6Ly9zdG9yYWdlLnlhbmRleGNsb3VkLm5ldC95bS1zaXRlcy1zdGF0aWMvNTNiMjRiMzQtMDg1LndlYnA.webp,0970.jpg,F:\NTSE\lab01\dataset\cat\0970.jpg,../lab01/dataset/cat/0970.jpg,cat
2026-10-05T19:09:54+03:00,https://i.pinimg.com/originals/f9/57/55/f95755c3e3adbf8818750fcb81b961bf.jpg,0971.jpg,F:\NTSE\lab01\dataset\cat\0971.jpg,../lab01/dataset/cat/0971.jpg,cat
2026-10-05T19:09:55+03:00,https://basepaws.com/_next/image?url=https%3A%2F%2Fimages.ctfassets.net%2Fqj2yxv39d6ig%2F5LE45q3hVcEXSw1a6JpXq5%2Fd9ed1dcdf96f719911c2ea96d5fa1d5d%2Fjack-blueberry-7dd76Sc5b5o-unsplash.jpg&w=3840&q=75,0972.jpg,F:\NTSE\lab01\dataset\cat\0972.jpg,../lab01/dataset/cat/0972.jpg,cat
2026-10-05T19:09:56+03:00,https://i.pinimg.com/originals/a6/a4/cc/a6a4cc36eb13df0781ee6d89c99cf538.jpg,0973.jpg,F:\NTSE\lab01\dataset\cat\0973.jpg,../lab01/dataset/cat/0973.jpg,cat
2026-10-05T19:09:57+03:00,https://storage.yandexcloud.net/yac-wh-sb-prod-s3-media-03010/uploads/article/files/d2c1509ed67f23de705d5938997b3911.jpg,0974.jpg,F:\NTSE\lab01\dataset\cat\0974.jpg,../lab01/dataset/cat/0974.jpg,cat
2026-10-05T19:09:58+03:00,https://static.scientificamerican.com/dam/m/182c4b95f63f0432/original/SA_Smiling-ginger-cat-on-black.jpg?m=1725903192.252&w=1200,0975.jpg,F:\NTSE\lab01\dataset\cat\0975.jpg,../lab01/dataset/cat/0975.jpg,cat
2026-10-05T19:09:59+03:00,https://avatars.mds.yandex.net/get-mpic/5272194/img_id1828616968019508177.jpeg/orig,0976.jpg,F:\NTSE\lab01\dataset\cat\0976.jpg,../lab01/dataset/cat/0976.jpg,cat
2026-10-05T19:10:00+03:00,https://i.pinimg.com/originals/6b/ec/63/6bec63733a60c8b43487a611a98e6f39.jpg?nii=t,0977.jpg,F:\NTSE\lab01\dataset\cat\0977.jpg,../lab01/dataset/cat/0977.jpg,cat
2026-10-05T19:10:01+03:00,https://i.pinimg.com/736x/87/74/cf/8774cf9c9d364391c32fdfd911019ebb.jpg?nii=t,0978.jpg,F:\NTSE\lab01\dataset\cat\0978.jpg,../lab01/dataset/cat/0978.jpg,cat
2026-10-05T19:10:02+03:00,https://img-s-msn-com.akamaized.net/tenant/amp/entityid/AA1sB2jC.img?w=2000&h=1331&m=4&q=89,0979.jpg,F:\NTSE\lab01\dataset\cat\0979.jpg,../lab01/dataset/cat/0979.jpg,cat
2026-10-05T19:10:03+03:00,https://s0.rbk.ru/v6_top_pics/media/img/7/14/347250054328147.webp,0980.jpg,F:\NTSE\lab01\dataset\cat\0980.jpg,../lab01/dataset/cat/0980.jpg,cat
2026-10-05T19:10:05+03:00,https://thumbs.dreamstime.com/b/%D0%B1%D0%B5%D0%BB%D0%B8%D0%B7%D0%BD%D0%B0-%D0%BA%D0%BE%D1%82%D0%B0-9222926.jpg?w=768,0981.jpg,F:\NTSE\lab01\dataset\cat\0981.jpg,../lab01/dataset/cat/0981.jpg,cat
2026-10-05T19:14:09+03:00,https://storage.yandexcloud.net/yac-wh-sb-prod-s3-media-03010/uploads/_/originals/Shutterstock_1247636863_1-min.webp,0982.jpg,F:\NTSE\lab01\dataset\cat\0982.jpg,../lab01/dataset/cat/0982.jpg,cat
2026-10-05T19:16:21+03:00,https://png.pngtree.com/png-clipart/20241210/original/pngtree-british-shorthair-cat-isolated-on-white-transparent-background-png-image_17778848.png,0983.jpg,F:\NTSE\lab01\dataset\cat\0983.jpg,../lab01/dataset/cat/0983.jpg,cat
2026-10-05T19:17:43+03:00,https://thumbs.dreamstime.com/z/closeup-meowing-ginger-cat-black-background-57282903.jpg,0984.jpg,F:\NTSE\lab01\dataset\cat\0984.jpg,../lab01/dataset/cat/0984.jpg,cat
2026-10-05T19:17:44+03:00,https://i.pinimg.com/originals/0a/fb/39/0afb39096eb320fa773f0a06506577ac.jpg?nii=t,0985.jpg,F:\NTSE\lab01\dataset\cat\0985.jpg,../lab01/dataset/cat/0985.jpg,cat
2026-10-05T19:18:04+03:00,https://static.tildacdn.com/tild6435-6666-4533-b963-366337613865/Serengetimalecat.jpg,0986.jpg,F:\NTSE\lab01\dataset\cat\0986.jpg,../lab01/dataset/cat/0986.jpg,cat
2026-10-05T19:18:05+03:00,https://i.pinimg.com/originals/05/6d/22/056d22a1865710e4eb028b40084fc082.jpg?nii=t,0987.jpg,F:\NTSE\lab01\dataset\cat\0987.jpg,../lab01/dataset/cat/0987.jpg,cat
2026-10-05T19:18:06+03:00,https://s0.rbk.ru/v6_top_pics/media/img/3/17/347142233955173.webp,0988.jpg,F:\NTSE\lab01\dataset\cat\0988.jpg,../lab01/dataset/cat/0988.jpg,cat
2026-10-05T19:18:07+03:00,https://i.pinimg.com/736x/86/c4/21/86c42149e351e78af84841d68d94b887.jpg,0989.jpg,F:\NTSE\lab01\dataset\cat\0989.jpg,../lab01/dataset/cat/0989.jpg,cat
2026-10-05T19:18:07+03:00,https://i.pinimg.com/originals/3d/ed/22/3ded223cddb7fa45bbff32fb809033c8.jpg,0990.jpg,F:\NTSE\lab01\dataset\cat\0990.jpg,../lab01/dataset/cat/0990.jpg,cat
2026-10-05T19:18:09+03:00,https://static.vecteezy.com/system/resources/previews/005/754/328/large_2x/brown-indoor-cat-stepping-out-of-closed-kitty-litter-box-in-living-room-photo.jpg,0991.jpg,F:\NTSE\lab01\dataset\cat\0991.jpg,../lab01/dataset/cat/0991.jpg,cat
2026-10-05T19:18:10+03:00,https://a-z-animals.com/media/2025/08/shutterstock-1613878720-huge-licensed-scaled.jpg,0992.jpg,F:\NTSE\lab01\dataset\cat\0992.jpg,../lab01/dataset/cat/0992.jpg,cat
2026-10-05T19:18:11+03:00,https://vetpomosch.by/wp-content/uploads/2026/07/playful-cat-peeking-from-white-surface_60438-3920_page-0001-1.jpg,0993.jpg,F:\NTSE\lab01\dataset\cat\0993.jpg,../lab01/dataset/cat/0993.jpg,cat
2026-10-05T19:18:16+03:00,https://thumbs.dreamstime.com/z/somali-cat-blue-color-white-background-sitting-portrait-74612290.jpg,0994.jpg,F:\NTSE\lab01\dataset\cat\0994.jpg,../lab01/dataset/cat/0994.jpg,cat
2026-10-05T19:18:17+03:00,https://i.pinimg.com/originals/43/b1/61/43b16168c04444d6f423f471a24eb202.jpg?nii=t,0995.jpg,F:\NTSE\lab01\dataset\cat\0995.jpg,../lab01/dataset/cat/0995.jpg,cat
2026-10-05T19:19:41+03:00,https://upload.wikimedia.org/wikipedia/commons/4/4e/Red_cat_Felis_silvestris_catus.jpg,0996.jpg,F:\NTSE\lab01\dataset\cat\0996.jpg,../lab01/dataset/cat/0996.jpg,cat
2026-10-05T19:19:42+03:00,https://static.vecteezy.com/system/resources/previews/025/028/440/non_2x/persian-cat-on-transparent-background-created-with-generative-ai-png.png,0997.jpg,F:\NTSE\lab01\dataset\cat\0997.jpg,../lab01/dataset/cat/0997.jpg,cat
2026-10-05T19:19:45+03:00,https://img.freepik.com/premium-psd/cat-sitting-table-with-brown-transparent-background_540808-61.jpg?w=2000,0998.jpg,F:\NTSE\lab01\dataset\cat\0998.jpg,../lab01/dataset/cat/0998.jpg,cat
2026-10-05T19:19:47+03:00,https://aif-s3.aif.ru/images/047/328/d82bb4df777721dad18745871bfdac19.webp,0999.jpg,F:\NTSE\lab01\dataset\cat\0999.jpg,../lab01/dataset/cat/0999.jpg,cat
2026-10-05T19:20:09+03:00,https://png.pngtree.com/png-clipart/20210308/original/pngtree-a-squatting-british-short-blue-and-white-cat-png-image_5794547.jpg,1000.jpg,F:\NTSE\lab01\dataset\cat\1000.jpg,../lab01/dataset/cat/1000.jpg,cat
2026-10-05T19:20:11+03:00,https://image.magnific.com/free-photo/grey-striped-cat-enjoy-relax-soil-floor-garden-with-natural-sunlight_36615-481.jpg,1001.jpg,F:\NTSE\lab01\dataset\cat\1001.jpg,../lab01/dataset/cat/1001.jpg,cat
2026-10-05T19:20:13+03:00,https://betterwithcats.net/wp-content/uploads/2022/08/Gray-striped-cat-lying-on-the-laminate.jpg,1002.jpg,F:\NTSE\lab01\dataset\cat\1002.jpg,../lab01/dataset/cat/1002.jpg,cat
2026-10-05T19:20:14+03:00,https://i.pinimg.com/originals/0a/00/56/0a00562d81962270a1fca21e358749cd.jpg?nii=t,1003.jpg,F:\NTSE\lab01\dataset\cat\1003.jpg,../lab01/dataset/cat/1003.jpg,cat
2026-10-05T19:20:15+03:00,https://i.pinimg.com/originals/9b/a4/dd/9ba4dd5f180bd142744649908d5f8c82.jpg?nii=t,1004.jpg,F:\NTSE\lab01\dataset\cat\1004.jpg,../lab01/dataset/cat/1004.jpg,cat
2026-10-05T19:20:20+03:00,https://whiskas.ru/_next/image?url=https%3A%2F%2Fyac-wh-sb-prod-s3-media-07001.storage.yandexcloud.net%2Fmedia%2Fimages%2Fshutterstock_1443285722_9_11zo.max-2880x1820.format-jpeg.jpg&w=2048&q=75,1005.jpg,F:\NTSE\lab01\dataset\cat\1005.jpg,../lab01/dataset/cat/1005.jpg,cat
2026-10-05T19:20:22+03:00,https://upload.wikimedia.org/wikipedia/commons/thumb/e/e6/Cat%E2%80%93IMG_5718~2.jpg/1280px-Cat%E2%80%93IMG_5718~2.jpg,1006.jpg,F:\NTSE\lab01\dataset\cat\1006.jpg,../lab01/dataset/cat/1006.jpg,cat
2026-10-05T19:20:23+03:00,https://i.pinimg.com/736x/14/04/18/14041882abfc8063c7e06e23310d208a.jpg,1007.jpg,F:\NTSE\lab01\dataset\cat\1007.jpg,../lab01/dataset/cat/1007.jpg,cat
2026-10-05T19:20:25+03:00,https://tint.creativemarket.com/J-W6iIMmLYE9sSjpbOcO6qy-sD-EB7Rq5PkTKWfC8HI/width:1820/height:1364/gravity:ce/rt:fill-down/el:1/czM6Ly9maWxlcy5jcmVhdGl2ZW1hcmtldC5jb20vaW1hZ2VzL3NjcmVlbnNob3RzL3Byb2R1Y3RzLzEyODcvMTI4NzQvMTI4NzQ1MTQvanNwbGZmbjdpZ2N2dDJrY2kybnBtYWcxbmVoYW9qeG5ubXh1dGJxdHNsanIxOHRmbHMzdDIwczNrc2Q3bGlqci1vLmpwZw?1711498384,1008.jpg,F:\NTSE\lab01\dataset\cat\1008.jpg,../lab01/dataset/cat/1008.jpg,cat
2026-10-05T19:20:26+03:00,https://multi-admin.ru/mediabank_blog/11/302780/e922988360a027a7f8eba39256d066e6_302780.jpg,1009.jpg,F:\NTSE\lab01\dataset\cat\1009.jpg,../lab01/dataset/cat/1009.jpg,cat
2026-10-05T19:21:53+03:00,https://img.ixbt.site/live/images/original/31/96/01/2023/11/28/132d08c1b0.jpg,1010.jpg,F:\NTSE\lab01\dataset\cat\1010.jpg,../lab01/dataset/cat/1010.jpg,cat
2026-10-05T19:21:54+03:00,https://lapkins.ru/upload/iblock/96b/96b2e8f82227c0b02e0c309e5b9743f0.jpg,1011.jpg,F:\NTSE\lab01\dataset\cat\1011.jpg,../lab01/dataset/cat/1011.jpg,cat
2026-10-05T19:21:56+03:00,https://zoolog.guru/wp-content/uploads/2019/01/post_5c3380752e944.jpg,1012.jpg,F:\NTSE\lab01\dataset\cat\1012.jpg,../lab01/dataset/cat/1012.jpg,cat
2026-10-05T19:21:57+03:00,https://i.pinimg.com/originals/3a/9a/40/3a9a40874d7f16c79f2bcd571623254e.jpg,1013.jpg,F:\NTSE\lab01\dataset\cat\1013.jpg,../lab01/dataset/cat/1013.jpg,cat
2026-10-05T19:23:20+03:00,https://cdn.shopify.com/s/files/1/0997/4496/articles/Feline_Grimace_Scale_8a96845f-60a8-4984-bfb4-2e781d6e805c.jpg?v=1762545772,1014.jpg,F:\NTSE\lab01\dataset\cat\1014.jpg,../lab01/dataset/cat/1014.jpg,cat
2026-10-05T19:23:21+03:00,https://i.pinimg.com/originals/4e/1c/4e/4e1c4e7ae9f709e2421d9307c278e33d.jpg,1015.jpg,F:\NTSE\lab01\dataset\cat\1015.jpg,../lab01/dataset/cat/1015.jpg,cat
2026-10-05T19:23:23+03:00,https://www.topetmou.gr/wp-content/uploads/2023/12/shutterstock_1929552437-2048x1365.jpg,1016.jpg,F:\NTSE\lab01\dataset\cat\1016.jpg,../lab01/dataset/cat/1016.jpg,cat
2026-10-05T19:23:23+03:00,https://i.pinimg.com/originals/f6/38/ef/f638efb373381bdcf1faef360844e6c2.jpg?nii=t,1017.jpg,F:\NTSE\lab01\dataset\cat\1017.jpg,../lab01/dataset/cat/1017.jpg,cat
2026-10-05T19:23:25+03:00,https://i.pinimg.com/originals/43/81/bd/4381bd0e74e2ff11b06e268bccce8714.jpg,1018.jpg,F:\NTSE\lab01\dataset\cat\1018.jpg,../lab01/dataset/cat/1018.jpg,cat
2026-10-05T19:23:26+03:00,https://i.pinimg.com/originals/91/13/b3/9113b3523f245bddb27a2b0fbaee767c.jpg,1019.jpg,F:\NTSE\lab01\dataset\cat\1019.jpg,../lab01/dataset/cat/1019.jpg,cat
2026-10-05T19:23:27+03:00,https://i.pinimg.com/originals/78/6c/9d/786c9dc9a946bdf5683c0ae962e477d2.jpg,1020.jpg,F:\NTSE\lab01\dataset\cat\1020.jpg,../lab01/dataset/cat/1020.jpg,cat
2026-10-05T19:23:29+03:00,https://www.shutterstock.com/shutterstock/photos/634876103/display_1500/stock-photo-the-cat-on-white-background-634876103.jpg,1021.jpg,F:\NTSE\lab01\dataset\cat\1021.jpg,../lab01/dataset/cat/1021.jpg,cat
2026-10-05T19:24:51+03:00,https://www.shutterstock.com/shutterstock/photos/740207911/display_1500/stock-photo-red-cat-isolated-on-a-white-background-740207911.jpg,1022.jpg,F:\NTSE\lab01\dataset\cat\1022.jpg,../lab01/dataset/cat/1022.jpg,cat
2026-10-05T19:24:52+03:00,https://thumbs.dreamstime.com/z/blue-tabby-cat-raised-paw-27250494.jpg,1023.jpg,F:\NTSE\lab01\dataset\cat\1023.jpg,../lab01/dataset/cat/1023.jpg,cat
2026-10-05T19:24:58+03:00,https://storage.yandexcloud.net/yac-wh-sb-prod-s3-media-03007/uploads/article/files/dorogie6.webp,1024.jpg,F:\NTSE\lab01\dataset\cat\1024.jpg,../lab01/dataset/cat/1024.jpg,cat
2026-10-05T19:26:06+03:00,https://static.tildacdn.info/tild3262-3863-4831-b164-333439643830/_7_1-Photoroompng-Ph.png,1025.jpg,F:\NTSE\lab01\dataset\cat\1025.jpg,../lab01/dataset/cat/1025.jpg,cat
2026-10-05T19:26:12+03:00,https://thumbs.dreamstime.com/z/%D1%81%D0%B8%D0%BC%D0%BF%D0%B0%D1%82%D0%B8%D1%87%D0%BD%D0%BE%D0%B5-%D0%BA%D0%BE%D1%82%D0%B0-%D0%B7%D0%BD%D0%B0%D0%BC%D0%B5%D0%BD%D0%B8-%D1%81%D0%B5%D1%80%D0%BE%D0%B5-2961103.jpg,1026.jpg,F:\NTSE\lab01\dataset\cat\1026.jpg,../lab01/dataset/cat/1026.jpg,cat
2026-10-05T19:26:13+03:00,https://cdn.profile.ru/wp-content/uploads/2021/07/maly-koty-Devon-reks.jpg,1027.jpg,F:\NTSE\lab01\dataset\cat\1027.jpg,../lab01/dataset/cat/1027.jpg,cat
2026-10-05T19:26:14+03:00,https://i.pinimg.com/originals/f5/45/d5/f545d5b3dc42835fe10d9354ce774cf3.jpg,1028.jpg,F:\NTSE\lab01\dataset\cat\1028.jpg,../lab01/dataset/cat/1028.jpg,cat
2026-10-05T19:26:15+03:00,https://i.pinimg.com/originals/d9/ee/8a/d9ee8aa401f3b582c84be99ffabc87c9.jpg?nii=t,1029.jpg,F:\NTSE\lab01\dataset\cat\1029.jpg,../lab01/dataset/cat/1029.jpg,cat
2026-10-05T19:27:36+03:00,https://www.shutterstock.com/shutterstock/photos/625604651/display_1500/stock-photo-cat-thai-625604651.jpg,1030.jpg,F:\NTSE\lab01\dataset\cat\1030.jpg,../lab01/dataset/cat/1030.jpg,cat
2026-10-05T19:27:37+03:00,https://static.wixstatic.com/media/d84f78_4bfb89d81790499991d3b7524676e59c~mv2.jpg,1031.jpg,F:\NTSE\lab01\dataset\cat\1031.jpg,../lab01/dataset/cat/1031.jpg,cat
2026-10-05T19:27:43+03:00,https://www.proplan.ru/sites/default/files/breeders/nervnaa-sistema-kosek-2.jpg,1032.jpg,F:\NTSE\lab01\dataset\cat\1032.jpg,../lab01/dataset/cat/1032.jpg,cat
2026-10-05T19:27:44+03:00,https://i.pinimg.com/originals/10/6b/9f/106b9f4e4247fb1ef59bd9b4f63b1c73.jpg?nii=t,1033.jpg,F:\NTSE\lab01\dataset\cat\1033.jpg,../lab01/dataset/cat/1033.jpg,cat
2026-10-05T19:27:45+03:00,https://static.tildacdn.com/tild6536-3431-4431-b535-636564313337/chistka-divana-sodoy.jpg,1034.jpg,F:\NTSE\lab01\dataset\cat\1034.jpg,../lab01/dataset/cat/1034.jpg,cat
2026-10-05T19:27:46+03:00,https://firebasestorage.googleapis.com/v0/b/userse-articles/o/2026-06-11_08-46-07_6049.webp?alt=media,1035.jpg,F:\NTSE\lab01\dataset\cat\1035.jpg,../lab01/dataset/cat/1035.jpg,cat
2026-10-05T19:27:47+03:00,https://i.pinimg.com/originals/40/e7/3f/40e73f94ef925a843ed701df6f4d5881.jpg?nii=t,1036.jpg,F:\NTSE\lab01\dataset\cat\1036.jpg,../lab01/dataset/cat/1036.jpg,cat
2026-10-05T19:27:49+03:00,https://blogger.googleusercontent.com/img/b/R29vZ2xl/AVvXsEg9ruusMnV8yBBu1vonWcqd2-sbpSAnc4nx0My01frQdZyVuG7FCAXg2o3VGVN3AmC2Ie_IKScNkJECRtCKtfM2vBr0K8hfWaf--UWezLOKi80hsA9aPdfvDReAVvhqO5TtD-C7dgttIeijAg2UMthAjX1Vqe0b73j_OgqWZee-8NWlnkiCkvhr2dnj/s1200/international-cat-day-2022.jpg,1037.jpg,F:\NTSE\lab01\dataset\cat\1037.jpg,../lab01/dataset/cat/1037.jpg,cat
2026-10-05T19:27:50+03:00,https://i.ytimg.com/vi/9xI12cc1fsQ/maxresdefault.jpg,1038.jpg,F:\NTSE\lab01\dataset\cat\1038.jpg,../lab01/dataset/cat/1038.jpg,cat
2026-10-05T19:27:51+03:00,https://i.pinimg.com/originals/df/fd/09/dffd09a088db164f6b7dc06f40663071.jpg?nii=t,1039.jpg,F:\NTSE\lab01\dataset\cat\1039.jpg,../lab01/dataset/cat/1039.jpg,cat
2026-10-05T19:27:52+03:00,https://i.ytimg.com/vi/VmBTpJLthFY/maxresdefault.jpg,1040.jpg,F:\NTSE\lab01\dataset\cat\1040.jpg,../lab01/dataset/cat/1040.jpg,cat
2026-10-05T19:27:54+03:00,https://koshka.top/uploads/posts/2021-11/1636709858_4-koshka-top-p-koshki-russkaya-golubaya-koshka-na-belom-f-4.jpg,1041.jpg,F:\NTSE\lab01\dataset\cat\1041.jpg,../lab01/dataset/cat/1041.jpg,cat
2026-10-05T19:28:00+03:00,https://mainecoon.org/wp-content/uploads/2022/09/maine-coon-drinking-water.jpg,1042.jpg,F:\NTSE\lab01\dataset\cat\1042.jpg,../lab01/dataset/cat/1042.jpg,cat
2026-10-05T19:28:05+03:00,https://static.life.ru/publications/2023/2/3/1544104941047.4956.jpg,1043.jpg,F:\NTSE\lab01\dataset\cat\1043.jpg,../lab01/dataset/cat/1043.jpg,cat
2026-10-05T19:28:06+03:00,https://i.pinimg.com/originals/33/44/d9/3344d97e7c111e3474c9c234b92bb005.jpg?nii=t,1044.jpg,F:\NTSE\lab01\dataset\cat\1044.jpg,../lab01/dataset/cat/1044.jpg,cat
2026-10-05T19:28:07+03:00,https://www.purina.co.uk/sites/default/files/styles/square_medium_440x440/public/2022-06/Burmilla-Cat.jpg?itok=pQ5ED7MD,1045.jpg,F:\NTSE\lab01\dataset\cat\1045.jpg,../lab01/dataset/cat/1045.jpg,cat
2026-10-05T19:28:15+03:00,https://thumbs.dreamstime.com/z/portrait-persian-cat-months-old-sitting-front-white-background-103835713.jpg,1046.jpg,F:\NTSE\lab01\dataset\cat\1046.jpg,../lab01/dataset/cat/1046.jpg,cat
2026-10-05T19:28:18+03:00,https://www.cats.org.uk/media/3762/black-white-unsplash.jpg,1047.jpg,F:\NTSE\lab01\dataset\cat\1047.jpg,../lab01/dataset/cat/1047.jpg,cat
2026-10-05T19:28:19+03:00,https://avatars.dzeninfra.ru/get-zen_doc/271828/pub_6a044b0b1563b5370f08bfa1_6a044b85d64a573468f497e2/scale_1200,1048.jpg,F:\NTSE\lab01\dataset\cat\1048.jpg,../lab01/dataset/cat/1048.jpg,cat
2026-10-05T19:28:20+03:00,https://img.ixbt.site/live/images/original/31/96/01/2024/01/30/29ee3bba8a.png,1049.jpg,F:\NTSE\lab01\dataset\cat\1049.jpg,../lab01/dataset/cat/1049.jpg,cat
2026-10-05T19:28:21+03:00,https://i.pinimg.com/originals/13/d6/cb/13d6cbca9823b546cd7ad18f91182d0a.jpg,1050.jpg,F:\NTSE\lab01\dataset\cat\1050.jpg,../lab01/dataset/cat/1050.jpg,cat
2026-10-05T19:29:42+03:00,https://storage.yandexcloud.net/yac-wh-sb-prod-s3-media-03010/uploads/_/originals/Shutterstock_2006673803_1-min.webp,1051.jpg,F:\NTSE\lab01\dataset\cat\1051.jpg,../lab01/dataset/cat/1051.jpg,cat
2026-10-05T19:29:48+03:00,https://scrumbles.co.uk/cdn/shop/articles/neva-masquerade-cat-breed-guide-102462.jpg?v=1748195234,1052.jpg,F:\NTSE\lab01\dataset\cat\1052.jpg,../lab01/dataset/cat/1052.jpg,cat
2026-10-05T19:29:49+03:00,https://resizer.mail.ru/p/02e50282-b38a-56b6-a37f-717e011354cc/AQAOtpqMHm_kWTMdJdfeMbsvD_s-CzFq3cJ98WXfHPnNv_I54gTNDgttGy_8ecQVM9-eJzGPVPPQEbxBd9Y5Aq0cxXA.jpg,1053.jpg,F:\NTSE\lab01\dataset\cat\1053.jpg,../lab01/dataset/cat/1053.jpg,cat
2026-10-05T19:29:51+03:00,https://i.pinimg.com/originals/3a/f2/ea/3af2ea4a2742e1458da75c23e4b8981f.jpg,1054.jpg,F:\NTSE\lab01\dataset\cat\1054.jpg,../lab01/dataset/cat/1054.jpg,cat
2026-10-05T19:29:52+03:00,https://cdn.mos.cms.futurecdn.net/9tmkRwsYdhRP7fkFsFjTCW-1200-80.jpg,1055.jpg,F:\NTSE\lab01\dataset\cat\1055.jpg,../lab01/dataset/cat/1055.jpg,cat
2026-10-05T19:29:54+03:00,https://yt3.googleusercontent.com/fWofA_LvUoKS634VE4eyKn641bZprz1qsBqTawjZjs1er6Mb6Ocz0YrXIBIi99BpvKeOiIxI=s900-c-k-c0x00ffffff-no-rj,1056.jpg,F:\NTSE\lab01\dataset\cat\1056.jpg,../lab01/dataset/cat/1056.jpg,cat
2026-10-05T19:29:58+03:00,https://upload.wikimedia.org/wikipedia/commons/9/92/Domestic_cat_sleeping.JPG,1057.jpg,F:\NTSE\lab01\dataset\cat\1057.jpg,../lab01/dataset/cat/1057.jpg,cat
2026-10-05T19:30:00+03:00,https://thumbs.dreamstime.com/z/beautiful-noble-cat-green-eyes-next-to-bowl-pate-looks-right-camera-portrait-below-natural-light-137418307.jpg,1058.jpg,F:\NTSE\lab01\dataset\cat\1058.jpg,../lab01/dataset/cat/1058.jpg,cat
2026-10-05T19:30:05+03:00,https://i.pinimg.com/originals/d0/d4/62/d0d462be9dd567bf4322fb1694f3b931.jpg,1059.jpg,F:\NTSE\lab01\dataset\cat\1059.jpg,../lab01/dataset/cat/1059.jpg,cat
2026-10-05T19:30:06+03:00,https://cdn.mos.cms.futurecdn.net/nCKC6Yj6PvuGvcdPWHGEuF-1200-80.jpg,1060.jpg,F:\NTSE\lab01\dataset\cat\1060.jpg,../lab01/dataset/cat/1060.jpg,cat
2026-10-05T19:30:07+03:00,https://i.ytimg.com/vi/sPueYVQppg0/maxresdefault.jpg,1061.jpg,F:\NTSE\lab01\dataset\cat\1061.jpg,../lab01/dataset/cat/1061.jpg,cat
2026-10-05T19:30:08+03:00,https://i.ytimg.com/vi/QYn9nlpMGbY/maxresdefault.jpg,1062.jpg,F:\NTSE\lab01\dataset\cat\1062.jpg,../lab01/dataset/cat/1062.jpg,cat
2026-10-05T19:30:09+03:00,https://thumbs.dreamstime.com/z/lazy-fat-cat-sitting-funny-gesture-comfortable-couch-domestic-life-animals-253716290.jpg,1063.jpg,F:\NTSE\lab01\dataset\cat\1063.jpg,../lab01/dataset/cat/1063.jpg,cat
2026-10-05T19:30:10+03:00,https://cdn.profile.ru/wp-content/uploads/2022/02/Kornish-reks.jpg,1064.jpg,F:\NTSE\lab01\dataset\cat\1064.jpg,../lab01/dataset/cat/1064.jpg,cat
2026-10-05T19:30:10+03:00,https://i.pinimg.com/originals/b7/f7/e0/b7f7e03cf09ba422e57748d770eec45b.jpg,1065.jpg,F:\NTSE\lab01\dataset\cat\1065.jpg,../lab01/dataset/cat/1065.jpg,cat
2026-10-05T19:30:12+03:00,https://upload.wikimedia.org/wikipedia/commons/8/82/Cat_Eyes.jpg,1066.jpg,F:\NTSE\lab01\dataset\cat\1066.jpg,../lab01/dataset/cat/1066.jpg,cat
2026-10-05T19:30:13+03:00,https://i.pinimg.com/originals/a9/2e/46/a92e4646a3e1dffdbd6a42108426c16e.jpg,1067.jpg,F:\NTSE\lab01\dataset\cat\1067.jpg,../lab01/dataset/cat/1067.jpg,cat
2026-10-05T19:31:34+03:00,https://i.pinimg.com/originals/e6/c5/25/e6c5258c8bd707fac75e5abc0a31726b.jpg,1068.jpg,F:\NTSE\lab01\dataset\cat\1068.jpg,../lab01/dataset/cat/1068.jpg,cat
2026-10-05T19:32:54+03:00,https://i.pinimg.com/originals/d8/ca/bf/d8cabfa92405449ecb25e1864148f345.jpg,1069.jpg,F:\NTSE\lab01\dataset\cat\1069.jpg,../lab01/dataset/cat/1069.jpg,cat
2026-10-05T19:32:59+03:00,https://static.vecteezy.com/system/resources/previews/022/963/918/non_2x/ai-generative-cute-cat-isolated-on-solid-background-photo.jpg,1070.jpg,F:\NTSE\lab01\dataset\cat\1070.jpg,../lab01/dataset/cat/1070.jpg,cat
2026-10-05T19:33:04+03:00,https://i.ytimg.com/vi/mcbX9EkJg7s/maxresdefault.jpg,1071.jpg,F:\NTSE\lab01\dataset\cat\1071.jpg,../lab01/dataset/cat/1071.jpg,cat
2026-10-05T19:33:05+03:00,https://i.pinimg.com/originals/31/11/11/3111118bc02f573208bb0da2243278c1.jpg,1072.jpg,F:\NTSE\lab01\dataset\cat\1072.jpg,../lab01/dataset/cat/1072.jpg,cat
2026-10-05T19:33:06+03:00,https://thumbs.dreamstime.com/z/cat-looking-food-watches-over-sly-beautiful-british-gray-close-up-looks-out-under-table-136779933.jpg,1073.jpg,F:\NTSE\lab01\dataset\cat\1073.jpg,../lab01/dataset/cat/1073.jpg,cat
2026-10-05T19:33:07+03:00,https://i.ytimg.com/vi/EIN4ubh8YcQ/maxresdefault.jpg,1074.jpg,F:\NTSE\lab01\dataset\cat\1074.jpg,../lab01/dataset/cat/1074.jpg,cat
2026-10-05T19:33:08+03:00,https://avatars.dzeninfra.ru/get-zen_doc/271828/pub_658424eb7c8d216815f67029_6584264a8d852b06386769e1/scale_1200,1075.jpg,F:\NTSE\lab01\dataset\cat\1075.jpg,../lab01/dataset/cat/1075.jpg,cat
2026-10-05T19:33:09+03:00,https://storage.yandexcloud.net/yac-wh-sb-prod-s3-media-03007/uploads/article/files/dorogie1.webp,1076.jpg,F:\NTSE\lab01\dataset\cat\1076.jpg,../lab01/dataset/cat/1076.jpg,cat
2026-10-05T19:33:10+03:00,https://i2.wp.com/cdn.shopify.com/s/files/1/0022/2691/3329/articles/93a5992c-2a66-4cfd-95cd-c87f97411d95_0f185d74-4e32-4628-a0e1-4396e9d2b759.jpg?v=1561853893,1077.jpg,F:\NTSE\lab01\dataset\cat\1077.jpg,../lab01/dataset/cat/1077.jpg,cat
2026-10-05T19:33:11+03:00,https://img.goodfon.ru/wallpaper/nbig/f/57/kot-shotlandskii-visloukhii-poroda.webp,1078.jpg,F:\NTSE\lab01\dataset\cat\1078.jpg,../lab01/dataset/cat/1078.jpg,cat
2026-10-05T19:33:12+03:00,https://thumbs.dreamstime.com/z/%D0%BA%D1%80%D0%B0%D1%81%D0%B8%D0%B2%D1%8B%D0%B9-%D1%81%D0%B5%D1%80%D1%8B%D0%B9-%D0%BE%D1%82%D0%B5%D1%87%D0%B5%D1%81%D1%82%D0%B2%D0%B5%D0%BD%D0%BD%D1%8B%D0%B9-%D0%BA-%D0%B0%D1%81%D1%82%D1%8C-%D0%BA%D0%BE%D1%82%D0%B0-shorthair-51289318.jpg,1079.jpg,F:\NTSE\lab01\dataset\cat\1079.jpg,../lab01/dataset/cat/1079.jpg,cat
2026-10-05T19:33:14+03:00,https://www.shutterstock.com/shutterstock/photos/2475401153/display_1500/stock-photo-elegant-persian-cat-with-long-fluffy-fur-sitting-upright-the-cat-displays-a-calm-and-regal-2475401153.jpg,1080.jpg,F:\NTSE\lab01\dataset\cat\1080.jpg,../lab01/dataset/cat/1080.jpg,cat
2026-10-05T19:33:15+03:00,https://www.purina.ru/sites/default/files/2025-11/image1_0.jpg,1081.jpg,F:\NTSE\lab01\dataset\cat\1081.jpg,../lab01/dataset/cat/1081.jpg,cat
2026-10-05T19:33:16+03:00,https://i.pinimg.com/originals/a9/87/5b/a9875b2d872881b7be9a0d0c9966fb8a.jpg,1082.jpg,F:\NTSE\lab01\dataset\cat\1082.jpg,../lab01/dataset/cat/1082.jpg,cat
2026-10-05T19:33:17+03:00,https://static.vecteezy.com/system/resources/previews/050/665/664/non_2x/close-up-of-a-cat-with-big-whiskers-a-cat-with-a-mustache-photo.jpg,1083.jpg,F:\NTSE\lab01\dataset\cat\1083.jpg,../lab01/dataset/cat/1083.jpg,cat
2026-10-05T19:33:18+03:00,https://img.ixbt.site/live/images/original/31/96/01/2024/01/26/40fed9a9fd.png,1084.jpg,F:\NTSE\lab01\dataset\cat\1084.jpg,../lab01/dataset/cat/1084.jpg,cat
2026-10-05T19:33:19+03:00,https://discovery-assets-production.s3.eu-west-1.amazonaws.com/app/uploads/2019/10/25214126/cropped-edb799df-469f-4a94-b69c-c4d0076bed3b-Cat101_NotTitle-1310x737.jpg,1085.jpg,F:\NTSE\lab01\dataset\cat\1085.jpg,../lab01/dataset/cat/1085.jpg,cat
2026-10-05T19:33:20+03:00,https://s0.rbk.ru/v6_top_pics/media/img/2/18/347138558658182.webp,1086.jpg,F:\NTSE\lab01\dataset\cat\1086.jpg,../lab01/dataset/cat/1086.jpg,cat
2026-10-05T19:36:03+03:00,https://nhpbs.org/images/hero/1280/lahcats1-20201025.jpg,1087.jpg,F:\NTSE\lab01\dataset\cat\1087.jpg,../lab01/dataset/cat/1087.jpg,cat
2026-10-05T19:36:05+03:00,https://static.scientificamerican.com/sciam/cache/file/AE3AE0F7-CFA8-4D96-B622A431FFE065E4_source.jpg?w=1200,1088.jpg,F:\NTSE\lab01\dataset\cat\1088.jpg,../lab01/dataset/cat/1088.jpg,cat
2026-10-05T19:37:10+03:00,https://news-img.gismeteo.st/ru/2023/10/Highland_fold_kitten_8_mo.jpg,1089.jpg,F:\NTSE\lab01\dataset\cat\1089.jpg,../lab01/dataset/cat/1089.jpg,cat
2026-10-05T19:43:33+03:00,https://yt3.googleusercontent.com/4N0jy3EKCjKdDN31C9QFDgF7_S889qBwmFpR81YQ9L2bhmJeiIBRAJbhkhDSOOBpyQ5og7jC=s900-c-k-c0x00ffffff-no-rj,1090.jpg,F:\NTSE\lab01\dataset\cat\1090.jpg,../lab01/dataset/cat/1090.jpg,cat
2026-10-05T19:46:13+03:00,https://i.ytimg.com/vi/uc2KJJmlZpA/maxresdefault.jpg,1091.jpg,F:\NTSE\lab01\dataset\cat\1091.jpg,../lab01/dataset/cat/1091.jpg,cat
2026-10-05T19:46:20+03:00,https://image.magnific.com/free-photo/maine-coon-cat-walking-isolated_191971-20666.jpg,1092.jpg,F:\NTSE\lab01\dataset\cat\1092.jpg,../lab01/dataset/cat/1092.jpg,cat
2026-10-05T19:46:22+03:00,https://c8.alamy.com/comp/2D50F30/black-and-white-portrait-of-a-russian-blue-tabby-cat-looking-at-the-camera-2D50F30.jpg,1093.jpg,F:\NTSE\lab01\dataset\cat\1093.jpg,../lab01/dataset/cat/1093.jpg,cat
2026-10-05T19:46:23+03:00,https://paradepets.com/.image/NTowMDAwMDAwMDAwMzI5ODQ1/lovable-scottish-fold-cat.jpg?profile=w2560&x=50&y=50,1094.jpg,F:\NTSE\lab01\dataset\cat\1094.jpg,../lab01/dataset/cat/1094.jpg,cat
2026-10-05T19:46:25+03:00,https://upload.wikimedia.org/wikipedia/commons/b/bd/Loafing_Cat.jpg,1095.jpg,F:\NTSE\lab01\dataset\cat\1095.jpg,../lab01/dataset/cat/1095.jpg,cat
2026-10-05T19:46:27+03:00,https://static.life.ru/ip/unsafe/rs:fit:1200:/q:98/sh:0.5/czM6Ly9saWZlLXN0YXRpYy9wdWJsaWNhdGlvbnMvMjAyNS8xMS81LzEyMTQzOTY4MDQzOTUuOTUxNC5wbmc=.webp,1096.jpg,F:\NTSE\lab01\dataset\cat\1096.jpg,../lab01/dataset/cat/1096.jpg,cat
2026-10-05T19:46:33+03:00,"https://www.yorkshirepost.co.uk/webimg/QVNIMTI0NDQ4ODUx.jpg?crop=3:2,smart&trim=&width=1200&auto=webp&quality=75",1097.jpg,F:\NTSE\lab01\dataset\cat\1097.jpg,../lab01/dataset/cat/1097.jpg,cat
2026-10-05T19:46:39+03:00,https://consumer-cms.petfinder.com/sites/default/files/images/content/Norwegian%20Forest%20Cat%201.jpg,1098.jpg,F:\NTSE\lab01\dataset\cat\1098.jpg,../lab01/dataset/cat/1098.jpg,cat
2026-10-05T19:48:04+03:00,https://www.purina.co.uk/sites/default/files/styles/square_medium_440x440/public/2022-06/Sphynx.jpg?itok=XRBkheYL,1099.jpg,F:\NTSE\lab01\dataset\cat\1099.jpg,../lab01/dataset/cat/1099.jpg,cat
2026-10-05T19:51:05+03:00,https://thumbs.dreamstime.com/z/group-cats-sitting-front-white-background-22515178.jpg,1100.jpg,F:\NTSE\lab01\dataset\cat\1100.jpg,../lab01/dataset/cat/1100.jpg,cat
2026-10-05T19:51:20+03:00,https://cattime.com/wp-content/uploads/sites/14/2024/01/GettyImages-168819930-e1705695331634.jpg,1101.jpg,F:\NTSE\lab01\dataset\cat\1101.jpg,../lab01/dataset/cat/1101.jpg,cat
2026-10-05T19:51:21+03:00,https://i.ytimg.com/vi/8xGFJ9sRZek/maxresdefault.jpg,1102.jpg,F:\NTSE\lab01\dataset\cat\1102.jpg,../lab01/dataset/cat/1102.jpg,cat
2026-10-05T19:51:23+03:00,https://www.shutterstock.com/shutterstock/photos/1930724219/display_1500/stock-photo-british-kitten-looks-up-while-sitting-on-a-white-background-1930724219.jpg,1103.jpg,F:\NTSE\lab01\dataset\cat\1103.jpg,../lab01/dataset/cat/1103.jpg,cat
2026-10-05T19:51:24+03:00,https://img.goodfon.ru/wallpaper/nbig/a/3b/koshka-kot-vzgliad-mordashka-poza-ryzhii-miska.webp,1104.jpg,F:\NTSE\lab01\dataset\cat\1104.jpg,../lab01/dataset/cat/1104.jpg,cat
2026-10-05T19:52:45+03:00,https://cdn.book-family.de/petbook/data/uploads/2023/02/gettyimages-537312023.jpg?impolicy=resize&width=992,1105.jpg,F:\NTSE\lab01\dataset\cat\1105.jpg,../lab01/dataset/cat/1105.jpg,cat
2026-10-05T19:53:07+03:00,https://thumbs.dreamstime.com/z/frisky-orange-kitten-standing-side-playing-cute-striped-sitting-up-raising-arms-to-bat-paws-play-isolated-white-147560163.jpg,1106.jpg,F:\NTSE\lab01\dataset\cat\1106.jpg,../lab01/dataset/cat/1106.jpg,cat
2026-10-05T19:53:09+03:00,https://c8.alamy.com/comp/2T4N3D0/beautiful-calico-cat-multi-coloured-cat-resting-on-the-step-2T4N3D0.jpg,1107.jpg,F:\NTSE\lab01\dataset\cat\1107.jpg,../lab01/dataset/cat/1107.jpg,cat
2026-10-05T19:53:11+03:00,https://static3.bigstockphoto.com/4/5/4/large1500/4548855.jpg,1108.jpg,F:\NTSE\lab01\dataset\cat\1108.jpg,../lab01/dataset/cat/1108.jpg,cat
2026-10-05T19:53:11+03:00,https://i.ytimg.com/vi/yiaB6V1WOMY/maxresdefault.jpg,1109.jpg,F:\NTSE\lab01\dataset\cat\1109.jpg,../lab01/dataset/cat/1109.jpg,cat
2026-10-05T19:53:14+03:00,https://yac-wh-sb-prod-s3-media-07001.storage.yandexcloud.net/media/images/shutterstock_1960803112.max-2880x1820.format-jpeg.jpg,1110.jpg,F:\NTSE\lab01\dataset\cat\1110.jpg,../lab01/dataset/cat/1110.jpg,cat
2026-10-05T19:53:15+03:00,https://yac-wh-sb-prod-s3-media-07001.storage.yandexcloud.net/media/images/shutterstock_2150187551_4_11zo.max-2880x1820.format-jpeg.jpg,1111.jpg,F:\NTSE\lab01\dataset\cat\1111.jpg,../lab01/dataset/cat/1111.jpg,cat
2026-10-05T19:53:16+03:00,https://cdn.mos.cms.futurecdn.net/XfHaSFo5ajgKAgaFugLjTJ-1200-80.jpg,1112.jpg,F:\NTSE\lab01\dataset\cat\1112.jpg,../lab01/dataset/cat/1112.jpg,cat
2026-10-05T19:53:17+03:00,https://static3.bigstockphoto.com/7/2/2/large1500/227808082.jpg,1113.jpg,F:\NTSE\lab01\dataset\cat\1113.jpg,../lab01/dataset/cat/1113.jpg,cat
2026-10-05T19:53:19+03:00,"https://www.whiskas.in/cdn-cgi/image/format=auto,q=90/sites/g/files/fnmzdf7971/files/2024-08/cat-breeds.jpg",1114.jpg,F:\NTSE\lab01\dataset\cat\1114.jpg,../lab01/dataset/cat/1114.jpg,cat
2026-10-05T19:53:21+03:00,https://www.catster.com/wp-content/uploads/2023/11/A-Tuxedo-domestic-shorthair-cat-with-long-whiskers-and-large-dilated-pupils-Mary-Swift-Shutterstock.jpg,1115.jpg,F:\NTSE\lab01\dataset\cat\1115.jpg,../lab01/dataset/cat/1115.jpg,cat
2026-10-05T19:53:22+03:00,https://www.rover.com/blog/wp-content/uploads/iStock-1257323961-1024x879.jpg,1116.jpg,F:\NTSE\lab01\dataset\cat\1116.jpg,../lab01/dataset/cat/1116.jpg,cat
2026-10-05T19:53:23+03:00,https://i.ytimg.com/vi/SB_JPISpf7I/maxresdefault.jpg?v=6a9d4ab4,1117.jpg,F:\NTSE\lab01\dataset\cat\1117.jpg,../lab01/dataset/cat/1117.jpg,cat
2026-10-05T19:53:26+03:00,https://thumbs.dreamstime.com/z/close-up-birman-licking-29013598.jpg,1118.jpg,F:\NTSE\lab01\dataset\cat\1118.jpg,../lab01/dataset/cat/1118.jpg,cat
2026-10-05T19:53:27+03:00,https://i.ytimg.com/vi/FhgyCmHAtyo/maxresdefault.jpg,1119.jpg,F:\NTSE\lab01\dataset\cat\1119.jpg,../lab01/dataset/cat/1119.jpg,cat
2026-10-05T19:53:29+03:00,https://image.shutterstock.com/shutterstock/photos/679292743/display_1500/stock-photo-cat-playing-hand-up-679292743.jpg,1120.jpg,F:\NTSE\lab01\dataset\cat\1120.jpg,../lab01/dataset/cat/1120.jpg,cat
2026-10-05T19:53:31+03:00,https://s0.rbk.ru/v6_top_pics/media/img/9/64/347424756504649.webp,1121.jpg,F:\NTSE\lab01\dataset\cat\1121.jpg,../lab01/dataset/cat/1121.jpg,cat
2026-10-05T19:53:32+03:00,https://thumbs.dreamstime.com/z/cute-cat-sitting-green-spring-grass-38638125.jpg,1122.jpg,F:\NTSE\lab01\dataset\cat\1122.jpg,../lab01/dataset/cat/1122.jpg,cat
2026-10-05T19:53:35+03:00,https://www.centreariel.com/wp-content/uploads/2022/07/chat-bonne-habitude-vie2.jpg,1123.jpg,F:\NTSE\lab01\dataset\cat\1123.jpg,../lab01/dataset/cat/1123.jpg,cat
2026-10-05T19:53:36+03:00,https://yac-wh-sb-prod-s3-media-07001.storage.yandexcloud.net/media/images/shutterstock_2453622077.max-2880x1820.format-jpeg.jpg,1124.jpg,F:\NTSE\lab01\dataset\cat\1124.jpg,../lab01/dataset/cat/1124.jpg,cat
2026-10-05T19:53:38+03:00,https://static1.bigstockphoto.com/2/0/1/large1500/102929210.jpg,1125.jpg,F:\NTSE\lab01\dataset\cat\1125.jpg,../lab01/dataset/cat/1125.jpg,cat
2026-10-05T19:54:05+03:00,https://i.pinimg.com/originals/23/4e/8f/234e8f83b5d7aaf15c62388b1cdd3035.jpg,1126.jpg,F:\NTSE\lab01\dataset\cat\1126.jpg,../lab01/dataset/cat/1126.jpg,cat
2026-10-05T19:54:06+03:00,https://i.ytimg.com/vi/cxEwN0MFgzA/maxresdefault.jpg,1127.jpg,F:\NTSE\lab01\dataset\cat\1127.jpg,../lab01/dataset/cat/1127.jpg,cat
2026-10-05T19:54:08+03:00,https://c8.alamy.com/comp/2Y0FWNP/curious-black-and-white-cat-sitting-and-looking-up-isolated-on-white-background-2Y0FWNP.jpg,1128.jpg,F:\NTSE\lab01\dataset\cat\1128.jpg,../lab01/dataset/cat/1128.jpg,cat
2026-10-05T19:54:09+03:00,https://www.wideopenspaces.com/wp-content/uploads/sites/3/2022/04/Angry-Cat-Feature-Image.png,1129.jpg,F:\NTSE\lab01\dataset\cat\1129.jpg,../lab01/dataset/cat/1129.jpg,cat
2026-10-05T19:54:10+03:00,https://thumbs.dreamstime.com/z/british-longhair-cat-11-months-old-13667223.jpg,1130.jpg,F:\NTSE\lab01\dataset\cat\1130.jpg,../lab01/dataset/cat/1130.jpg,cat
2026-10-05T19:54:12+03:00,https://yt3.googleusercontent.com/BJEZoS3t07Jr3-VWDnewbpUmRb0ztPWBmIE1V9xZN4XVaYipV8CkLnpnbRcNnoRlOY_SOavQ3w=s900-c-k-c0x00ffffff-no-rj,1131.jpg,F:\NTSE\lab01\dataset\cat\1131.jpg,../lab01/dataset/cat/1131.jpg,cat
2026-10-05T19:55:32+03:00,https://www.argonandco.com/wp-content/uploads/2022/11/shutterstock_494247358-scaled.jpg,1132.jpg,F:\NTSE\lab01\dataset\cat\1132.jpg,../lab01/dataset/cat/1132.jpg,cat
2026-10-05T19:55:39+03:00,https://img.goodfon.ru/wallpaper/nbig/7/b0/chiornyi-fon-kot-koshka.webp,1133.jpg,F:\NTSE\lab01\dataset\cat\1133.jpg,../lab01/dataset/cat/1133.jpg,cat
2026-10-05T19:55:41+03:00,https://www.catster.com/wp-content/uploads/2023/11/grey-and-white-scottish-fold-cat_Eric-Isselee_Shutterstock.jpg,1134.jpg,F:\NTSE\lab01\dataset\cat\1134.jpg,../lab01/dataset/cat/1134.jpg,cat
2026-10-05T19:55:43+03:00,https://content.nationalgeographic.com.es/medio/2024/01/18/colorpoint-1_22a980e0_240118132332_1280x915.jpg,1135.jpg,F:\NTSE\lab01\dataset\cat\1135.jpg,../lab01/dataset/cat/1135.jpg,cat
2026-10-05T19:55:44+03:00,https://i.ytimg.com/vi/kxlgNqlv6Gk/maxresdefault.jpg?sqp=-oaymwEmCIAKENAF8quKqQMa8AEB-AG-B4AC0AWKAgwIABABGBUgUyh_MA8=&rs=AOn4CLABnOR8jUdrsaE2Y4QpYagwmSwEfg,1136.jpg,F:\NTSE\lab01\dataset\cat\1136.jpg,../lab01/dataset/cat/1136.jpg,cat
2026-10-05T19:55:45+03:00,https://i.ytimg.com/vi/SltTDbjKQf4/maxresdefault.jpg,1137.jpg,F:\NTSE\lab01\dataset\cat\1137.jpg,../lab01/dataset/cat/1137.jpg,cat
2026-10-05T19:55:47+03:00,https://cdn.mos.cms.futurecdn.net/6f3DTMbTByCUoefaHLcFT6.jpg,1138.jpg,F:\NTSE\lab01\dataset\cat\1138.jpg,../lab01/dataset/cat/1138.jpg,cat
2026-10-05T19:55:48+03:00,https://static1.bigstockphoto.com/2/2/1/large1500/12210659.jpg,1139.jpg,F:\NTSE\lab01\dataset\cat\1139.jpg,../lab01/dataset/cat/1139.jpg,cat
2026-10-05T19:55:50+03:00,https://c.pxhere.com/photos/bc/f3/cat_black_animal_pet_mieze_kitten_hallowin_superstition-687707.jpg!d,1140.jpg,F:\NTSE\lab01\dataset\cat\1140.jpg,../lab01/dataset/cat/1140.jpg,cat
2026-10-05T19:56:10+03:00,https://i.ytimg.com/vi/0k7kPFEzGCY/maxresdefault.jpg,1141.jpg,F:\NTSE\lab01\dataset\cat\1141.jpg,../lab01/dataset/cat/1141.jpg,cat
2026-10-05T19:56:11+03:00,https://c8.alamy.com/comp/2JCFA33/portrait-of-calico-cat-looking-irritated-or-surprised-on-white-background-2JCFA33.jpg,1142.jpg,F:\NTSE\lab01\dataset\cat\1142.jpg,../lab01/dataset/cat/1142.jpg,cat
2026-10-05T19:56:13+03:00,https://thumbs.dreamstime.com/z/old-cray-fluffy-cat-lies-litter-floor-looking-camera-cozy-home-scene-109727669.jpg,1143.jpg,F:\NTSE\lab01\dataset\cat\1143.jpg,../lab01/dataset/cat/1143.jpg,cat
2026-10-05T19:56:14+03:00,https://i.pinimg.com/originals/e1/79/ca/e179caa17647251eb68e874a5f573063.jpg,1144.jpg,F:\NTSE\lab01\dataset\cat\1144.jpg,../lab01/dataset/cat/1144.jpg,cat
2026-10-05T19:56:15+03:00,https://i.ytimg.com/vi/rrt1YKCxB8M/maxresdefault.jpg,1145.jpg,F:\NTSE\lab01\dataset\cat\1145.jpg,../lab01/dataset/cat/1145.jpg,cat
2026-10-05T19:56:23+03:00,https://s0.rbk.ru/v6_top_pics/media/img/9/60/347752282550609.webp,1146.jpg,F:\NTSE\lab01\dataset\cat\1146.jpg,../lab01/dataset/cat/1146.jpg,cat
2026-10-05T19:56:24+03:00,https://s0.rbk.ru/v6_top_pics/media/img/5/41/347325201545415.webp,1147.jpg,F:\NTSE\lab01\dataset\cat\1147.jpg,../lab01/dataset/cat/1147.jpg,cat
2026-10-05T19:56:25+03:00,https://i.pinimg.com/originals/6c/3e/20/6c3e2025f5293632477042d2f1a0866c.jpg?nii=t,1148.jpg,F:\NTSE\lab01\dataset\cat\1148.jpg,../lab01/dataset/cat/1148.jpg,cat
2026-10-05T19:56:26+03:00,https://i.pinimg.com/originals/2b/db/d9/2bdbd95ea5561de36590dda9ef3b57f3.jpg,1149.jpg,F:\NTSE\lab01\dataset\cat\1149.jpg,../lab01/dataset/cat/1149.jpg,cat
2026-10-05T19:56:26+03:00,https://i.pinimg.com/originals/18/09/c6/1809c679081fb25314dc2c4222e64ea6.png,1150.jpg,F:\NTSE\lab01\dataset\cat\1150.jpg,../lab01/dataset/cat/1150.jpg,cat
2026-10-05T19:56:28+03:00,https://resizer.mail.ru/p/424a4e51-803f-5106-bc20-567e91e9d30c/AQAOkUnn0si0NQUwz8fp67WzYNjG7UF6ZnguTIRSnC6gDa9nY-18c8FqTcWmdmyZ2jBXpJ050ek4I_MpYDcbrc2af3o.jpg,1151.jpg,F:\NTSE\lab01\dataset\cat\1151.jpg,../lab01/dataset/cat/1151.jpg,cat
2026-10-05T19:56:29+03:00,https://img.goodfon.ru/wallpaper/nbig/c/24/kot-koshka-mordochka-vzgliad-portret-3.webp,1152.jpg,F:\NTSE\lab01\dataset\cat\1152.jpg,../lab01/dataset/cat/1152.jpg,cat
2026-10-05T19:57:56+03:00,https://liter.kz/cache/imagine/1200/uploads/news/2025/02/18/67b4aaca1552d175899603.jpg,1153.jpg,F:\NTSE\lab01\dataset\cat\1153.jpg,../lab01/dataset/cat/1153.jpg,cat
2026-10-05T19:57:58+03:00,https://static1.bigstockphoto.com/7/1/2/large1500/217698100.jpg,1154.jpg,F:\NTSE\lab01\dataset\cat\1154.jpg,../lab01/dataset/cat/1154.jpg,cat
2026-10-05T19:57:58+03:00,https://i.pinimg.com/originals/fc/d8/fa/fcd8fa8f45bef026d4be7fd8aea614ff.jpg,1155.jpg,F:\NTSE\lab01\dataset\cat\1155.jpg,../lab01/dataset/cat/1155.jpg,cat
2026-10-05T19:58:00+03:00,https://resizer.mail.ru/p/d1c8bd08-e3cc-5ca6-a7b5-8d9c66f262ec/AQAOavIdYWq05YapcNJs7tzVc1lz55gvZVvWVKdeTg6Ie-HCm0J-5-Vu6jCDojxCrw1iIxhEPQbcv35Mr3gpgBXNSY0.jpg,1156.jpg,F:\NTSE\lab01\dataset\cat\1156.jpg,../lab01/dataset/cat/1156.jpg,cat
2026-10-05T19:58:01+03:00,https://c8.alamy.com/compit/t0h227/close-up-verticale-di-un-domestico-con-i-capelli-lunghi-gatto-su-uno-sfondo-blu-t0h227.jpg,1157.jpg,F:\NTSE\lab01\dataset\cat\1157.jpg,../lab01/dataset/cat/1157.jpg,cat
2026-10-05T19:58:02+03:00,https://thumbs.dreamstime.com/z/%D0%BB%D0%B5%D0%B6%D0%B0-%D0%BD%D0%B0-%D0%B1%D0%B5%D0%BB%D0%BE%D0%BC-%D1%84%D0%BE%D0%BD%D0%B5-tabby-%D0%BA%D0%BE%D1%82%D0%B0-%D0%B2-%D0%B8%D0%B7%D0%BE%D0%BB%D1%8F%D1%86%D0%B8%D0%B8-%D0%B2%D1%8B%D1%81%D0%BE%D0%BA%D0%BE%D0%B5-%D0%BA%D0%B0%D1%87%D0%B5%D1%81%D1%82%D0%B2%D0%BE-%D0%B8%D0%B7%D0%BE%D0%B1%D1%80%D0%B0%D0%B6%D0%B5%D0%BD%D0%B8%D1%8F-197669299.jpg,1158.jpg,F:\NTSE\lab01\dataset\cat\1158.jpg,../lab01/dataset/cat/1158.jpg,cat
2026-10-05T19:58:04+03:00,https://bio.vet/media/breeds/britanskaya.jpg,1159.jpg,F:\NTSE\lab01\dataset\cat\1159.jpg,../lab01/dataset/cat/1159.jpg,cat
2026-10-05T19:58:10+03:00,https://www.diamondpet.com/wp-content/uploads/2024/01/maine-coon-cat-sitting-outside-in-snow-012324.jpg,1160.jpg,F:\NTSE\lab01\dataset\cat\1160.jpg,../lab01/dataset/cat/1160.jpg,cat
2026-10-05T19:59:35+03:00,https://static.vecteezy.com/system/resources/previews/010/783/506/large_2x/siamese-cat-sitting-photo.jpg,1161.jpg,F:\NTSE\lab01\dataset\cat\1161.jpg,../lab01/dataset/cat/1161.jpg,cat
2026-10-05T19:59:36+03:00,https://static.vecteezy.com/system/resources/previews/022/713/469/large_2x/cute-cat-isolated-on-solid-background-free-photo.jpg,1162.jpg,F:\NTSE\lab01\dataset\cat\1162.jpg,../lab01/dataset/cat/1162.jpg,cat
2026-10-05T19:59:37+03:00,https://i.pinimg.com/736x/f0/a2/a4/f0a2a4f041b5a0aad038e4c06922d1e9.jpg,1163.jpg,F:\NTSE\lab01\dataset\cat\1163.jpg,../lab01/dataset/cat/1163.jpg,cat
2026-10-05T19:59:38+03:00,https://yac-wh-sb-prod-s3-media-04001.storage.yandexcloud.net/db_connection/1/layer_item/1/articles/18633/wysiwig-img/%D0%A0%D0%9A_BP_LOT-2_BRITISH-SHORTHAIR_COLOR_HUMAN-master.jpg_700735%20copy.webp,1164.jpg,F:\NTSE\lab01\dataset\cat\1164.jpg,../lab01/dataset/cat/1164.jpg,cat
2026-10-05T19:59:59+03:00,https://i.ytimg.com/vi/Kg6574L2axk/maxresdefault.jpg,1165.jpg,F:\NTSE\lab01\dataset\cat\1165.jpg,../lab01/dataset/cat/1165.jpg,cat
2026-10-05T20:00:00+03:00,https://thumbs.dreamstime.com/z/%D0%BA%D0%BE%D1%82-%D0%B1%D0%B5%D0%BD%D0%B3%D0%B0-%D0%B8%D0%B8-%D1%81%D0%B8-%D1%8F-%D0%B8-%D1%81%D0%BC%D0%BE%D1%82%D1%80%D1%8F-%D0%B2%D0%BD%D0%B8%D0%B7-%D0%BD%D0%B0-%D0%B1%D0%B5-%D0%B8%D0%B7%D0%BD%D0%B5-50998069.jpg,1166.jpg,F:\NTSE\lab01\dataset\cat\1166.jpg,../lab01/dataset/cat/1166.jpg,cat
2026-10-05T20:00:01+03:00,https://gauseblvdvet.com/wp-content/uploads/2024/10/allergies-dermatology-iStock-1238947978.webp,1167.jpg,F:\NTSE\lab01\dataset\cat\1167.jpg,../lab01/dataset/cat/1167.jpg,cat
2026-10-05T20:00:03+03:00,https://pethelpful.com/.image/NDowMDAwMDAwMDAwMjUwNDQ3/young-beautiful-cat-at-home.jpg?profile=w2560&x=50&y=50,1168.jpg,F:\NTSE\lab01\dataset\cat\1168.jpg,../lab01/dataset/cat/1168.jpg,cat
2026-10-05T20:01:23+03:00,https://static2.bigstockphoto.com/9/9/5/large1500/59929121.jpg,1169.jpg,F:\NTSE\lab01\dataset\cat\1169.jpg,../lab01/dataset/cat/1169.jpg,cat
2026-10-05T20:01:25+03:00,https://www.shutterstock.com/shutterstock/photos/1787846567/display_1500/stock-photo-sitting-mixed-breed-tabby-house-cat-with-white-looking-straight-at-the-camera-with-big-green-eyes-1787846567.jpg,1170.jpg,F:\NTSE\lab01\dataset\cat\1170.jpg,../lab01/dataset/cat/1170.jpg,cat
2026-10-05T20:02:20+03:00,https://static.tildacdn.com/tild3032-3534-4266-b835-333433613238/ChatGPT_Image_13__20.png,1171.jpg,F:\NTSE\lab01\dataset\cat\1171.jpg,../lab01/dataset/cat/1171.jpg,cat
2026-10-05T20:02:22+03:00,https://s0.rbk.ru/v6_top_pics/media/img/3/48/346929789555483.webp,1172.jpg,F:\NTSE\lab01\dataset\cat\1172.jpg,../lab01/dataset/cat/1172.jpg,cat
2026-10-05T20:02:27+03:00,https://i.ytimg.com/vi/dMsHAzC42PY/maxresdefault.jpg,1173.jpg,F:\NTSE\lab01\dataset\cat\1173.jpg,../lab01/dataset/cat/1173.jpg,cat
2026-10-05T20:02:28+03:00,https://i.ytimg.com/vi/o5GtxD-BuLs/maxresdefault.jpg,1174.jpg,F:\NTSE\lab01\dataset\cat\1174.jpg,../lab01/dataset/cat/1174.jpg,cat
2026-10-05T20:02:29+03:00,https://i.ytimg.com/vi/Be2jiC0cvFY/maxresdefault.jpg?sqp=-oaymwEmCIAKENAF8quKqQMa8AEB-AH-CYAC0AWKAgwIABABGGUgWChaMA8=&rs=AOn4CLC3FXSunxEfN7PpSHoBgjxmhdU-9Q,1175.jpg,F:\NTSE\lab01\dataset\cat\1175.jpg,../lab01/dataset/cat/1175.jpg,cat
2026-10-05T20:02:30+03:00,https://i.pinimg.com/originals/e1/a2/7d/e1a27d485756d39c2f0fe7dd287fea94.png,1176.jpg,F:\NTSE\lab01\dataset\cat\1176.jpg,../lab01/dataset/cat/1176.jpg,cat
2026-10-05T20:02:31+03:00,https://i.pinimg.com/originals/ff/1c/24/ff1c24d3583877ac5327e50980961995.jpg,1177.jpg,F:\NTSE\lab01\dataset\cat\1177.jpg,../lab01/dataset/cat/1177.jpg,cat
2026-10-05T20:02:32+03:00,https://img.goodfon.ru/wallpaper/nbig/8/1e/britanskii-koshka-kot-poza-mordashka-vzgliad-shinshilla-kori.webp,1178.jpg,F:\NTSE\lab01\dataset\cat\1178.jpg,../lab01/dataset/cat/1178.jpg,cat
2026-10-05T20:02:33+03:00,https://thumbs.dreamstime.com/z/munchkin-cat-beautiful-studio-white-background-37261304.jpg,1179.jpg,F:\NTSE\lab01\dataset\cat\1179.jpg,../lab01/dataset/cat/1179.jpg,cat
2026-10-05T20:02:34+03:00,https://i.ytimg.com/vi/k4fwWp9-1a0/maxresdefault.jpg,1180.jpg,F:\NTSE\lab01\dataset\cat\1180.jpg,../lab01/dataset/cat/1180.jpg,cat
2026-10-05T20:02:39+03:00,https://thumbs.dreamstime.com/z/bengal-cat-7-months-old-standing-18989858.jpg,1181.jpg,F:\NTSE\lab01\dataset\cat\1181.jpg,../lab01/dataset/cat/1181.jpg,cat
2026-10-05T20:02:40+03:00,https://i.ytimg.com/vi/C9f3xMmsG2M/maxresdefault.jpg,1182.jpg,F:\NTSE\lab01\dataset\cat\1182.jpg,../lab01/dataset/cat/1182.jpg,cat
2026-10-05T20:02:41+03:00,https://cdn.britannica.com/34/235834-050-C5843610/two-different-breeds-of-cats-side-by-side-outdoors-in-the-garden.jpg,1183.jpg,F:\NTSE\lab01\dataset\cat\1183.jpg,../lab01/dataset/cat/1183.jpg,cat
2026-10-05T20:02:49+03:00,https://i.pinimg.com/originals/3f/fa/1f/3ffa1f56c33bc38ffce9147ddd5cd155.jpg?nii=t,1184.jpg,F:\NTSE\lab01\dataset\cat\1184.jpg,../lab01/dataset/cat/1184.jpg,cat
2026-10-05T20:02:52+03:00,https://c8.alamy.com/comp/2H9RMTW/animal-wildlife-portrait-of-manul-cat-sitting-on-snow-2H9RMTW.jpg,1185.jpg,F:\NTSE\lab01\dataset\cat\1185.jpg,../lab01/dataset/cat/1185.jpg,cat
2026-10-05T20:02:54+03:00,https://yt3.googleusercontent.com/YTkuU_H_Au_6_18kfaGUvci9Q8_34N4gtpGkLu_FWRAV-5CYgEFqy0IeKMtRnccM3j3vc-wrlg=s900-c-k-c0x00ffffff-no-rj,1186.jpg,F:\NTSE\lab01\dataset\cat\1186.jpg,../lab01/dataset/cat/1186.jpg,cat
2026-10-05T20:02:56+03:00,https://blog.catbandit.com/wp-content/uploads/2024/10/Paprika.jpeg,1187.jpg,F:\NTSE\lab01\dataset\cat\1187.jpg,../lab01/dataset/cat/1187.jpg,cat
2026-10-05T20:02:58+03:00,https://static1.bigstockphoto.com/3/5/1/large1500/15349883.jpg,1188.jpg,F:\NTSE\lab01\dataset\cat\1188.jpg,../lab01/dataset/cat/1188.jpg,cat
2026-10-05T20:02:59+03:00,https://a-z-animals.com/media/2022/11/shutterstock_1518344282-1024x887.jpg,1189.jpg,F:\NTSE\lab01\dataset\cat\1189.jpg,../lab01/dataset/cat/1189.jpg,cat
2026-10-05T20:03:00+03:00,https://www.rover.com/blog/wp-content/uploads/orange-cat-with-harness-min-e1685563063551.jpg,1190.jpg,F:\NTSE\lab01\dataset\cat\1190.jpg,../lab01/dataset/cat/1190.jpg,cat
2026-10-05T20:03:01+03:00,https://cdn.mos.cms.futurecdn.net/Cr3EgrNyC4566KXh5XgfTF-1200-80.jpg,1191.jpg,F:\NTSE\lab01\dataset\cat\1191.jpg,../lab01/dataset/cat/1191.jpg,cat
2026-10-05T20:03:02+03:00,https://c8.alamy.com/comp/3BR4TTK/funny-cheerful-cat-looks-up-close-up-copy-space-3BR4TTK.jpg,1192.jpg,F:\NTSE\lab01\dataset\cat\1192.jpg,../lab01/dataset/cat/1192.jpg,cat
2026-10-05T20:03:04+03:00,https://studyfinds.com/wp-content/uploads/2023/10/shutterstock_93073837-scaled.jpg,1193.jpg,F:\NTSE\lab01\dataset\cat\1193.jpg,../lab01/dataset/cat/1193.jpg,cat
2026-10-05T20:03:09+03:00,https://lh6.googleusercontent.com/mzkDq42Ay10zkBsLhvDQZb886iI5FJsMvbxUk-IYif1gA_98T-Uj920sNhWAtEH7SY0f0n3eXe41m3hrjRnDSB7ZsY5f975YvQ70W2IQpMkvNqhKe8GZbSxmRNeygLznbJDwk7C4CMmsIhrpwPmSPUQ,1194.jpg,F:\NTSE\lab01\dataset\cat\1194.jpg,../lab01/dataset/cat/1194.jpg,cat
2026-10-05T20:03:10+03:00,https://static1.bigstockphoto.com/4/2/1/large1500/124955066.jpg,1195.jpg,F:\NTSE\lab01\dataset\cat\1195.jpg,../lab01/dataset/cat/1195.jpg,cat
2026-10-05T20:03:12+03:00,https://storage.yandexcloud.net/yac-wh-sb-prod-s3-media-03010/uploads/articles/120ead8cead9ad2e3a7d0b2585833551.preview.webp,1196.jpg,F:\NTSE\lab01\dataset\cat\1196.jpg,../lab01/dataset/cat/1196.jpg,cat
2026-10-05T20:03:13+03:00,https://i.pinimg.com/736x/6b/01/b3/6b01b3ce466904e9e256d4619479296e.jpg,1197.jpg,F:\NTSE\lab01\dataset\cat\1197.jpg,../lab01/dataset/cat/1197.jpg,cat
2026-10-05T20:04:35+03:00,https://thumbs.dreamstime.com/z/persian-cat-5-months-old-sitting-16408931.jpg,1198.jpg,F:\NTSE\lab01\dataset\cat\1198.jpg,../lab01/dataset/cat/1198.jpg,cat
2026-10-05T20:04:37+03:00,https://miro.medium.com/v2/resize:fit:1358/format:webp/0*btMAr-pkbXBg7zWT,1199.jpg,F:\NTSE\lab01\dataset\cat\1199.jpg,../lab01/dataset/cat/1199.jpg,cat
2026-10-05T20:04:47+03:00,https://cdn.lifehacker.ru/wp-content/uploads/2024/10/Regine_Jensen_3rd_Place_Studio_s_1729860916.jpg,0000.jpg,F:\NTSE\lab01\dataset\dog\0000.jpg,../lab01/dataset/dog/0000.jpg,dog
2026-10-05T20:04:48+03:00,https://static.vecteezy.com/system/resources/previews/039/191/825/non_2x/ai-generated-a-happy-dog-isolated-on-white-background-photo.jpeg,0001.jpg,F:\NTSE\lab01\dataset\dog\0001.jpg,../lab01/dataset/dog/0001.jpg,dog
2026-10-05T20:04:51+03:00,https://resizer.mail.ru/p/541f22c8-f033-575f-9740-7f5f949696a8/dpr:200/AQAOfgvjsnvwxmcNv3TP0TmBI155CWzCuqXierCdzzXS_sUxcQW8wA8ViSqCYw3MdcsUidfHETP-EbuoQsJHeoMeYpI.jpg,0002.jpg,F:\NTSE\lab01\dataset\dog\0002.jpg,../lab01/dataset/dog/0002.jpg,dog
2026-10-05T20:04:53+03:00,https://img-s-msn-com.akamaized.net/tenant/amp/entityid/AA1Qxxdg.img?w=1200&h=675&m=4&q=94,0003.jpg,F:\NTSE\lab01\dataset\dog\0003.jpg,../lab01/dataset/dog/0003.jpg,dog
2026-10-05T20:05:21+03:00,https://dogsy.ru/journal/wp-content/uploads/2025/09/2149202575.jpg,0004.jpg,F:\NTSE\lab01\dataset\dog\0004.jpg,../lab01/dataset/dog/0004.jpg,dog
2026-10-05T20:06:44+03:00,https://resizer.mail.ru/p/66c8f1df-a740-53a4-82ec-c17e735d5862/AQAO1moGtE6t-wjoK79IV_4HjRCaU7viTGdpC01J21Um6__ihKISpqGA-Iv3stTyvVmYMb2f9oz2H5Bt_RGXDoNlQoI.jpg,0005.jpg,F:\NTSE\lab01\dataset\dog\0005.jpg,../lab01/dataset/dog/0005.jpg,dog
2026-10-05T20:06:46+03:00,https://pet-health-content-media.chewy.com/wp-content/uploads/2025/06/20173712/dogs-that-cant-handle-summer-heat.jpeg,0006.jpg,F:\NTSE\lab01\dataset\dog\0006.jpg,../lab01/dataset/dog/0006.jpg,dog
2026-10-05T20:06:48+03:00,https://i.ytimg.com/vi/l7YbIJQzexk/maxresdefault.jpg,0007.jpg,F:\NTSE\lab01\dataset\dog\0007.jpg,../lab01/dataset/dog/0007.jpg,dog
2026-10-05T20:06:49+03:00,https://i.ytimg.com/vi/Db59fbdz4I4/maxresdefault.jpg,0008.jpg,F:\NTSE\lab01\dataset\dog\0008.jpg,../lab01/dataset/dog/0008.jpg,dog
2026-10-05T20:06:50+03:00,https://yac-wh-sb-prod-s3-media-04001.storage.yandexcloud.net/db_connection/1/layer_item/1/articles/8943/wysiwig-img/lori-0030861713-a4.webp,0009.jpg,F:\NTSE\lab01\dataset\dog\0009.jpg,../lab01/dataset/dog/0009.jpg,dog
2026-10-05T20:06:51+03:00,https://i.ytimg.com/vi/CARCdjATxik/maxresdefault.jpg,0010.jpg,F:\NTSE\lab01\dataset\dog\0010.jpg,../lab01/dataset/dog/0010.jpg,dog
2026-10-05T20:06:53+03:00,https://www.pravmir.ru/wp-content/uploads/2024/11/dog-photography-awards-2024-winners-03-6722ad6c5adf4__700.jpg,0011.jpg,F:\NTSE\lab01\dataset\dog\0011.jpg,../lab01/dataset/dog/0011.jpg,dog
2026-10-05T20:06:54+03:00,https://i.ytimg.com/vi/I6OsZxnsV8Q/maxresdefault.jpg,0012.jpg,F:\NTSE\lab01\dataset\dog\0012.jpg,../lab01/dataset/dog/0012.jpg,dog
2026-10-05T20:06:55+03:00,https://s.yimg.com/lo/mysterio/api/6ac463aca4dd70ccfdac60fc44ce4cdeee04f1fc3397fa42094a70e0e1752321/lightyear_networkapi/resizefill_w1200%3Bquality_80%3Bformat_jpg/https%3A%2F%2Fmedia.zenfs.com%2Fen%2Fpawnation_984%2Fb8373d8bfb5bc181102ce82ca2bfe003.jpg,0013.jpg,F:\NTSE\lab01\dataset\dog\0013.jpg,../lab01/dataset/dog/0013.jpg,dog
2026-10-05T20:06:56+03:00,https://www.rover.com/blog/wp-content/uploads/iStock-1422682177-e1709332530634.jpg,0014.jpg,F:\NTSE\lab01\dataset\dog\0014.jpg,../lab01/dataset/dog/0014.jpg,dog
2026-10-05T20:07:39+03:00,https://static.tildacdn.com/tild6565-6161-4336-a233-373566636131/shutterstock_2526542.png,0015.jpg,F:\NTSE\lab01\dataset\dog\0015.jpg,../lab01/dataset/dog/0015.jpg,dog
2026-10-05T20:07:41+03:00,https://i2-prod.manchestereveningnews.co.uk/article32134422.ece/ALTERNATES/s1200f/0_GettyImages-2149216157.jpg,0016.jpg,F:\NTSE\lab01\dataset\dog\0016.jpg,../lab01/dataset/dog/0016.jpg,dog
2026-10-05T20:07:42+03:00,https://i.ytimg.com/vi/DgBqsWnlXYQ/maxresdefault.jpg,0017.jpg,F:\NTSE\lab01\dataset\dog\0017.jpg,../lab01/dataset/dog/0017.jpg,dog
2026-10-05T20:07:43+03:00,"https://www.scotsman.com/webimg/b25lY21zOjE1MWVmZTE3LTBiNDItNDY5Mi1hNzMwLWQ2ZDExN2UxNjUzOTphMWY0MGFlMC1iZmNkLTQwYmEtYmRlNC1jNDI5ZTE4ZmY4YTY=.jpg?width=1200&auto=webp&quality=75&crop=3:2,smart&trim=",0018.jpg,F:\NTSE\lab01\dataset\dog\0018.jpg,../lab01/dataset/dog/0018.jpg,dog
2026-10-05T20:07:44+03:00,https://resizer.mail.ru/p/7afaff51-72fd-5230-95f0-fa7a97a0a563/dpr:150/AQAOPM1-zWnlu28ekIh4xEI-sGo3fQUCe3xca_bKAWSocteAf6oZrjN2Qan13TfHa1IHfaw9xdIW6v_n1S-nDU7UTWY.jpg,0019.jpg,F:\NTSE\lab01\dataset\dog\0019.jpg,../lab01/dataset/dog/0019.jpg,dog
2026-10-05T20:07:45+03:00,https://iheartdogs.com/wp-content/uploads/2025/05/dog-walks-summer-city-street-1.jpg,0020.jpg,F:\NTSE\lab01\dataset\dog\0020.jpg,../lab01/dataset/dog/0020.jpg,dog
2026-10-05T20:07:46+03:00,https://i.ytimg.com/vi/ofHbBUePM_Q/maxresdefault.jpg,0021.jpg,F:\NTSE\lab01\dataset\dog\0021.jpg,../lab01/dataset/dog/0021.jpg,dog
2026-10-05T20:07:47+03:00,https://nypost.com/wp-content/uploads/sites/2/2026/04/AdobeStock_517551269.jpeg?quality=75&strip=all&w=1024,0022.jpg,F:\NTSE\lab01\dataset\dog\0022.jpg,../lab01/dataset/dog/0022.jpg,dog
2026-10-05T20:07:49+03:00,https://www.shutterstock.com/shutterstock/photos/539194633/display_1500/stock-photo-portrait-of-happy-brown-cute-labrador-retriever-puppy-with-foliage-bokeh-background-head-shot-of-539194633.jpg,0023.jpg,F:\NTSE\lab01\dataset\dog\0023.jpg,../lab01/dataset/dog/0023.jpg,dog
2026-10-05T20:07:55+03:00,https://www.shutterstock.com/shutterstock/photos/2389659369/display_1500/stock-photo-barking-howl-beagle-dog-in-house-environment-close-up-view-2389659369.jpg,0024.jpg,F:\NTSE\lab01\dataset\dog\0024.jpg,../lab01/dataset/dog/0024.jpg,dog
2026-10-05T20:10:34+03:00,https://i.ytimg.com/vi/bfKF8PXsOHg/maxresdefault.jpg?sqp=-oaymwEmCIAKENAF8quKqQMa8AEB-AH-CYAC0AWKAgwIABABGF4gZSgPMA8=&rs=AOn4CLBbMTqu6seqtbx0upyw9V5KZnb0Hw,0025.jpg,F:\NTSE\lab01\dataset\dog\0025.jpg,../lab01/dataset/dog/0025.jpg,dog
2026-10-05T20:14:52+03:00,https://www.rbc.ua/static/img/i/s/isolated_picture_of_adult_beagle_sitting_on_green_grass_having_some_rest_during_morning_walk_in_park_with_its_owner_beautiful_white_and_brown_dog_resting_outdoors_pets_and_animals_concept_1300x820.jpg,0026.jpg,F:\NTSE\lab01\dataset\dog\0026.jpg,../lab01/dataset/dog/0026.jpg,dog
2026-10-05T20:14:54+03:00,https://images.ctfassets.net/r208a72kad0m/6EwzItTbZQIheqd3IHIAza/ed3a74c0ae233209d3d8103751a7c26d/AdobeStock_512773375.jpeg,0027.jpg,F:\NTSE\lab01\dataset\dog\0027.jpg,../lab01/dataset/dog/0027.jpg,dog
2026-10-05T20:14:58+03:00,https://www.hazmatschool.com/wp-content/uploads/2021/10/dog-bite-prevention-e1635196832763.png,0028.jpg,F:\NTSE\lab01\dataset\dog\0028.jpg,../lab01/dataset/dog/0028.jpg,dog
2026-10-05T20:15:00+03:00,https://c8.alamy.com/comp/2PR59J8/puppy-labrador-retriever-in-front-of-white-background-2PR59J8.jpg,0029.jpg,F:\NTSE\lab01\dataset\dog\0029.jpg,../lab01/dataset/dog/0029.jpg,dog
2026-10-05T20:16:20+03:00,https://247wallst.com/wp-content/uploads/2019/08/imageforentry46-wq8.jpg,0030.jpg,F:\NTSE\lab01\dataset\dog\0030.jpg,../lab01/dataset/dog/0030.jpg,dog
2026-10-05T20:17:40+03:00,https://i.ytimg.com/vi/nFyo9DL7Sp8/maxresdefault.jpg,0031.jpg,F:\NTSE\lab01\dataset\dog\0031.jpg,../lab01/dataset/dog/0031.jpg,dog
2026-10-05T20:17:43+03:00,https://s0.rbk.ru/v6_top_pics/media/img/6/03/346920110180036.webp,0032.jpg,F:\NTSE\lab01\dataset\dog\0032.jpg,../lab01/dataset/dog/0032.jpg,dog
2026-10-05T20:17:44+03:00,https://i.ytimg.com/vi/WEOOyHN2iAo/maxresdefault.jpg,0033.jpg,F:\NTSE\lab01\dataset\dog\0033.jpg,../lab01/dataset/dog/0033.jpg,dog
2026-10-05T20:17:45+03:00,https://consumer-cms.petfinder.com/sites/default/files/images/content/Dalmatian%20%201.jpg,0034.jpg,F:\NTSE\lab01\dataset\dog\0034.jpg,../lab01/dataset/dog/0034.jpg,dog
2026-10-05T20:18:13+03:00,https://static.tildacdn.com/tild3163-3437-4536-b062-326334356564/labrador-retriever-n.png,0035.jpg,F:\NTSE\lab01\dataset\dog\0035.jpg,../lab01/dataset/dog/0035.jpg,dog
2026-10-05T20:18:15+03:00,https://www.emipet.com/columbus/blog/admin/uploads/2023/portrait-trained-dog-waiting-command-park.jpg,0036.jpg,F:\NTSE\lab01\dataset\dog\0036.jpg,../lab01/dataset/dog/0036.jpg,dog
2026-10-05T20:18:17+03:00,https://www.snackies.de/bilder/news/51/istock-1457681287-kleiner_preview.jpg,0037.jpg,F:\NTSE\lab01\dataset\dog\0037.jpg,../lab01/dataset/dog/0037.jpg,dog
2026-10-05T20:18:18+03:00,https://c8.alamy.com/comp/2R7F5AD/great-dane-dog-with-beautiful-color-photoshoot-in-studio-2R7F5AD.jpg,0038.jpg,F:\NTSE\lab01\dataset\dog\0038.jpg,../lab01/dataset/dog/0038.jpg,dog
2026-10-05T20:18:22+03:00,https://assets.newsweek.com/wp-content/uploads/2025/12/GettyImages-1498155736.jpg?w=1600&quality=80&webp=1,0039.jpg,F:\NTSE\lab01\dataset\dog\0039.jpg,../lab01/dataset/dog/0039.jpg,dog
2026-10-05T20:18:24+03:00,https://mr-pet.mk/wp-content/uploads/2025/09/50441.jpg,0040.jpg,F:\NTSE\lab01\dataset\dog\0040.jpg,../lab01/dataset/dog/0040.jpg,dog
2026-10-05T20:18:25+03:00,https://www.shutterstock.com/shutterstock/photos/2276416983/display_1500/stock-photo-happy-sitting-and-panting-golden-retriever-dog-looking-at-camera-isolated-on-white-2276416983.jpg,0041.jpg,F:\NTSE\lab01\dataset\dog\0041.jpg,../lab01/dataset/dog/0041.jpg,dog
2026-10-05T20:18:31+03:00,https://www.trimsalon-nini.be/media/images/upload/Honden.webp,0042.jpg,F:\NTSE\lab01\dataset\dog\0042.jpg,../lab01/dataset/dog/0042.jpg,dog
2026-10-05T20:18:33+03:00,https://admin.petshop4.me/images/photos/2024/09/1727161416009-wwk470GGX4KiqbQZGA83Zf2G6.jpg,0043.jpg,F:\NTSE\lab01\dataset\dog\0043.jpg,../lab01/dataset/dog/0043.jpg,dog
2026-10-05T20:18:59+03:00,https://thumbs.dreamstime.com/z/samoyed-dog-portrait-48549164.jpg,0044.jpg,F:\NTSE\lab01\dataset\dog\0044.jpg,../lab01/dataset/dog/0044.jpg,dog
2026-10-05T20:19:01+03:00,https://blog.parnell.com/hubfs/National%20Dog%20Day.png,0045.jpg,F:\NTSE\lab01\dataset\dog\0045.jpg,../lab01/dataset/dog/0045.jpg,dog
2026-10-05T20:19:02+03:00,https://thumbs.dreamstime.com/z/%D0%B1%D0%B5%D0%B7-%D0%BE%D0%BC%D0%BD%D0%B0%D1%8F-%D1%81%D0%BE%D0%B1%D0%B0%D0%BA%D0%B0-%D0%BD%D0%B0-%D0%BE%D1%80%D0%BE%D0%B3%D0%B5-46976558.jpg,0046.jpg,F:\NTSE\lab01\dataset\dog\0046.jpg,../lab01/dataset/dog/0046.jpg,dog
2026-10-05T20:19:03+03:00,https://i.ytimg.com/vi/ODTMlET_SA8/maxresdefault.jpg,0047.jpg,F:\NTSE\lab01\dataset\dog\0047.jpg,../lab01/dataset/dog/0047.jpg,dog
2026-10-05T20:19:05+03:00,https://www.shutterstock.com/shutterstock/photos/265616255/display_1500/stock-photo-a-portrait-of-a-cute-golden-retriever-dog-sitting-on-the-floor-isolated-on-white-background-265616255.jpg,0048.jpg,F:\NTSE\lab01\dataset\dog\0048.jpg,../lab01/dataset/dog/0048.jpg,dog
2026-10-05T20:19:06+03:00,https://cdn.outsideonline.com/wp-content/uploads/2022/04/dog-running-pet-grief_h.jpg,0049.jpg,F:\NTSE\lab01\dataset\dog\0049.jpg,../lab01/dataset/dog/0049.jpg,dog
2026-10-05T20:19:08+03:00,https://c8.alamy.com/comp/2XGA5AD/happy-dog-running-through-lawn-towards-camera-active-beagle-concept-2XGA5AD.jpg,0050.jpg,F:\NTSE\lab01\dataset\dog\0050.jpg,../lab01/dataset/dog/0050.jpg,dog
2026-10-05T20:19:10+03:00,https://yac-wh-sb-prod-s3-media-04001.storage.yandexcloud.net/db_connection/1/layer_item/1/articles/8943/wysiwig-img/lori-0038348856-a4.webp,0051.jpg,F:\NTSE\lab01\dataset\dog\0051.jpg,../lab01/dataset/dog/0051.jpg,dog
2026-10-05T20:19:11+03:00,https://images.pexels.com/photos/1490908/pexels-photo-1490908.jpeg?auto=compress&cs=tinysrgb&h=627&fit=crop&w=1200,0052.jpg,F:\NTSE\lab01\dataset\dog\0052.jpg,../lab01/dataset/dog/0052.jpg,dog
2026-10-05T20:19:12+03:00,https://thumbs.dreamstime.com/b/none-28103713.jpg?w=1400,0053.jpg,F:\NTSE\lab01\dataset\dog\0053.jpg,../lab01/dataset/dog/0053.jpg,dog
2026-10-05T20:19:14+03:00,https://images.prismic.io/wisdom/ZoxXox5LeNNTw6kE_iStock-1025210872.jpg,0054.jpg,F:\NTSE\lab01\dataset\dog\0054.jpg,../lab01/dataset/dog/0054.jpg,dog
2026-10-05T20:19:16+03:00,https://fbi.cults3d.com/uploaders/13909615/illustration-file/67c2c30e-b58e-4ae9-af2c-3122234e2bc6/erye5ty566666.jpg,0055.jpg,F:\NTSE\lab01\dataset\dog\0055.jpg,../lab01/dataset/dog/0055.jpg,dog
2026-10-05T20:19:17+03:00,https://static.vecteezy.com/system/resources/previews/013/256/649/non_2x/funny-portrait-of-cute-smiling-puppy-dog-border-collie-on-couch-indoors-new-lovely-member-of-family-little-dog-at-home-gazing-and-waiting-pet-care-and-animals-concept-photo.jpg,0056.jpg,F:\NTSE\lab01\dataset\dog\0056.jpg,../lab01/dataset/dog/0056.jpg,dog
2026-10-05T20:19:18+03:00,https://i.ytimg.com/vi/tJGRuV5cTTo/maxresdefault.jpg?sqp=-oaymwEmCIAKENAF8quKqQMa8AEB-AH-CYAC0AWKAgwIABABGGUgYCgvMA8=&rs=AOn4CLBcqSgny-5_eApQ3BozfGYvKX5qmA,0057.jpg,F:\NTSE\lab01\dataset\dog\0057.jpg,../lab01/dataset/dog/0057.jpg,dog
2026-10-05T20:19:19+03:00,https://i.ytimg.com/vi/bhgjf0J8bH4/maxresdefault.jpg,0058.jpg,F:\NTSE\lab01\dataset\dog\0058.jpg,../lab01/dataset/dog/0058.jpg,dog
2026-10-05T20:19:21+03:00,https://pawsomepuppies.com.au/wp-content/uploads/2020/09/AdobeStock_259343906.jpg,0059.jpg,F:\NTSE\lab01\dataset\dog\0059.jpg,../lab01/dataset/dog/0059.jpg,dog
2026-10-05T20:19:23+03:00,https://img.ixbt.site/live/images/original/31/96/01/2024/01/05/516beb3b55.png,0060.jpg,F:\NTSE\lab01\dataset\dog\0060.jpg,../lab01/dataset/dog/0060.jpg,dog
2026-10-05T20:19:24+03:00,https://i.pinimg.com/originals/c7/aa/2e/c7aa2ef1583f6d70eeb8e28be012c831.jpg,0061.jpg,F:\NTSE\lab01\dataset\dog\0061.jpg,../lab01/dataset/dog/0061.jpg,dog
2026-10-05T20:19:25+03:00,https://warrickvet.com/wp-content/uploads/2021/09/dog-allergies-in-warrick-county-in.jpg,0062.jpg,F:\NTSE\lab01\dataset\dog\0062.jpg,../lab01/dataset/dog/0062.jpg,dog
2026-10-05T20:19:27+03:00,https://doggami.it/wp-content/uploads/2019/12/Labrador-1-2048x1357.jpg,0063.jpg,F:\NTSE\lab01\dataset\dog\0063.jpg,../lab01/dataset/dog/0063.jpg,dog
2026-10-05T20:19:28+03:00,https://s0.rbk.ru/v6_top_pics/media/img/0/95/346898653822950.jpeg,0064.jpg,F:\NTSE\lab01\dataset\dog\0064.jpg,../lab01/dataset/dog/0064.jpg,dog
2026-10-05T20:19:31+03:00,https://airtasker-seo-assets-prod.s3.amazonaws.com/en_AU/1641185735985_how-to-groom-long-haired-dog.jpg,0065.jpg,F:\NTSE\lab01\dataset\dog\0065.jpg,../lab01/dataset/dog/0065.jpg,dog
2026-10-05T20:19:34+03:00,https://scoopprosca.com/wp-content/uploads/2024/01/shutterstock_2275462575-min11.jpg,0066.jpg,F:\NTSE\lab01\dataset\dog\0066.jpg,../lab01/dataset/dog/0066.jpg,dog
2026-10-05T20:19:35+03:00,https://thumbs.dreamstime.com/z/%D1%81%D1%83%D0%BC%D0%B0%D1%88%D0%B5-%D1%88%D0%B0%D1%8F-%D1%81%D0%BE%D0%B1%D0%B0%D0%BA%D0%B0-31493458.jpg,0067.jpg,F:\NTSE\lab01\dataset\dog\0067.jpg,../lab01/dataset/dog/0067.jpg,dog
2026-10-05T20:19:37+03:00,https://highlandcanine.com/wp-content/uploads/2025/10/what-is-a-training-threshold-2048x1365.jpg,0068.jpg,F:\NTSE\lab01\dataset\dog\0068.jpg,../lab01/dataset/dog/0068.jpg,dog
2026-10-05T20:19:39+03:00,https://static1.bigstockphoto.com/9/6/1/large1500/169870019.jpg,0069.jpg,F:\NTSE\lab01\dataset\dog\0069.jpg,../lab01/dataset/dog/0069.jpg,dog
2026-10-05T20:19:40+03:00,https://static2.bigstockphoto.com/4/2/2/large1500/224753377.jpg,0070.jpg,F:\NTSE\lab01\dataset\dog\0070.jpg,../lab01/dataset/dog/0070.jpg,dog
2026-10-05T20:19:42+03:00,https://worlddogfinder.com/imager/1300x740/upload/westie_6.png,0071.jpg,F:\NTSE\lab01\dataset\dog\0071.jpg,../lab01/dataset/dog/0071.jpg,dog
2026-10-05T20:19:47+03:00,https://static.audiomeans.fr/img/episode/07ae2533-06bd-4c5a-bdcc-56cf6ee5628c.jpg,0072.jpg,F:\NTSE\lab01\dataset\dog\0072.jpg,../lab01/dataset/dog/0072.jpg,dog
2026-10-05T20:19:49+03:00,https://i.ytimg.com/vi/Mp-hARV6A0A/maxresdefault.jpg,0073.jpg,F:\NTSE\lab01\dataset\dog\0073.jpg,../lab01/dataset/dog/0073.jpg,dog
2026-10-05T20:19:51+03:00,https://deliveryanimal.com/wp-content/uploads/2025/11/image.jpg,0074.jpg,F:\NTSE\lab01\dataset\dog\0074.jpg,../lab01/dataset/dog/0074.jpg,dog
2026-10-05T20:19:52+03:00,https://i.pinimg.com/originals/4b/69/56/4b6956c9bd3abdc47f404dc969726531.jpg,0075.jpg,F:\NTSE\lab01\dataset\dog\0075.jpg,../lab01/dataset/dog/0075.jpg,dog
2026-10-05T20:19:53+03:00,https://resizer.mail.ru/p/719ad9ff-6ab8-5aac-a3e1-543f1315ff28/AQAOIjkUslWuYe4AWI2r8JEcPXHnchSQWmfjYSq8tbbmbELfhHHfuJXpyKQV4yAQvT2suBuu9lIc38cyl8w3p6rq3RY.jpg,0076.jpg,F:\NTSE\lab01\dataset\dog\0076.jpg,../lab01/dataset/dog/0076.jpg,dog
2026-10-05T20:19:55+03:00,https://www.shutterstock.com/shutterstock/photos/2252922629/display_1500/stock-photo-adult-dog-golden-retriever-with-a-small-puppy-for-a-walk-two-golden-retriever-dogs-on-the-road-in-2252922629.jpg,0077.jpg,F:\NTSE\lab01\dataset\dog\0077.jpg,../lab01/dataset/dog/0077.jpg,dog
2026-10-05T20:19:56+03:00,https://assets3.thrillist.com/v1/image/3111271/1584x1056/scale;webp=auto;jpeg_quality=60.jpg,0078.jpg,F:\NTSE\lab01\dataset\dog\0078.jpg,../lab01/dataset/dog/0078.jpg,dog
2026-10-05T20:19:58+03:00,https://angelynum.com/wp-content/uploads/2025/06/dog-cute-field.jpg,0079.jpg,F:\NTSE\lab01\dataset\dog\0079.jpg,../lab01/dataset/dog/0079.jpg,dog
2026-10-05T20:19:59+03:00,https://s0.rbk.ru/v6_top_pics/media/img/1/76/347333939164761.webp,0080.jpg,F:\NTSE\lab01\dataset\dog\0080.jpg,../lab01/dataset/dog/0080.jpg,dog
2026-10-05T20:20:01+03:00,https://www.shutterstock.com/shutterstock/photos/2263062511/display_1500/stock-photo-puppy-dog-inside-crate-with-open-door-front-view-of-cute-puppy-lying-in-kennel-looking-sad-or-2263062511.jpg,0081.jpg,F:\NTSE\lab01\dataset\dog\0081.jpg,../lab01/dataset/dog/0081.jpg,dog
2026-10-05T20:20:03+03:00,https://i.pinimg.com/originals/de/3d/47/de3d47748aeb004c8eb774cee44f3b91.jpg,0082.jpg,F:\NTSE\lab01\dataset\dog\0082.jpg,../lab01/dataset/dog/0082.jpg,dog
2026-10-05T20:20:04+03:00,https://i.ytimg.com/vi/YeWP3ZKQlGw/maxresdefault.jpg,0083.jpg,F:\NTSE\lab01\dataset\dog\0083.jpg,../lab01/dataset/dog/0083.jpg,dog
2026-10-05T20:20:06+03:00,https://assets3.cbsnewsstatic.com/hub/i/r/2020/05/06/f2c67f92-bd3c-47d8-910c-34fbd16cc334/thumbnail/1240x826/a7ee0a356c6e019eac6b0547f296a3a6/istock-641164618.jpg,0084.jpg,F:\NTSE\lab01\dataset\dog\0084.jpg,../lab01/dataset/dog/0084.jpg,dog
2026-10-05T20:20:06+03:00,https://i.pinimg.com/736x/c8/d2/19/c8d219ce55badcd88d9ebd13431c6117.jpg,0085.jpg,F:\NTSE\lab01\dataset\dog\0085.jpg,../lab01/dataset/dog/0085.jpg,dog
2026-10-05T20:20:08+03:00,https://cdn.britannica.com/51/236051-050-C70F4FE8/Australian-cattle-dog.jpg,0086.jpg,F:\NTSE\lab01\dataset\dog\0086.jpg,../lab01/dataset/dog/0086.jpg,dog
2026-10-05T20:20:09+03:00,https://i.pinimg.com/originals/82/ce/23/82ce23d0189d9459dcc651adb43b78e6.jpg,0087.jpg,F:\NTSE\lab01\dataset\dog\0087.jpg,../lab01/dataset/dog/0087.jpg,dog
2026-10-05T20:20:10+03:00,https://beesafe.pl/porady/wp-content/uploads/2022/10/ubezpieczenie-psa.jpg,0088.jpg,F:\NTSE\lab01\dataset\dog\0088.jpg,../lab01/dataset/dog/0088.jpg,dog
2026-10-05T20:20:12+03:00,https://thumbs.dreamstime.com/z/%D0%B3%D1%80%D1%83%D0%BF%D0%BF%D0%B0-%D0%B2-%D1%81%D0%BE%D1%81%D1%82%D0%B0%D0%B2%D0%B5-%D1%81%D0%BC%D0%B5%D1%88%D0%B0%D0%BD%D0%BD%D1%8B%D1%85-%D0%BF%D0%BE%D1%80%D0%BE%D0%B4-%D1%81%D0%BE%D0%B1%D0%B0%D0%BA-%D0%BF%D0%BE%D1%80%D0%BE%D0%B4%D1%8B-%D0%BF%D0%B5%D1%80%D0%B5%D0%B4-%D0%B1%D0%B5%D0%BB%D1%8B%D0%B5-backgroundonly-209415509.jpg,0089.jpg,F:\NTSE\lab01\dataset\dog\0089.jpg,../lab01/dataset/dog/0089.jpg,dog
2026-10-05T20:20:13+03:00,https://resizer.mail.ru/p/a7f4efd1-ca54-507e-ab31-d41326630509/AQAOyPiBpA1r5_S9adS7aCN3g1H92RLoSbB6pHHQExvtJnLz6LgAwUK083HDryKlsrPG70OR06HNepIRkvdVxtBPMvE.jpg,0090.jpg,F:\NTSE\lab01\dataset\dog\0090.jpg,../lab01/dataset/dog/0090.jpg,dog
2026-10-05T20:20:16+03:00,https://www.cocopet.jp/journal/wp-content/uploads/2023/03/001.jpg,0091.jpg,F:\NTSE\lab01\dataset\dog\0091.jpg,../lab01/dataset/dog/0091.jpg,dog
2026-10-05T20:20:17+03:00,https://i.pinimg.com/736x/65/e6/5b/65e65b9eb078d3946241495f1f580318.jpg,0092.jpg,F:\NTSE\lab01\dataset\dog\0092.jpg,../lab01/dataset/dog/0092.jpg,dog
2026-10-05T20:20:19+03:00,https://static.life.ru/publications/2023/2/16/874149897912.848-2400x.jpeg,0093.jpg,F:\NTSE\lab01\dataset\dog\0093.jpg,../lab01/dataset/dog/0093.jpg,dog
2026-10-05T20:20:20+03:00,https://www.kopekcinsi.com/wp-content/uploads/2026/06/Kapsamli-Kopek-Cinsleri-Rehberi.jpg,0094.jpg,F:\NTSE\lab01\dataset\dog\0094.jpg,../lab01/dataset/dog/0094.jpg,dog
2026-10-05T20:20:22+03:00,https://get.pxhere.com/photo/puppy-dog-mammal-vertebrate-labrador-retriever-labrador-dog-breed-retriever-labradorka-dog-like-mammal-carnivoran-719129.jpg,0095.jpg,F:\NTSE\lab01\dataset\dog\0095.jpg,../lab01/dataset/dog/0095.jpg,dog
2026-10-05T20:20:23+03:00,https://i.ytimg.com/vi/B0d-dDM-wyE/maxresdefault.jpg?sqp=-oaymwEmCIAKENAF8quKqQMa8AEB-AHUBoAC4AOKAgwIABABGGUgXShIMA8=&rs=AOn4CLAZTuJwo_SzhCXTWa3GzcNhap2x1g,0096.jpg,F:\NTSE\lab01\dataset\dog\0096.jpg,../lab01/dataset/dog/0096.jpg,dog
2026-10-05T20:20:24+03:00,https://c8.alamy.com/comp/M6Y0KC/blond-dog-on-his-back-M6Y0KC.jpg,0097.jpg,F:\NTSE\lab01\dataset\dog\0097.jpg,../lab01/dataset/dog/0097.jpg,dog
2026-10-05T20:20:32+03:00,https://pixel-shot.fsn1.your-objectstorage.com/p/b9/40/cute-labrador-dog-on-gray-carpet-closeup-i-2167961-0-showcase.webp,0098.jpg,F:\NTSE\lab01\dataset\dog\0098.jpg,../lab01/dataset/dog/0098.jpg,dog
2026-10-05T20:20:34+03:00,https://static1.bigstockphoto.com/3/5/6/large1500/6531276.jpg,0099.jpg,F:\NTSE\lab01\dataset\dog\0099.jpg,../lab01/dataset/dog/0099.jpg,dog
2026-10-05T20:20:35+03:00,https://i.pinimg.com/originals/20/aa/da/20aadae0a2603dc98372ce590597dcb6.jpg,0100.jpg,F:\NTSE\lab01\dataset\dog\0100.jpg,../lab01/dataset/dog/0100.jpg,dog
2026-10-05T20:20:36+03:00,https://www.pupvine.com/wp-content/uploads/2021/03/young-mix-dog-1536x1025.jpg,0101.jpg,F:\NTSE\lab01\dataset\dog\0101.jpg,../lab01/dataset/dog/0101.jpg,dog
2026-10-05T20:20:38+03:00,https://static.seekingalpha.com/cdn/s3/uploads/getty_images/1037513942/image_1037513942.jpg?io=getty-c-w1280,0102.jpg,F:\NTSE\lab01\dataset\dog\0102.jpg,../lab01/dataset/dog/0102.jpg,dog
2026-10-05T20:20:39+03:00,https://i.pinimg.com/originals/4c/f7/ba/4cf7ba126ed2b49e8e8353684b4efa4e.jpg?nii=t,0103.jpg,F:\NTSE\lab01\dataset\dog\0103.jpg,../lab01/dataset/dog/0103.jpg,dog
2026-10-05T20:20:41+03:00,https://www.clipartkey.com/mpngs/m/115-1150700_labrador-retriever-png-high-quality-image-labrador-funny.png,0104.jpg,F:\NTSE\lab01\dataset\dog\0104.jpg,../lab01/dataset/dog/0104.jpg,dog
2026-10-05T20:20:44+03:00,https://pet-health-content-media.chewy.com/wp-content/uploads/2025/09/04005717/hound-dogs-dachshund.jpg,0105.jpg,F:\NTSE\lab01\dataset\dog\0105.jpg,../lab01/dataset/dog/0105.jpg,dog
2026-10-05T20:22:22+03:00,https://c8.alamy.com/comp/2R7F5EG/great-dane-dog-with-beautiful-color-photoshoot-in-studio-2R7F5EG.jpg,0106.jpg,F:\NTSE\lab01\dataset\dog\0106.jpg,../lab01/dataset/dog/0106.jpg,dog
2026-10-05T20:22:24+03:00,https://www.k9web.com/wp-content/uploads/2020/08/american-golden-retriever.jpg,0107.jpg,F:\NTSE\lab01\dataset\dog\0107.jpg,../lab01/dataset/dog/0107.jpg,dog
2026-10-05T20:22:25+03:00,https://i.ytimg.com/vi/vj5tODfLw0k/maxresdefault.jpg,0108.jpg,F:\NTSE\lab01\dataset\dog\0108.jpg,../lab01/dataset/dog/0108.jpg,dog
2026-10-05T20:22:26+03:00,https://thumbs.dreamstime.com/z/cute-black-labrador-puppy-cute-black-labrador-puppy-white-background-sad-little-dog-144996205.jpg,0109.jpg,F:\NTSE\lab01\dataset\dog\0109.jpg,../lab01/dataset/dog/0109.jpg,dog
2026-10-05T20:22:28+03:00,https://nypost.com/wp-content/uploads/sites/2/2024/01/iStock-469360172.jpg,0110.jpg,F:\NTSE\lab01\dataset\dog\0110.jpg,../lab01/dataset/dog/0110.jpg,dog
2026-10-05T20:22:29+03:00,https://cdn.britannica.com/41/233841-050-4FFECCF1/Pomeranian-dog.jpg,0111.jpg,F:\NTSE\lab01\dataset\dog\0111.jpg,../lab01/dataset/dog/0111.jpg,dog
2026-10-05T20:22:31+03:00,https://imgix.bustle.com/uploads/shutterstock/2020/5/22/9510be36-7ca6-4570-b38c-c95c9b517f30-shutterstock-1082450813.jpg?w=1200&h=630&fit=crop&crop=faces&fm=jpg,0112.jpg,F:\NTSE\lab01\dataset\dog\0112.jpg,../lab01/dataset/dog/0112.jpg,dog
2026-10-05T20:22:33+03:00,https://www.petzooie.com/assets/user_files/image-20240817230742-2.png,0113.jpg,F:\NTSE\lab01\dataset\dog\0113.jpg,../lab01/dataset/dog/0113.jpg,dog
2026-10-05T20:22:34+03:00,https://i.pinimg.com/originals/3c/a3/b7/3ca3b7a4bcb417b99c2ccfeb325c4bb1.png,0114.jpg,F:\NTSE\lab01\dataset\dog\0114.jpg,../lab01/dataset/dog/0114.jpg,dog
2026-10-05T20:22:36+03:00,https://images.prismic.io/wisdom/eab013be-f688-4778-8d82-6c4ed6872986_AdobeStock_200397486.jpeg,0115.jpg,F:\NTSE\lab01\dataset\dog\0115.jpg,../lab01/dataset/dog/0115.jpg,dog
2026-10-05T20:22:37+03:00,https://i.ytimg.com/vi/EOgUIesEXuU/maxresdefault.jpg,0116.jpg,F:\NTSE\lab01\dataset\dog\0116.jpg,../lab01/dataset/dog/0116.jpg,dog
2026-10-05T20:22:39+03:00,https://s.yimg.com/ny/api/res/1.2/FeJY4clv3X0DtOOTHzwfpA--/YXBwaWQ9aGlnaGxhbmRlcjt3PTEyMDA7aD03OTk7Y2Y9d2VicA--/https://media.zenfs.com/en-US/homerun/good_housekeeping_561/20e03dbfbbaf54e0ea12ba9644f705a5,0117.jpg,F:\NTSE\lab01\dataset\dog\0117.jpg,../lab01/dataset/dog/0117.jpg,dog
2026-10-05T20:22:40+03:00,https://i.ytimg.com/vi/KLbciiDaReQ/maxresdefault.jpg,0118.jpg,F:\NTSE\lab01\dataset\dog\0118.jpg,../lab01/dataset/dog/0118.jpg,dog
2026-10-05T20:22:41+03:00,https://static1.bigstockphoto.com/3/4/3/large1500/343471399.jpg,0119.jpg,F:\NTSE\lab01\dataset\dog\0119.jpg,../lab01/dataset/dog/0119.jpg,dog
2026-10-05T20:22:42+03:00,https://i.pinimg.com/originals/b9/f6/e0/b9f6e091901c45d65f19b2280f0159a2.jpg,0120.jpg,F:\NTSE\lab01\dataset\dog\0120.jpg,../lab01/dataset/dog/0120.jpg,dog
2026-10-05T20:22:44+03:00,https://images.t-online.de/2025/11/e4BRMAy-y3us/0x209:4000x2250/fit-in/1920x0/image.jpg,0121.jpg,F:\NTSE\lab01\dataset\dog\0121.jpg,../lab01/dataset/dog/0121.jpg,dog
2026-10-05T20:22:46+03:00,https://previews.123rf.com/images/ksuksa/ksuksa2001/ksuksa200100381/137337739-happy-mixed-breed-dog-running-in-a-collar-with-gps-tracker.jpg,0122.jpg,F:\NTSE\lab01\dataset\dog\0122.jpg,../lab01/dataset/dog/0122.jpg,dog
2026-10-05T20:22:47+03:00,https://a-z-animals.com/media/2023/05/shutterstock-2294950559-huge-licensed-scaled.jpg,0123.jpg,F:\NTSE\lab01\dataset\dog\0123.jpg,../lab01/dataset/dog/0123.jpg,dog
2026-10-05T20:24:08+03:00,https://c8.alamy.com/comp/HGC5D7/cute-bordeaux-dogue-portrait-facing-the-camera-on-a-white-background-HGC5D7.jpg,0124.jpg,F:\NTSE\lab01\dataset\dog\0124.jpg,../lab01/dataset/dog/0124.jpg,dog
2026-10-05T20:24:13+03:00,https://i.pinimg.com/originals/62/dd/6e/62dd6e26e5c022cfdbff966d74392676.jpg?nii=t,0125.jpg,F:\NTSE\lab01\dataset\dog\0125.jpg,../lab01/dataset/dog/0125.jpg,dog
2026-10-05T20:24:15+03:00,https://media.istockphoto.com/id/104254988/ru/%D1%84%D0%BE%D1%82%D0%BE/%D0%B7%D0%B0%D0%B4%D0%BD%D0%B8%D0%B9-%D0%B2%D0%B8%D0%B4-%D0%BD%D0%B0-%D0%B0%D0%BD%D0%B3%D0%BB%D0%B8%D0%B9%D1%81%D0%BA%D0%B8%D0%B9-%D0%B1%D1%83%D0%BB%D1%8C%D0%B4%D0%BE%D0%B3-%D1%81%D0%B8%D0%B4%D0%B5%D1%82%D1%8C-%D0%B8-%D1%81%D0%BC%D0%BE%D1%82%D1%80%D0%B5%D1%82%D1%8C-%D0%BD%D0%B0-%D1%81%D0%BF%D0%B8%D0%BD%D0%B5.jpg?s=1024x1024&w=is&k=20&c=8QQWyk4ulYu2j6VHI3jrMVQkAfR7sfm4AC5tQfCqk5c=,0126.jpg,F:\NTSE\lab01\dataset\dog\0126.jpg,../lab01/dataset/dog/0126.jpg,dog
2026-10-05T20:24:16+03:00,https://i.ytimg.com/vi/isPxdi34P9w/maxresdefault.jpg,0127.jpg,F:\NTSE\lab01\dataset\dog\0127.jpg,../lab01/dataset/dog/0127.jpg,dog
2026-10-05T20:24:21+03:00,https://yac-wh-sb-prod-s3-media-04001.storage.yandexcloud.net/db_connection/1/layer_item/1/articles/6305/wysiwig-img/222710104_m_normal_none.webp,0128.jpg,F:\NTSE\lab01\dataset\dog\0128.jpg,../lab01/dataset/dog/0128.jpg,dog
2026-10-05T20:24:29+03:00,https://resources.arcamax.com/newspics/244/24462/2446264.jpg,0129.jpg,F:\NTSE\lab01\dataset\dog\0129.jpg,../lab01/dataset/dog/0129.jpg,dog
2026-10-05T20:24:31+03:00,https://s.hdnux.com/photos/01/23/15/34/21812993/4/rawImage.jpg,0130.jpg,F:\NTSE\lab01\dataset\dog\0130.jpg,../lab01/dataset/dog/0130.jpg,dog
2026-10-05T20:24:33+03:00,https://highlandcanine.com/wp-content/uploads/2021/03/pomeranian-running-and-happy.jpg,0131.jpg,F:\NTSE\lab01\dataset\dog\0131.jpg,../lab01/dataset/dog/0131.jpg,dog
2026-10-05T20:24:34+03:00,https://i.ytimg.com/vi/ubn4ALtvirc/maxresdefault.jpg,0132.jpg,F:\NTSE\lab01\dataset\dog\0132.jpg,../lab01/dataset/dog/0132.jpg,dog
2026-10-05T20:24:38+03:00,https://thumbs.dreamstime.com/z/crossbreed-dog-sitting-looking-intimidated-isolated-white-37142084.jpg,0133.jpg,F:\NTSE\lab01\dataset\dog\0133.jpg,../lab01/dataset/dog/0133.jpg,dog
2026-10-05T20:24:39+03:00,https://i.ytimg.com/vi/PrlGLZ5gtvk/maxresdefault.jpg?sqp=-oaymwEmCIAKENAF8quKqQMa8AEB-AH-CYAC0AWKAgwIABABGHIgWyhCMA8=&rs=AOn4CLDDhacyFfGI5xfy6hKlthME1WSX4w,0134.jpg,F:\NTSE\lab01\dataset\dog\0134.jpg,../lab01/dataset/dog/0134.jpg,dog
2026-10-05T20:24:41+03:00,https://www.nassica.es/sites/default/files/2024-09/_ADAPTAR%20IMAGENES%20CUADRADAS_SS%20de%20los%20Reyes%20The%20Style%20Outlets_MOBILE%20%28CARROUSEL%20%20WHAT_S%29%20-%201080x1080_Spanish%20%281%29.png,0135.jpg,F:\NTSE\lab01\dataset\dog\0135.jpg,../lab01/dataset/dog/0135.jpg,dog
2026-10-05T20:24:42+03:00,https://i.ytimg.com/vi/_aX3XZpatYM/maxresdefault.jpg,0136.jpg,F:\NTSE\lab01\dataset\dog\0136.jpg,../lab01/dataset/dog/0136.jpg,dog
2026-10-05T20:24:44+03:00,https://www.eleveurs-online.com/storage/406/conversions/299.1000-optimized.jpg,0137.jpg,F:\NTSE\lab01\dataset\dog\0137.jpg,../lab01/dataset/dog/0137.jpg,dog
2026-10-05T20:24:45+03:00,https://cdn.prod.website-files.com/60eece3229f951ea48ce43b4/673618b0d2b21fa56cc32c7a_how-to-get-dog-pee-smell-out-of-carpet.webp,0138.jpg,F:\NTSE\lab01\dataset\dog\0138.jpg,../lab01/dataset/dog/0138.jpg,dog
2026-10-05T20:24:47+03:00,https://www.shutterstock.com/shutterstock/photos/2254702873/display_1500/stock-photo-a-beagle-dog-looking-up-with-paws-hanging-over-white-table-isolated-on-white-background-copy-2254702873.jpg,0139.jpg,F:\NTSE\lab01\dataset\dog\0139.jpg,../lab01/dataset/dog/0139.jpg,dog
2026-10-05T20:24:48+03:00,https://thumbs.dreamstime.com/z/dogue-de-bordeaux-20-months-old-standing-18990812.jpg,0140.jpg,F:\NTSE\lab01\dataset\dog\0140.jpg,../lab01/dataset/dog/0140.jpg,dog
2026-10-05T20:26:08+03:00,https://www.shutterstock.com/shutterstock/photos/2278967769/display_1500/stock-photo-the-dog-is-waving-its-paw-red-marble-on-a-blue-background-in-studio-2278967769.jpg,0141.jpg,F:\NTSE\lab01\dataset\dog\0141.jpg,../lab01/dataset/dog/0141.jpg,dog
2026-10-05T20:26:09+03:00,https://thumbs.dreamstime.com/z/black-great-dane-white-isolated-background-42178624.jpg,0142.jpg,F:\NTSE\lab01\dataset\dog\0142.jpg,../lab01/dataset/dog/0142.jpg,dog
2026-10-05T20:26:11+03:00,https://thumbs.dreamstime.com/z/welsh-corgi-breed-dog-sitting-white-background-adult-full-growth-154869998.jpg,0143.jpg,F:\NTSE\lab01\dataset\dog\0143.jpg,../lab01/dataset/dog/0143.jpg,dog
2026-10-05T20:26:13+03:00,https://img-cdn.herbeauty.co/wp-content/uploads/2021/02/10-samyh-milyh-porod-malenkih-porod-2.jpg,0144.jpg,F:\NTSE\lab01\dataset\dog\0144.jpg,../lab01/dataset/dog/0144.jpg,dog
2026-10-05T20:26:21+03:00,https://consumer-cms.petfinder.com/sites/default/files/images/content/English%20Bulldog%203.jpg,0145.jpg,F:\NTSE\lab01\dataset\dog\0145.jpg,../lab01/dataset/dog/0145.jpg,dog
2026-10-05T20:26:22+03:00,https://thumbs.dreamstime.com/z/%D0%B1%D0%B5%D0%BB%D0%B8%D0%B7%D0%BD%D0%B0-beagle-%D0%BF%D1%80%D0%B5%D0%B4%D0%BF%D0%BE%D1%81%D1%8B%D0%BB%D0%BA%D0%B8-%D0%B8%D0%B7%D0%BE%D0%BB%D0%B8%D1%80%D0%BE%D0%B2%D0%B0%D0%BD%D0%BD%D0%B0%D1%8F-%D1%81%D0%BE%D0%B1%D0%B0%D0%BA%D0%BE%D0%B9-103538194.jpg,0146.jpg,F:\NTSE\lab01\dataset\dog\0146.jpg,../lab01/dataset/dog/0146.jpg,dog
2026-10-05T20:26:23+03:00,https://www.caninejournal.com/wp-content/uploads/2025/08/beagle-dog-sniffs-the-ground-while-walking-with-owner-in-dog-park-summer-dog-looking-for-something-in-the-grass-dog-training-stockpack-adobe-stock-scaled.jpg,0147.jpg,F:\NTSE\lab01\dataset\dog\0147.jpg,../lab01/dataset/dog/0147.jpg,dog
2026-10-05T20:26:24+03:00,https://i.ytimg.com/vi/rsX-HDry8b4/maxresdefault.jpg,0148.jpg,F:\NTSE\lab01\dataset\dog\0148.jpg,../lab01/dataset/dog/0148.jpg,dog
2026-10-05T20:26:25+03:00,https://c8.alamy.com/comp/2HGFP6K/funny-dog-winks-and-smiles-on-the-green-grass-in-the-park-happiness-concept-2HGFP6K.jpg,0149.jpg,F:\NTSE\lab01\dataset\dog\0149.jpg,../lab01/dataset/dog/0149.jpg,dog
2026-10-05T20:26:27+03:00,https://dogbreedpro.com/wp-content/uploads/2025/06/5092f1bc-ae72-4a1c-9d68-303b074ccb70-1536x1022.jpg,0150.jpg,F:\NTSE\lab01\dataset\dog\0150.jpg,../lab01/dataset/dog/0150.jpg,dog
2026-10-05T20:26:28+03:00,https://i.ytimg.com/vi/ju2S6F7z6Vc/maxresdefault.jpg,0151.jpg,F:\NTSE\lab01\dataset\dog\0151.jpg,../lab01/dataset/dog/0151.jpg,dog
2026-10-05T20:29:08+03:00,https://storage.yandexcloud.net/yac-wh-sb-prod-s3-media-03005/uploads/breed/25.07/lab5-min.webp,0152.jpg,F:\NTSE\lab01\dataset\dog\0152.jpg,../lab01/dataset/dog/0152.jpg,dog
2026-10-05T20:29:09+03:00,https://i.ytimg.com/vi/K-K3ah7v4c8/maxresdefault.jpg,0153.jpg,F:\NTSE\lab01\dataset\dog\0153.jpg,../lab01/dataset/dog/0153.jpg,dog
2026-10-05T20:29:10+03:00,https://www.shutterstock.com/shutterstock/photos/1757922455/display_1500/stock-photo-happy-smiling-running-beagle-dog-portrait-with-tongue-out-and-owner-female-jogging-by-the-mounting-1757922455.jpg,0154.jpg,F:\NTSE\lab01\dataset\dog\0154.jpg,../lab01/dataset/dog/0154.jpg,dog
2026-10-05T20:29:12+03:00,https://images.ctfassets.net/m5ehn3s5t7ec/wp-image-202361/840a2491442544d34a1e1aae4226cf62/Perro_de_Presa_Canario.jpeg,0155.jpg,F:\NTSE\lab01\dataset\dog\0155.jpg,../lab01/dataset/dog/0155.jpg,dog
2026-10-05T20:29:13+03:00,https://m.media-amazon.com/images/I/81zi113YTtL._AC_SL1500_.jpg,0156.jpg,F:\NTSE\lab01\dataset\dog\0156.jpg,../lab01/dataset/dog/0156.jpg,dog
2026-10-05T20:29:15+03:00,https://resizer.mail.ru/p/907359c2-d664-5404-a447-0d5646c1e392/AQAONeWNYceM6s11m2KP5E0ZSLqopHZGyWNG8HgoNiSut5Pw0tS68Ny-SKblIjYPPyIojVSAVYo2qISxgbJ0tZDQ6NE.jpg,0157.jpg,F:\NTSE\lab01\dataset\dog\0157.jpg,../lab01/dataset/dog/0157.jpg,dog
2026-10-05T20:30:35+03:00,https://www.yourtango.com/sites/default/files/image_blog/2025-07/sweet-things-dog-only-does-feel-happy-safe-with-you-always-sleepy.png,0158.jpg,F:\NTSE\lab01\dataset\dog\0158.jpg,../lab01/dataset/dog/0158.jpg,dog
2026-10-05T20:31:56+03:00,https://www.pupvine.com/wp-content/uploads/2022/10/Two-dogo-argentino-sitting-on-grass.jpg,0159.jpg,F:\NTSE\lab01\dataset\dog\0159.jpg,../lab01/dataset/dog/0159.jpg,dog
2026-10-05T20:31:57+03:00,https://www.shutterstock.com/shutterstock/photos/123213712/display_1500/stock-photo-rough-collie-dog-on-a-white-background-123213712.jpg,0160.jpg,F:\NTSE\lab01\dataset\dog\0160.jpg,../lab01/dataset/dog/0160.jpg,dog
2026-10-05T20:31:59+03:00,https://nypost.com/wp-content/uploads/sites/2/2023/05/spoiled-dogs_-7.jpg,0161.jpg,F:\NTSE\lab01\dataset\dog\0161.jpg,../lab01/dataset/dog/0161.jpg,dog
2026-10-05T20:32:00+03:00,https://i.dailymail.co.uk/1s/2024/10/24/13/91234405-0-image-a-180_1729771502701.jpg,0162.jpg,F:\NTSE\lab01\dataset\dog\0162.jpg,../lab01/dataset/dog/0162.jpg,dog
2026-10-05T20:32:01+03:00,https://i.ytimg.com/vi/9VkiGLj9CWo/maxresdefault.jpg?sqp=-oaymwEmCIAKENAF8quKqQMa8AEB-AH-CYAC0AWKAgwIABABGFIgZSg1MA8=&rs=AOn4CLCt-SGIJo8mU--Fh9f2oXZ6PY1Vkw,0163.jpg,F:\NTSE\lab01\dataset\dog\0163.jpg,../lab01/dataset/dog/0163.jpg,dog
2026-10-05T20:32:02+03:00,https://i.pinimg.com/originals/59/18/0a/59180aceeeb8c7ce627d5bf06e7310c8.jpg,0164.jpg,F:\NTSE\lab01\dataset\dog\0164.jpg,../lab01/dataset/dog/0164.jpg,dog
2026-10-05T20:32:04+03:00,https://i.pinimg.com/originals/22/0f/a1/220fa1f7c13ea1a6282c413f9d1b1e97.jpg,0165.jpg,F:\NTSE\lab01\dataset\dog\0165.jpg,../lab01/dataset/dog/0165.jpg,dog
2026-10-05T20:33:33+03:00,https://as1.ftcdn.net/jpg/01/73/80/10/1000_F_173801028_FPC7eUVcsuut23BUZImJIv4f19xfg6Xl.jpg,0166.jpg,F:\NTSE\lab01\dataset\dog\0166.jpg,../lab01/dataset/dog/0166.jpg,dog
2026-10-05T20:33:35+03:00,https://cdn.whole-dog-journal.com/wp-content/uploads/2022/11/GettyImages-1307584215.jpg.optimal.jpg,0167.jpg,F:\NTSE\lab01\dataset\dog\0167.jpg,../lab01/dataset/dog/0167.jpg,dog
2026-10-05T20:33:41+03:00,https://n1s2.hsmedia.ru/61/fa/93/61fa93a9ce0e1fd2e8f421739c8e1810/2025x1480_0xac120003_13837943101634588625.jpeg,0168.jpg,F:\NTSE\lab01\dataset\dog\0168.jpg,../lab01/dataset/dog/0168.jpg,dog
2026-10-05T20:33:42+03:00,https://www.superbdog.com/wp-content/uploads/2022/01/why-is-my-dog-stretching-a-lot.jpg,0169.jpg,F:\NTSE\lab01\dataset\dog\0169.jpg,../lab01/dataset/dog/0169.jpg,dog
2026-10-05T20:33:44+03:00,https://www.shutterstock.com/shutterstock/photos/2192778113/display_1500/stock-photo-proffile-three-dogs-looking-away-in-a-row-isolated-on-white-or-gray-background-2192778113.jpg,0170.jpg,F:\NTSE\lab01\dataset\dog\0170.jpg,../lab01/dataset/dog/0170.jpg,dog
2026-10-05T20:33:45+03:00,https://i.ytimg.com/vi/T0jjLZaCCJU/maxresdefault.jpg,0171.jpg,F:\NTSE\lab01\dataset\dog\0171.jpg,../lab01/dataset/dog/0171.jpg,dog
2026-10-05T20:33:47+03:00,https://images.pexels.com/photos/4256763/pexels-photo-4256763.jpeg?cs=srgb&dl=pexels-helenalopes-4256763.jpg&fm=jpg,0172.jpg,F:\NTSE\lab01\dataset\dog\0172.jpg,../lab01/dataset/dog/0172.jpg,dog
2026-10-05T20:33:47+03:00,https://i.pinimg.com/originals/e7/60/85/e76085f792ffe5ebd7aaf7aab9677f39.jpg?nii=t,0173.jpg,F:\NTSE\lab01\dataset\dog\0173.jpg,../lab01/dataset/dog/0173.jpg,dog
2026-10-05T20:34:05+03:00,https://static.tildacdn.com/tild6364-3065-4264-a530-613461396162/Panorama_-33.png,0174.jpg,F:\NTSE\lab01\dataset\dog\0174.jpg,../lab01/dataset/dog/0174.jpg,dog
2026-10-05T20:34:06+03:00,https://i.pinimg.com/originals/89/f0/ca/89f0ca80f120f6b13d0608ae69ae83ac.jpg,0175.jpg,F:\NTSE\lab01\dataset\dog\0175.jpg,../lab01/dataset/dog/0175.jpg,dog
2026-10-05T20:34:08+03:00,https://allbigdogbreeds.com/wp-content/gallery/english-setter/English-Setter3.jpg,0176.jpg,F:\NTSE\lab01\dataset\dog\0176.jpg,../lab01/dataset/dog/0176.jpg,dog
2026-10-05T20:34:09+03:00,https://www.fzmb.de/wp-content/uploads/2022/11/HomeSlider_hund-2048x780.jpg,0177.jpg,F:\NTSE\lab01\dataset\dog\0177.jpg,../lab01/dataset/dog/0177.jpg,dog
2026-10-05T20:34:10+03:00,https://i.ytimg.com/vi/DFYPrdGGfGI/maxresdefault.jpg,0178.jpg,F:\NTSE\lab01\dataset\dog\0178.jpg,../lab01/dataset/dog/0178.jpg,dog
2026-10-05T20:34:11+03:00,https://i.pinimg.com/originals/5e/3e/b8/5e3eb805750ef3604e5d982a83f35482.jpg,0179.jpg,F:\NTSE\lab01\dataset\dog\0179.jpg,../lab01/dataset/dog/0179.jpg,dog
2026-10-05T20:34:12+03:00,https://i.ytimg.com/vi/nqZYMedWbhs/maxresdefault.jpg,0180.jpg,F:\NTSE\lab01\dataset\dog\0180.jpg,../lab01/dataset/dog/0180.jpg,dog
2026-10-05T20:34:19+03:00,https://www.greencrossvets.com.au/wp-content/uploads/2025/06/Website-slider_1545x870px.png,0181.jpg,F:\NTSE\lab01\dataset\dog\0181.jpg,../lab01/dataset/dog/0181.jpg,dog
2026-10-05T20:34:20+03:00,https://static3.bigstockphoto.com/7/1/8/large1500/81716345.jpg,0182.jpg,F:\NTSE\lab01\dataset\dog\0182.jpg,../lab01/dataset/dog/0182.jpg,dog
2026-10-05T20:34:22+03:00,https://static.seekingalpha.com/cdn/s3/uploads/getty_images/513133900/image_513133900.jpg?io=getty-c-w1536,0183.jpg,F:\NTSE\lab01\dataset\dog\0183.jpg,../lab01/dataset/dog/0183.jpg,dog
2026-10-05T20:34:24+03:00,https://news.ucr.edu/sites/default/files/2024-04/gettyimages-1362576474.jpg,0184.jpg,F:\NTSE\lab01\dataset\dog\0184.jpg,../lab01/dataset/dog/0184.jpg,dog
2026-10-05T20:35:43+03:00,https://i.ytimg.com/vi/AYujZZXwdYI/maxresdefault.jpg,0185.jpg,F:\NTSE\lab01\dataset\dog\0185.jpg,../lab01/dataset/dog/0185.jpg,dog
2026-10-05T20:35:45+03:00,https://thumbs.dreamstime.com/z/%D0%BF%D0%BE%D1%80%D1%82%D1%80%D0%B5%D1%82-%D1%87%D0%B5%D1%80%D0%BD%D0%BE%D0%B9-%D1%81%D0%BE%D0%B1%D0%B0%D0%BA%D0%B8-%D0%B0%D1%82%D1%87%D0%B0%D0%BD%D0%B8%D0%BD%D0%B0-%D0%B1%D0%BE-%D1%8C%D1%88%D0%BE%D0%B9-46338359.jpg,0186.jpg,F:\NTSE\lab01\dataset\dog\0186.jpg,../lab01/dataset/dog/0186.jpg,dog
2026-10-05T20:35:47+03:00,https://www.vets4pets.com/siteassets/species/dog/two-dogs-running-with-balls.jpg?w=585&scale=down,0187.jpg,F:\NTSE\lab01\dataset\dog\0187.jpg,../lab01/dataset/dog/0187.jpg,dog
2026-10-05T20:35:49+03:00,https://image.pngaaa.com/138/1147138-middle.png,0188.jpg,F:\NTSE\lab01\dataset\dog\0188.jpg,../lab01/dataset/dog/0188.jpg,dog
2026-10-05T20:35:51+03:00,https://s.hdnux.com/photos/01/16/67/07/20672968/4/rawImage.jpg,0189.jpg,F:\NTSE\lab01\dataset\dog\0189.jpg,../lab01/dataset/dog/0189.jpg,dog
2026-10-05T20:35:52+03:00,https://s.yimg.com/lo/mysterio/api/9a69aa6476d2fda0021f2a118a42f1453b6bdc148a5879571c776e40d724eaaf/lightyear_networkapi/resizefill_w1200%3Bquality_80%3Bformat_jpg/https%3A%2F%2Fmedia.zenfs.com%2Fen%2Fpethelpful_915%2F6d29d32041a189112cbb53a48eb35198.jpg,0190.jpg,F:\NTSE\lab01\dataset\dog\0190.jpg,../lab01/dataset/dog/0190.jpg,dog
2026-10-05T20:35:56+03:00,https://blog.adaptil.com/hs-fs/hubfs/shutterstock_1027621630.jpg?width=1806&height=1203&name=shutterstock_1027621630.jpg,0191.jpg,F:\NTSE\lab01\dataset\dog\0191.jpg,../lab01/dataset/dog/0191.jpg,dog
2026-10-05T20:35:58+03:00,https://www.shutterstock.com/shutterstock/photos/1068157736/display_1500/stock-photo-beagle-dog-trained-to-stand-for-a-dog-show-1068157736.jpg,0192.jpg,F:\NTSE\lab01\dataset\dog\0192.jpg,../lab01/dataset/dog/0192.jpg,dog
2026-10-05T20:36:10+03:00,https://paradepets.com/.image/NTowMDAwMDAwMDAwMzczMzkz/golden-retriever-dog-playing-with-human-owner-at-park.jpg?profile=w2560&x=50&y=50,0193.jpg,F:\NTSE\lab01\dataset\dog\0193.jpg,../lab01/dataset/dog/0193.jpg,dog
2026-10-05T20:36:11+03:00,https://static.vecteezy.com/system/resources/previews/048/167/467/non_2x/two-dogs-looking-at-the-camera-free-photo.jpg,0194.jpg,F:\NTSE\lab01\dataset\dog\0194.jpg,../lab01/dataset/dog/0194.jpg,dog
2026-10-05T20:36:13+03:00,https://static1.bigstockphoto.com/0/4/3/large1500/340282900.jpg,0195.jpg,F:\NTSE\lab01\dataset\dog\0195.jpg,../lab01/dataset/dog/0195.jpg,dog
2026-10-05T20:36:14+03:00,https://thumbs.dreamstime.com/z/%D0%B2%D0%BE%D0%B7%D0%B1%D1%83%D0%B6%D0%B4%D0%B5%D0%BD%D0%BD%D0%B0%D1%8F-%D0%BC%D0%B0%D0%BB%D0%B5%D0%BD%D1%8C%D0%BA%D0%B0%D1%8F-%D1%81%D0%BE%D0%B1%D0%B0%D0%BA%D0%B0-%D1%81%D1%82%D0%BE%D0%B8%D1%82-%D1%83%D0%BC%D0%BE%D0%BB%D1%8F%D1%8E%D1%89-%D0%B2%D0%B2%D0%B5%D1%80%D1%85-%D0%BA%D1%80%D0%B0%D1%81%D0%B8%D0%B2%D0%B0%D1%8F-%D1%81%D0%BC%D0%B5%D1%88%D0%B0%D0%BD%D0%BD%D0%B0%D1%8F-174723483.jpg,0196.jpg,F:\NTSE\lab01\dataset\dog\0196.jpg,../lab01/dataset/dog/0196.jpg,dog
2026-10-05T20:36:15+03:00,https://i.insider.com/5ef39ed0988ee332364f541f,0197.jpg,F:\NTSE\lab01\dataset\dog\0197.jpg,../lab01/dataset/dog/0197.jpg,dog
2026-10-05T20:36:17+03:00,https://i2.wp.com/www.thesprucepets.com/thmb/dOvYNVtNIBT9DoXQVUrkxsvKD1s=/4950x0/filters:no_upscale():max_bytes(150000):strip_icc()/Greatdanestandingovertinydog-eef72ab4070748089b3c540b1969f643.jpg,0198.jpg,F:\NTSE\lab01\dataset\dog\0198.jpg,../lab01/dataset/dog/0198.jpg,dog
2026-10-05T20:36:19+03:00,https://resizer.mail.ru/p/c202cbd9-2e22-54de-8b9e-53d8d8b44f3f/AQAOmfN5ZqE8OaaZPY000Tyq7A1qTtKwg1pAOnvinmNJcYWewL_PjXrLlTJbPm_EEsHQL-5xrJxXtQYyWIDEc8ROTOw.jpg,0199.jpg,F:\NTSE\lab01\dataset\dog\0199.jpg,../lab01/dataset/dog/0199.jpg,dog
2026-10-05T20:36:20+03:00,"https://images.ctfassets.net/rt5zmd3ipxai/2vJ25x3jjNeciQjuUo0Pal/db9a26f99ca3dd28514b085b9a68eb64/NVA_-_MASTER_-_60-40_-_PHARMACY_-_CLINIC_-_Happy_Dog_Next_to_Store_Shelves.jpg?fit=fill&fm=webp&h=480&w=782&q=72,%20https://images.ctfassets.net/rt5zmd3ipxai/2vJ25x3jjNeciQjuUo0Pal/db9a26f99ca3dd28514b085b9a68eb64/NVA_-_MASTER_-_60-40_-_PHARMACY_-_CLINIC_-_Happy_Dog_Next_to_Store_Shelves.jpg?fit=fill&fm=webp&h=960&w=1564&q=72",0200.jpg,F:\NTSE\lab01\dataset\dog\0200.jpg,../lab01/dataset/dog/0200.jpg,dog
2026-10-05T20:36:22+03:00,https://www.hellodanes.com/wp-content/uploads/2021/02/2-2.jpg,0201.jpg,F:\NTSE\lab01\dataset\dog\0201.jpg,../lab01/dataset/dog/0201.jpg,dog
2026-10-05T20:36:23+03:00,https://cdn.britannica.com/07/234207-050-0037B589/English-bulldog-dog.jpg,0202.jpg,F:\NTSE\lab01\dataset\dog\0202.jpg,../lab01/dataset/dog/0202.jpg,dog
2026-10-05T20:36:26+03:00,https://cdn.greenfieldpuppies.com/wp-content/uploads/2018/11/samoyed-puppy-standing-in-grass-with-a-brush-in-its-mouth.jpg,0203.jpg,F:\NTSE\lab01\dataset\dog\0203.jpg,../lab01/dataset/dog/0203.jpg,dog
2026-10-05T20:36:27+03:00,https://thumbs.dreamstime.com/z/%D0%B7%D0%BE%D0%BB%D0%BE%D1%82%D0%BE%D0%B9-%D1%89%D0%B5%D0%BD%D0%BE%D0%BA-retriver-%D0%BD%D0%B0-%D0%B1%D0%B5%D0%BB%D0%BE%D0%B9-%D0%BF%D1%80%D0%B5%D0%B4%D0%BF%D0%BE%D1%81%D1%8B%D0%BB%D0%BA%D0%B5-117122495.jpg,0204.jpg,F:\NTSE\lab01\dataset\dog\0204.jpg,../lab01/dataset/dog/0204.jpg,dog
2026-10-05T20:36:28+03:00,https://newlifedesign94dotcom.wordpress.com/wp-content/uploads/2016/05/great-dane.png,0205.jpg,F:\NTSE\lab01\dataset\dog\0205.jpg,../lab01/dataset/dog/0205.jpg,dog
2026-10-05T20:37:48+03:00,https://i.ytimg.com/vi/oVGentWycu0/maxresdefault.jpg,0206.jpg,F:\NTSE\lab01\dataset\dog\0206.jpg,../lab01/dataset/dog/0206.jpg,dog
2026-10-05T20:37:50+03:00,https://resizer.mail.ru/p/ac0f84be-05f2-5368-8f1a-f3f80589c3d0/AQAOfP_A5xbCVrx1QvJTH21i3NjNzaY69EsyaviE3_NK70RH8pZIf594DDcjRvHConyxTrys7FzVYy1nHRIpwc5vhi4.jpg,0207.jpg,F:\NTSE\lab01\dataset\dog\0207.jpg,../lab01/dataset/dog/0207.jpg,dog
2026-10-05T20:39:14+03:00,https://worldanimalfoundation.org/wp-content/uploads/2025/03/7-Most-Bravest-Dog-Breeds-That-Stand-Their-Ground.jpg,0208.jpg,F:\NTSE\lab01\dataset\dog\0208.jpg,../lab01/dataset/dog/0208.jpg,dog
2026-10-05T20:39:16+03:00,https://www.caninejournal.com/wp-content/uploads/big-group-of-different-dog-breeds-sitting-isolated-on-white-background.jpg,0209.jpg,F:\NTSE\lab01\dataset\dog\0209.jpg,../lab01/dataset/dog/0209.jpg,dog
2026-10-05T20:39:17+03:00,https://pet-health-content-media.chewy.com/wp-content/uploads/2024/09/11180455/202105bichon-frise-3.jpg,0210.jpg,F:\NTSE\lab01\dataset\dog\0210.jpg,../lab01/dataset/dog/0210.jpg,dog
2026-10-05T20:39:19+03:00,https://c8.alamy.com/comp/2R7F5ET/great-dane-dog-with-beautiful-color-photoshoot-in-studio-2R7F5ET.jpg,0211.jpg,F:\NTSE\lab01\dataset\dog\0211.jpg,../lab01/dataset/dog/0211.jpg,dog
2026-10-05T20:39:19+03:00,https://i.ytimg.com/vi/BzAOvPlFBAQ/maxresdefault.jpg,0212.jpg,F:\NTSE\lab01\dataset\dog\0212.jpg,../lab01/dataset/dog/0212.jpg,dog
2026-10-05T20:40:41+03:00,https://yac-wh-sb-prod-s3-media-04001.storage.yandexcloud.net/db_connection/1/layer_item/1/articles/8943/wysiwig-img/%D0%9D%D0%B5%D0%BC%D0%B5%D1%86%D0%BA%D0%B8%D0%B9_%D0%B4%D0%BE%D0%B3.webp,0213.jpg,F:\NTSE\lab01\dataset\dog\0213.jpg,../lab01/dataset/dog/0213.jpg,dog
2026-10-05T20:40:42+03:00,https://i.ytimg.com/vi/GhZnpAm7FF8/maxresdefault.jpg,0214.jpg,F:\NTSE\lab01\dataset\dog\0214.jpg,../lab01/dataset/dog/0214.jpg,dog
2026-10-05T20:40:43+03:00,https://i.ytimg.com/vi/W5J1-9zpwAU/maxresdefault.jpg,0215.jpg,F:\NTSE\lab01\dataset\dog\0215.jpg,../lab01/dataset/dog/0215.jpg,dog
2026-10-05T20:40:45+03:00,https://cdn.greenfieldpuppies.com/wp-content/uploads/2020/07/group-of-dogs-running-across-grass-scaled.jpg,0216.jpg,F:\NTSE\lab01\dataset\dog\0216.jpg,../lab01/dataset/dog/0216.jpg,dog
2026-10-05T20:42:07+03:00,https://static3.bigstockphoto.com/8/4/2/large1500/248577712.jpg,0217.jpg,F:\NTSE\lab01\dataset\dog\0217.jpg,../lab01/dataset/dog/0217.jpg,dog
2026-10-05T20:42:07+03:00,https://i.ytimg.com/vi/71GW9ufwVEQ/maxresdefault.jpg,0218.jpg,F:\NTSE\lab01\dataset\dog\0218.jpg,../lab01/dataset/dog/0218.jpg,dog
2026-10-05T20:43:28+03:00,https://media.pobjeda.me/media/2024/01/09/1704836015-istockphoto-1410966689-2048x2048-i_1280x800.jpg?cacheControl=1704836040,0219.jpg,F:\NTSE\lab01\dataset\dog\0219.jpg,../lab01/dataset/dog/0219.jpg,dog
2026-10-05T20:43:35+03:00,https://consumer-cms.petfinder.com/sites/default/files/images/content/Dogue%20de%20Bordeaux%204.jpg,0220.jpg,F:\NTSE\lab01\dataset\dog\0220.jpg,../lab01/dataset/dog/0220.jpg,dog
2026-10-05T20:43:37+03:00,https://petformance.eu/wp-content/uploads/2024/05/articolo-6.webp,0221.jpg,F:\NTSE\lab01\dataset\dog\0221.jpg,../lab01/dataset/dog/0221.jpg,dog
2026-10-05T20:43:38+03:00,https://cdn.royalcanin-weshare-online.io/hlcTQI0BBKJuub5q4RvU/v3/playful-pet-dog-puppy-running-jumping-in-the-grass-16-9?w=1280&fm=jpg&auto=format%2Ccompress,0222.jpg,F:\NTSE\lab01\dataset\dog\0222.jpg,../lab01/dataset/dog/0222.jpg,dog
2026-10-05T20:43:39+03:00,https://i.ytimg.com/vi/1Sfs3v5Ksww/maxresdefault.jpg,0223.jpg,F:\NTSE\lab01\dataset\dog\0223.jpg,../lab01/dataset/dog/0223.jpg,dog
2026-10-05T20:43:42+03:00,https://performancek9training.com/wp-content/uploads/2022/01/Depositphotos_17378597_L.jpg,0224.jpg,F:\NTSE\lab01\dataset\dog\0224.jpg,../lab01/dataset/dog/0224.jpg,dog
2026-10-05T20:45:02+03:00,https://yac-wh-sb-prod-s3-media-04001.storage.yandexcloud.net/db_connection/1/layer_item/1/articles/5622/wysiwig-img/77906170_m_normal_none.webp,0225.jpg,F:\NTSE\lab01\dataset\dog\0225.jpg,../lab01/dataset/dog/0225.jpg,dog
2026-10-05T20:45:04+03:00,https://www.shutterstock.com/shutterstock/photos/531343426/display_1500/stock-photo-website-banner-of-a-happy-dog-puppy-as-lying-in-the-grass-531343426.jpg,0226.jpg,F:\NTSE\lab01\dataset\dog\0226.jpg,../lab01/dataset/dog/0226.jpg,dog
2026-10-05T20:45:06+03:00,https://i2-prod.walesonline.co.uk/article34519510.ece/ALTERNATES/s1200e/0_GettyImages-2162908452.jpg,0227.jpg,F:\NTSE\lab01\dataset\dog\0227.jpg,../lab01/dataset/dog/0227.jpg,dog
2026-10-05T20:45:07+03:00,https://s.yimg.com/lo/mysterio/api/ea9819248564d3642aa5b4fb30381661b5cceb2b85dac773b03eb32b1e9eebb5/lightyear_networkapi/resizefill_w1200%3Bquality_80%3Bformat_jpg/https%3A%2F%2Fmedia.zenfs.com%2Fen%2Fpethelpful_ecomm_277%2F3ab264d79c0e80e6c1647ddcafec4f1f.jpg,0228.jpg,F:\NTSE\lab01\dataset\dog\0228.jpg,../lab01/dataset/dog/0228.jpg,dog
2026-10-05T20:46:02+03:00,https://i.pinimg.com/originals/6b/8d/41/6b8d41a0d150ca8154ec63a303a1c9cd.jpg,0229.jpg,F:\NTSE\lab01\dataset\dog\0229.jpg,../lab01/dataset/dog/0229.jpg,dog
2026-10-05T20:46:05+03:00,https://www.care.com/c/wp-content/uploads/sites/2/2023/09/LaurenGarcia-201928092228179646.jpg,0230.jpg,F:\NTSE\lab01\dataset\dog\0230.jpg,../lab01/dataset/dog/0230.jpg,dog
2026-10-05T20:46:07+03:00,https://habrastorage.org/getpro/habr/upload_files/8a1/e2c/56a/8a1e2c56ada74bb6cb6e6971d243fe95.jpeg,0231.jpg,F:\NTSE\lab01\dataset\dog\0231.jpg,../lab01/dataset/dog/0231.jpg,dog
2026-10-05T20:46:08+03:00,https://www.shutterstock.com/shutterstock/photos/1663711471/display_1500/stock-photo-a-young-golden-retriever-portrait-isolated-on-white-1663711471.jpg,0232.jpg,F:\NTSE\lab01\dataset\dog\0232.jpg,../lab01/dataset/dog/0232.jpg,dog
2026-10-05T20:47:33+03:00,https://as2.ftcdn.net/jpg/01/63/94/05/1000_F_163940528_TMZp7yWmktqz9bpK7fFNYkEoRlp16ztP.jpg,0233.jpg,F:\NTSE\lab01\dataset\dog\0233.jpg,../lab01/dataset/dog/0233.jpg,dog
2026-10-05T20:47:35+03:00,https://tipaw-api-assets.s3.eu-central-1.amazonaws.com/img_uploads/b3b6f0b1-1dc2-4adc-a304-3fc9026fd895___.webp,0234.jpg,F:\NTSE\lab01\dataset\dog\0234.jpg,../lab01/dataset/dog/0234.jpg,dog
2026-10-05T20:47:36+03:00,https://worldanimalfoundation.org/wp-content/uploads/2025/03/Dogo-Argentino-19.webp,0235.jpg,F:\NTSE\lab01\dataset\dog\0235.jpg,../lab01/dataset/dog/0235.jpg,dog
2026-10-05T20:47:45+03:00,https://i.ytimg.com/vi/Pdw9s3jV4AY/maxresdefault.jpg,0236.jpg,F:\NTSE\lab01\dataset\dog\0236.jpg,../lab01/dataset/dog/0236.jpg,dog
2026-10-05T20:47:46+03:00,https://i.ytimg.com/vi/Pr68R_M5FVk/maxresdefault.jpg,0237.jpg,F:\NTSE\lab01\dataset\dog\0237.jpg,../lab01/dataset/dog/0237.jpg,dog
2026-10-05T20:47:48+03:00,https://consumer-cms.petfinder.com/sites/default/files/images/content/Siberian%20Husky%204.jpg,0238.jpg,F:\NTSE\lab01\dataset\dog\0238.jpg,../lab01/dataset/dog/0238.jpg,dog
2026-10-05T20:47:50+03:00,https://i.pinimg.com/originals/97/8c/6a/978c6ace0b4baf8c903850bf9b7358b8.jpg?nii=t,0239.jpg,F:\NTSE\lab01\dataset\dog\0239.jpg,../lab01/dataset/dog/0239.jpg,dog
2026-10-05T20:47:52+03:00,https://www.eddy-shop.de/cdn/shop/articles/Design_ohne_Titel_50_531a42c6-1119-49f7-b9f0-9833c8a8b006.jpg?v=1738521151,0240.jpg,F:\NTSE\lab01\dataset\dog\0240.jpg,../lab01/dataset/dog/0240.jpg,dog
2026-10-05T20:47:54+03:00,https://storables.com/wp-content/uploads/2024/01/how-to-treat-grass-for-fleas-1706254414.jpg,0241.jpg,F:\NTSE\lab01\dataset\dog\0241.jpg,../lab01/dataset/dog/0241.jpg,dog
2026-10-05T20:47:57+03:00,https://www.picng.com/upload/dog/png_dog_1341.png,0242.jpg,F:\NTSE\lab01\dataset\dog\0242.jpg,../lab01/dataset/dog/0242.jpg,dog
2026-10-05T20:48:02+03:00,https://npr.brightspotcdn.com/dims4/default/1677e22/2147483647/strip/true/crop/2000x1125+0+104/resize/1200x675!/quality/90/?url=http%3A%2F%2Fnpr-brightspot.s3.amazonaws.com%2Flegacy%2Fsites%2Fkera%2Ffiles%2F201912%2FAP_19365677048087.jpg,0243.jpg,F:\NTSE\lab01\dataset\dog\0243.jpg,../lab01/dataset/dog/0243.jpg,dog
2026-10-05T20:48:04+03:00,https://i.pinimg.com/originals/ee/b6/97/eeb697b6258fc6d191f692ac093af2d2.jpg,0244.jpg,F:\NTSE\lab01\dataset\dog\0244.jpg,../lab01/dataset/dog/0244.jpg,dog
2026-10-05T20:48:05+03:00,https://a.storyblok.com/f/152976/2121x1414/e85a72ec6f/woman-walking-beagle.jpg/m/fit-in/3072x0/filters:format(jpeg):quality(75),0245.jpg,F:\NTSE\lab01\dataset\dog\0245.jpg,../lab01/dataset/dog/0245.jpg,dog
2026-10-05T20:48:07+03:00,https://static1.bigstockphoto.com/1/0/3/large1500/3018989.jpg,0246.jpg,F:\NTSE\lab01\dataset\dog\0246.jpg,../lab01/dataset/dog/0246.jpg,dog
2026-10-05T20:48:08+03:00,https://d.newsweek.com/en/full/2466921/anatolian-guard-dog.jpg?w=1200&f=39fb5348f9bf031784f94dd33b6b4ec2,0247.jpg,F:\NTSE\lab01\dataset\dog\0247.jpg,../lab01/dataset/dog/0247.jpg,dog
2026-10-05T20:48:10+03:00,https://www.rover.com/blog/wp-content/uploads/dog-eating-chicken-min.jpg,0248.jpg,F:\NTSE\lab01\dataset\dog\0248.jpg,../lab01/dataset/dog/0248.jpg,dog
2026-10-05T20:48:11+03:00,https://www.shutterstock.com/shutterstock/photos/2270274591/display_1500/stock-photo-big-dog-bordeaux-great-dane-running-in-the-snow-2270274591.jpg,0249.jpg,F:\NTSE\lab01\dataset\dog\0249.jpg,../lab01/dataset/dog/0249.jpg,dog
2026-10-05T20:48:13+03:00,https://www.shutterstock.com/shutterstock/photos/627908711/display_1500/stock-photo-jack-russell-terrier-dog-running-and-jumping-isolated-on-white-627908711.jpg,0250.jpg,F:\NTSE\lab01\dataset\dog\0250.jpg,../lab01/dataset/dog/0250.jpg,dog
2026-10-05T20:48:14+03:00,https://media.dog-learn.com/images/australian-stumpy-tail-cattle-dog-sz3.jpg,0251.jpg,F:\NTSE\lab01\dataset\dog\0251.jpg,../lab01/dataset/dog/0251.jpg,dog
2026-10-05T20:48:15+03:00,https://i.pinimg.com/originals/60/a9/2d/60a92d7246181e7ea5639cdf4d180800.webp,0252.jpg,F:\NTSE\lab01\dataset\dog\0252.jpg,../lab01/dataset/dog/0252.jpg,dog
2026-10-05T20:48:17+03:00,https://static.india.com/wp-content/uploads/2021/07/thequint_2016-06_95c0fe20-9faa-40f2-9b41-2771cd0f167f_Stary_Dogs_iStock.jpg,0253.jpg,F:\NTSE\lab01\dataset\dog\0253.jpg,../lab01/dataset/dog/0253.jpg,dog
2026-10-05T20:48:19+03:00,https://images.fineartamerica.com/images/artworkimages/mediumlarge/2/doberman-sitting-on-patch-of-grass-thomas-northcut.jpg,0254.jpg,F:\NTSE\lab01\dataset\dog\0254.jpg,../lab01/dataset/dog/0254.jpg,dog
2026-10-05T20:48:20+03:00,https://s0.rbk.ru/v6_top_pics/media/img/3/91/756752374350913.jpg,0255.jpg,F:\NTSE\lab01\dataset\dog\0255.jpg,../lab01/dataset/dog/0255.jpg,dog
2026-10-05T20:48:26+03:00,https://yac-wh-sb-prod-s3-media-04001.storage.yandexcloud.net/db_connection/1/layer_item/1/articles/5892/wysiwig-img/65809029_m_normal_none.webp,0256.jpg,F:\NTSE\lab01\dataset\dog\0256.jpg,../lab01/dataset/dog/0256.jpg,dog
2026-10-05T20:48:28+03:00,https://www.petfinder.com/static/217429d39b632099f6917e919ebc6269/b558d/Pastoral%20Dog%20Breeds.jpg,0257.jpg,F:\NTSE\lab01\dataset\dog\0257.jpg,../lab01/dataset/dog/0257.jpg,dog
2026-10-05T20:48:30+03:00,https://consumer-cms.petfinder.com/sites/default/files/images/content/Schnauzer%20mini%202.jpg,0258.jpg,F:\NTSE\lab01\dataset\dog\0258.jpg,../lab01/dataset/dog/0258.jpg,dog
2026-10-05T20:48:31+03:00,https://i.pinimg.com/originals/8b/d7/3f/8bd73f3c45e3eec2e0f1dffb50229be4.jpg?nii=t,0259.jpg,F:\NTSE\lab01\dataset\dog\0259.jpg,../lab01/dataset/dog/0259.jpg,dog
2026-10-05T20:48:32+03:00,https://i.ytimg.com/vi/JzqidhMARvw/maxresdefault.jpg,0260.jpg,F:\NTSE\lab01\dataset\dog\0260.jpg,../lab01/dataset/dog/0260.jpg,dog
2026-10-05T20:48:33+03:00,https://c8.alamy.com/comp/2BKAC5X/french-mastiff-in-the-garden-2BKAC5X.jpg,0261.jpg,F:\NTSE\lab01\dataset\dog\0261.jpg,../lab01/dataset/dog/0261.jpg,dog
2026-10-05T20:48:34+03:00,https://i.pinimg.com/736x/e0/1f/4d/e01f4dba8b85d2dc37c97666102ad991.jpg,0262.jpg,F:\NTSE\lab01\dataset\dog\0262.jpg,../lab01/dataset/dog/0262.jpg,dog
2026-10-05T20:48:35+03:00,https://i.ytimg.com/vi/-e05f2-vIwA/maxresdefault.jpg,0263.jpg,F:\NTSE\lab01\dataset\dog\0263.jpg,../lab01/dataset/dog/0263.jpg,dog
2026-10-05T20:49:22+03:00,https://cdn.shopify.com/s/files/1/0616/4666/7908/files/Pomeranian-dog-breed.webp?v=1746164367,0264.jpg,F:\NTSE\lab01\dataset\dog\0264.jpg,../lab01/dataset/dog/0264.jpg,dog
2026-10-05T20:49:24+03:00,https://factchecknet.uz/wp-content/uploads/photo_2023-12-12_17-38-12.jpg,0265.jpg,F:\NTSE\lab01\dataset\dog\0265.jpg,../lab01/dataset/dog/0265.jpg,dog
2026-10-05T20:49:29+03:00,https://i.pinimg.com/originals/3f/4a/ff/3f4aff4bb0a226f20a36c83dd9cb80f8.jpg,0266.jpg,F:\NTSE\lab01\dataset\dog\0266.jpg,../lab01/dataset/dog/0266.jpg,dog
2026-10-05T20:49:31+03:00,https://www.shutterstock.com/shutterstock/photos/600626852/display_1500/stock-photo-studio-shot-of-an-adorable-french-bulldog-lying-on-white-background-600626852.jpg,0267.jpg,F:\NTSE\lab01\dataset\dog\0267.jpg,../lab01/dataset/dog/0267.jpg,dog
2026-10-05T20:49:32+03:00,https://static.vecteezy.com/system/resources/thumbnails/055/111/395/small_2x/happy-dog-giving-a-high-five-isolated-on-white-with-copy-space-area-photo.jpeg,0268.jpg,F:\NTSE\lab01\dataset\dog\0268.jpg,../lab01/dataset/dog/0268.jpg,dog
2026-10-05T20:49:34+03:00,https://www.rover.com/blog/wp-content/uploads/german-shepherd-breed-history.jpg,0269.jpg,F:\NTSE\lab01\dataset\dog\0269.jpg,../lab01/dataset/dog/0269.jpg,dog
2026-10-05T20:49:34+03:00,https://www.rover.com/blog/wp-content/uploads/dog-licking-min.jpg,0270.jpg,F:\NTSE\lab01\dataset\dog\0270.jpg,../lab01/dataset/dog/0270.jpg,dog
2026-10-05T20:49:36+03:00,https://ocdn.eu/pulscms-transforms/1/bq9k9kpTURBXy83M2M2M2QxNzkzM2ZhMDc0ODg0NDcwOWY1YTlkNDMyMi5qcGeRkwLNA6wA3gABoTAF,0271.jpg,F:\NTSE\lab01\dataset\dog\0271.jpg,../lab01/dataset/dog/0271.jpg,dog
2026-10-05T20:49:37+03:00,https://thumbs.dreamstime.com/z/young-doberman-lying-white-background-pinscher-down-front-55550692.jpg,0272.jpg,F:\NTSE\lab01\dataset\dog\0272.jpg,../lab01/dataset/dog/0272.jpg,dog
2026-10-05T20:50:32+03:00,https://u2.9111s.ru/uploads/202302/11/7f2c884561d9a6c5b1c79e430c33baf2.jpg,0273.jpg,F:\NTSE\lab01\dataset\dog\0273.jpg,../lab01/dataset/dog/0273.jpg,dog
2026-10-05T20:50:34+03:00,https://www.cacciapassione.com/wp-content/uploads/2020/02/GraceTheGreyhound.jpg,0274.jpg,F:\NTSE\lab01\dataset\dog\0274.jpg,../lab01/dataset/dog/0274.jpg,dog
2026-10-05T20:50:39+03:00,https://i.pinimg.com/originals/5a/5d/4c/5a5d4c37c51bd1ee761ee72f63da06f7.jpg,0275.jpg,F:\NTSE\lab01\dataset\dog\0275.jpg,../lab01/dataset/dog/0275.jpg,dog
2026-10-05T20:50:41+03:00,https://content.assets.pressassociation.io/2023/09/15164326/2542993d-5ce9-4d35-b7e4-199d7eea8a0f.jpg?w=1280,0276.jpg,F:\NTSE\lab01\dataset\dog\0276.jpg,../lab01/dataset/dog/0276.jpg,dog
2026-10-05T20:50:42+03:00,https://www.shutterstock.com/shutterstock/photos/2435515245/display_1500/stock-photo-portrait-of-a-happy-australian-shepherd-with-different-colored-eyes-lying-on-the-beige-lawn-dog-2435515245.jpg,0277.jpg,F:\NTSE\lab01\dataset\dog\0277.jpg,../lab01/dataset/dog/0277.jpg,dog
2026-10-05T20:50:44+03:00,https://cdn.royalcanin-weshare-online.io/TVcDZI0BBKJuub5qbRzw/v3/black-great-dane-against-a-background-of-greenery-4-3,0278.jpg,F:\NTSE\lab01\dataset\dog\0278.jpg,../lab01/dataset/dog/0278.jpg,dog
2026-10-05T20:50:45+03:00,https://c8.alamy.com/comp/T8JAJD/weimaraner-dog-lying-down-looking-at-the-camera-seen-from-the-side-isolated-on-a-white-background-T8JAJD.jpg,0279.jpg,F:\NTSE\lab01\dataset\dog\0279.jpg,../lab01/dataset/dog/0279.jpg,dog
2026-10-05T20:51:13+03:00,https://img-s-msn-com.akamaized.net/tenant/amp/entityid/AA1UmkdI.img?w=1067&h=800&m=4&q=89,0280.jpg,F:\NTSE\lab01\dataset\dog\0280.jpg,../lab01/dataset/dog/0280.jpg,dog
2026-10-05T20:51:15+03:00,https://s0.rbk.ru/v6_top_pics/media/img/8/92/347272501376928.webp,0281.jpg,F:\NTSE\lab01\dataset\dog\0281.jpg,../lab01/dataset/dog/0281.jpg,dog
2026-10-05T20:51:16+03:00,https://a-z-animals.com/media/2021/04/iStock-1208952256.jpg,0282.jpg,F:\NTSE\lab01\dataset\dog\0282.jpg,../lab01/dataset/dog/0282.jpg,dog
2026-10-05T20:51:18+03:00,https://iheartdogs.com/wp-content/uploads/2024/10/shutterstock_1144417676-scaled-e1728680699580.jpg,0283.jpg,F:\NTSE\lab01\dataset\dog\0283.jpg,../lab01/dataset/dog/0283.jpg,dog
2026-10-05T20:51:18+03:00,https://i.pinimg.com/originals/6b/c4/8b/6bc48b4ae2f1ee89ca31fbe0dbcc8ad0.jpg,0284.jpg,F:\NTSE\lab01\dataset\dog\0284.jpg,../lab01/dataset/dog/0284.jpg,dog
2026-10-05T20:51:20+03:00,https://cdn.nur.kz/images/1120/8e5179f2a6652d70.jpeg,0285.jpg,F:\NTSE\lab01\dataset\dog\0285.jpg,../lab01/dataset/dog/0285.jpg,dog
2026-10-05T20:51:27+03:00,https://i.pinimg.com/originals/32/09/b7/3209b74b294ffc0a373276a7a6ca1212.jpg?nii=t,0286.jpg,F:\NTSE\lab01\dataset\dog\0286.jpg,../lab01/dataset/dog/0286.jpg,dog
2026-10-05T20:51:28+03:00,https://static2.bigstockphoto.com/5/2/1/large1500/125465264.jpg,0287.jpg,F:\NTSE\lab01\dataset\dog\0287.jpg,../lab01/dataset/dog/0287.jpg,dog
2026-10-05T20:51:30+03:00,https://static1.bigstockphoto.com/8/0/1/large1500/1081730.jpg,0288.jpg,F:\NTSE\lab01\dataset\dog\0288.jpg,../lab01/dataset/dog/0288.jpg,dog
2026-10-05T20:51:33+03:00,https://png.pngtree.com/png-clipart/20240226/original/pngtree-whitebackground-isolated-harlequin-dane-sitting-gracefully-mammal-isolated-photo-png-image_14416472.png,0289.jpg,F:\NTSE\lab01\dataset\dog\0289.jpg,../lab01/dataset/dog/0289.jpg,dog
2026-10-05T20:51:34+03:00,https://resizer.mail.ru/p/e24eba8d-b699-599a-b5e0-c910f74c6393/dpr:200/AQAO1vT8GSyOpz3ywHudWDvoeGO0A7KUJNciz1kBYI-uLHHJGkzHwjHJgepQgwOEw-oC91ek5bSOTDFnJv26jHFM9fk.jpg,0290.jpg,F:\NTSE\lab01\dataset\dog\0290.jpg,../lab01/dataset/dog/0290.jpg,dog
2026-10-05T20:51:35+03:00,https://c8.alamy.com/comp/M6Y35X/happy-pet-dogs-playing-on-grass-in-a-park-M6Y35X.jpg,0291.jpg,F:\NTSE\lab01\dataset\dog\0291.jpg,../lab01/dataset/dog/0291.jpg,dog
2026-10-05T20:51:37+03:00,https://cdn.britannica.com/77/123277-050-07C98C15/retriever.jpg,0292.jpg,F:\NTSE\lab01\dataset\dog\0292.jpg,../lab01/dataset/dog/0292.jpg,dog
2026-10-05T20:51:39+03:00,https://www.shutterstock.com/shutterstock/photos/738128902/display_1500/stock-photo-dog-side-view-of-a-great-dane-years-old-in-front-of-white-background-738128902.jpg,0293.jpg,F:\NTSE\lab01\dataset\dog\0293.jpg,../lab01/dataset/dog/0293.jpg,dog
2026-10-05T20:51:40+03:00,https://i.pinimg.com/originals/13/45/6f/13456fcef7a0a8ab6c4f622425dd61d3.jpg,0294.jpg,F:\NTSE\lab01\dataset\dog\0294.jpg,../lab01/dataset/dog/0294.jpg,dog
2026-10-05T20:51:42+03:00,https://www.shutterstock.com/shutterstock/photos/2481111053/display_1500/stock-photo-a-small-puppy-golden-retriever-dog-lies-on-the-back-of-the-head-of-the-mother-of-an-adult-golden-2481111053.jpg,0295.jpg,F:\NTSE\lab01\dataset\dog\0295.jpg,../lab01/dataset/dog/0295.jpg,dog
2026-10-05T20:51:42+03:00,https://i.pinimg.com/originals/04/71/09/047109eb50a1efad298ebdf9cbbe9be2.jpg,0296.jpg,F:\NTSE\lab01\dataset\dog\0296.jpg,../lab01/dataset/dog/0296.jpg,dog
2026-10-05T20:51:44+03:00,https://i2-prod.irishstar.com/incoming/article35653625.ece/ALTERNATES/s1227b/0_GettyImages-1271405030.jpg,0297.jpg,F:\NTSE\lab01\dataset\dog\0297.jpg,../lab01/dataset/dog/0297.jpg,dog
2026-10-05T20:51:45+03:00,https://thumbs.dreamstime.com/z/%D1%81%D0%B5%D1%80%D1%8B%D0%B9-%D1%86%D0%B2%D0%B5%D1%82-%D0%B4%D0%B0%D1%82%D1%87%D0%B0%D0%BD%D0%B8%D0%BD%D0%B0-%D0%B1%D0%BE%D0%BB%D1%8C%D1%88%D0%BE%D0%B9-2672354.jpg,0298.jpg,F:\NTSE\lab01\dataset\dog\0298.jpg,../lab01/dataset/dog/0298.jpg,dog
2026-10-05T20:51:46+03:00,https://images.ctfassets.net/3s5io6mnxfqz/2WcaAqDmHoXEDfcqJzTyxi/a61ff2dcd94c5c0db825f96749735ee9/AdobeStock_305464337_2.jpeg,0299.jpg,F:\NTSE\lab01\dataset\dog\0299.jpg,../lab01/dataset/dog/0299.jpg,dog
2026-10-05T20:51:50+03:00,https://i0.wp.com/media-assets.vanityfair.it/photos/6648bc85a13a19582f7a43cc/1:1/w_3357,0300.jpg,F:\NTSE\lab01\dataset\dog\0300.jpg,../lab01/dataset/dog/0300.jpg,dog
2026-10-05T20:51:51+03:00,https://m4.netinfo.bg/media/images/46770/46770469/r-orig-orig-kuche.jpg,0301.jpg,F:\NTSE\lab01\dataset\dog\0301.jpg,../lab01/dataset/dog/0301.jpg,dog
2026-10-05T20:51:52+03:00,https://worldanimalfoundation.org/wp-content/uploads/2025/03/Kangal-3.webp,0302.jpg,F:\NTSE\lab01\dataset\dog\0302.jpg,../lab01/dataset/dog/0302.jpg,dog
2026-10-05T20:51:53+03:00,https://c8.alamy.com/comp/2HBXH2C/malinois-also-know-as-belgian-shepherd-dog-looking-weird-or-surprise-isolated-on-white-2HBXH2C.jpg,0303.jpg,F:\NTSE\lab01\dataset\dog\0303.jpg,../lab01/dataset/dog/0303.jpg,dog
2026-10-05T20:51:55+03:00,https://tint.creativemarket.com/B1UvniFyhr9ebX7cwDfIbIElid6Bg8BTnA-xCspZId0/width:1820/height:1214/gravity:nowe/rt:fill-down/el:1/preset:cm_watermark_retina/czM6Ly9maWxlcy5jcmVhdGl2ZW1hcmtldC5jb20vaW1hZ2VzL3NjcmVlbnNob3RzL3Byb2R1Y3RzLzc4OS83ODkwLzc4OTA5MzEvcnhpdHF2aHludGxoYW1sNjRrb2xpbW12bHB6MXFqb3llbTE3aGd2d3IwdnVxdHdrYXcweHFyZnVicW53eHY2cC1vLmpwZw,0304.jpg,F:\NTSE\lab01\dataset\dog\0304.jpg,../lab01/dataset/dog/0304.jpg,dog
2026-10-05T20:51:56+03:00,https://thumbs.dreamstime.com/z/%D1%81%D0%B5%D1%80%D0%B4%D0%B8%D1%82%D1%8B%D0%B5-malinois-23250359.jpg,0305.jpg,F:\NTSE\lab01\dataset\dog\0305.jpg,../lab01/dataset/dog/0305.jpg,dog
2026-10-05T20:51:58+03:00,https://thumbs.dreamstime.com/z/front-view-beagle-puppy-lying-hiding-its-face-isolated-white-34776510.jpg,0306.jpg,F:\NTSE\lab01\dataset\dog\0306.jpg,../lab01/dataset/dog/0306.jpg,dog
2026-10-05T20:51:58+03:00,https://i.pinimg.com/originals/a7/4f/4e/a74f4eced7e0a1365d41aece3f703088.jpg,0307.jpg,F:\NTSE\lab01\dataset\dog\0307.jpg,../lab01/dataset/dog/0307.jpg,dog
2026-10-05T20:52:00+03:00,https://www.shutterstock.com/shutterstock/photos/1099425626/display_1500/stock-photo-adorable-portrait-of-golden-retriever-dog-looking-side-isolated-on-black-backgrond-profile-view-1099425626.jpg,0308.jpg,F:\NTSE\lab01\dataset\dog\0308.jpg,../lab01/dataset/dog/0308.jpg,dog
2026-10-05T20:52:01+03:00,https://www.pitpat.com/wp-content/uploads/2020/06/PP_Beagle-1-1-1536x1022.jpg,0309.jpg,F:\NTSE\lab01\dataset\dog\0309.jpg,../lab01/dataset/dog/0309.jpg,dog
2026-10-05T20:52:03+03:00,https://nicholasrossis.me/wp-content/uploads/2020/05/corgi.jpg,0310.jpg,F:\NTSE\lab01\dataset\dog\0310.jpg,../lab01/dataset/dog/0310.jpg,dog
2026-10-05T20:52:03+03:00,https://i.pinimg.com/originals/88/bf/6f/88bf6fe6a01bf29626b38751bcf0e3cd.jpg?nii=t,0311.jpg,F:\NTSE\lab01\dataset\dog\0311.jpg,../lab01/dataset/dog/0311.jpg,dog
2026-10-05T20:52:05+03:00,https://i.pinimg.com/originals/b5/a5/1c/b5a51cd4423f51dfbd872d4ea333be27.jpg,0312.jpg,F:\NTSE\lab01\dataset\dog\0312.jpg,../lab01/dataset/dog/0312.jpg,dog
2026-10-05T20:52:06+03:00,https://s0.rbk.ru/v6_top_pics/media/img/1/74/756752354738741.jpg,0313.jpg,F:\NTSE\lab01\dataset\dog\0313.jpg,../lab01/dataset/dog/0313.jpg,dog
2026-10-05T20:52:08+03:00,https://s.yimg.com/ny/api/res/1.2/JD6bQCmTN2eyb72ff80Sow--/YXBwaWQ9aGlnaGxhbmRlcjt3PTEyMDA7aD03NzY-/https://media.zenfs.com/en/motleyfool.com/6235c958da848e7f0adddf39abc94f72,0314.jpg,F:\NTSE\lab01\dataset\dog\0314.jpg,../lab01/dataset/dog/0314.jpg,dog
2026-10-05T20:52:09+03:00,https://s.yimg.com/ny/api/res/1.2/C7ta2IKInPqfQdFaCf6aGA--/YXBwaWQ9aGlnaGxhbmRlcjt3PTEyMDA7aD04MDA7Y2Y9d2VicA--/https://s.yimg.com/os/creatr-uploaded-images/2024-07/27c5ea10-4820-11ef-b0bc-4c8e09f00838,0315.jpg,F:\NTSE\lab01\dataset\dog\0315.jpg,../lab01/dataset/dog/0315.jpg,dog
2026-10-05T20:52:10+03:00,https://c8.alamy.com/comp/M85J2G/golden-labrador-retriever-dog-sunbathing-at-the-beach-M85J2G.jpg,0316.jpg,F:\NTSE\lab01\dataset\dog\0316.jpg,../lab01/dataset/dog/0316.jpg,dog
2026-10-05T20:52:11+03:00,https://paradepets.com/.image/NTowMDAwMDAwMDAwMzc3NzQ0/bernese-mountain-dog-posing-outside.jpg?profile=share16-9,0317.jpg,F:\NTSE\lab01\dataset\dog\0317.jpg,../lab01/dataset/dog/0317.jpg,dog
2026-10-05T20:52:13+03:00,https://cdn.mos.cms.futurecdn.net/fAb9NCy8H6zxxJAt9asAKk-1920-80.jpg,0318.jpg,F:\NTSE\lab01\dataset\dog\0318.jpg,../lab01/dataset/dog/0318.jpg,dog
2026-10-05T20:52:14+03:00,https://www.rover.com/blog/wp-content/uploads/lonely-dog-min.jpg,0319.jpg,F:\NTSE\lab01\dataset\dog\0319.jpg,../lab01/dataset/dog/0319.jpg,dog
2026-10-05T20:52:16+03:00,https://pet-health-content-media.chewy.com/wp-content/uploads/2025/06/30195246/dog-aggression.jpg,0320.jpg,F:\NTSE\lab01\dataset\dog\0320.jpg,../lab01/dataset/dog/0320.jpg,dog
2026-10-05T20:52:17+03:00,https://i.pinimg.com/originals/66/00/b6/6600b6569fbbd4adfbaf8304440b58aa.jpg,0321.jpg,F:\NTSE\lab01\dataset\dog\0321.jpg,../lab01/dataset/dog/0321.jpg,dog
2026-10-05T20:52:18+03:00,https://worldanimalfoundation.org/wp-content/uploads/2025/03/Dogue-de-Bordeaux-9.webp,0322.jpg,F:\NTSE\lab01\dataset\dog\0322.jpg,../lab01/dataset/dog/0322.jpg,dog
2026-10-05T20:52:19+03:00,https://static.vecteezy.com/system/resources/previews/035/973/304/non_2x/ai-generated-hungarian-hound-dog-vizsla-in-a-field-of-corn-hungarian-hound-pointer-vizsla-dog-in-autumn-time-in-the-field-ai-generated-free-photo.jpg,0323.jpg,F:\NTSE\lab01\dataset\dog\0323.jpg,../lab01/dataset/dog/0323.jpg,dog
2026-10-05T20:52:21+03:00,https://images.pexels.com/photos/34032239/pexels-photo-34032239.jpeg?cs=srgb&dl=pexels-pudinx-34032239.jpg&fm=jpg,0324.jpg,F:\NTSE\lab01\dataset\dog\0324.jpg,../lab01/dataset/dog/0324.jpg,dog
2026-10-05T20:52:23+03:00,https://live.staticflickr.com/1620/25385119144_ceaee5e63b_b.jpg,0325.jpg,F:\NTSE\lab01\dataset\dog\0325.jpg,../lab01/dataset/dog/0325.jpg,dog
2026-10-05T20:52:24+03:00,https://c8.alamy.com/comp/MA991X/portrait-of-a-harlequin-great-dane-dog-outdoors-MA991X.jpg,0326.jpg,F:\NTSE\lab01\dataset\dog\0326.jpg,../lab01/dataset/dog/0326.jpg,dog
2026-10-05T20:52:25+03:00,https://i.ytimg.com/vi/qnCvKG91QU4/maxresdefault.jpg,0327.jpg,F:\NTSE\lab01\dataset\dog\0327.jpg,../lab01/dataset/dog/0327.jpg,dog
2026-10-05T20:52:26+03:00,https://i.ytimg.com/vi/OSQzZ753JdA/maxresdefault.jpg,0328.jpg,F:\NTSE\lab01\dataset\dog\0328.jpg,../lab01/dataset/dog/0328.jpg,dog
2026-10-05T20:52:27+03:00,https://bowwowinsurance.com.au/wp-content/uploads/2022/03/shutterstock_92251291-ed-Yellow-labrador-retriever-on-green-grass-lawn.jpeg,0329.jpg,F:\NTSE\lab01\dataset\dog\0329.jpg,../lab01/dataset/dog/0329.jpg,dog
2026-10-05T20:52:28+03:00,https://c8.alamy.com/comp/2R7F51D/great-dane-dog-with-beautiful-color-photoshoot-in-studio-2R7F51D.jpg,0330.jpg,F:\NTSE\lab01\dataset\dog\0330.jpg,../lab01/dataset/dog/0330.jpg,dog
2026-10-05T20:52:29+03:00,https://png.pngtree.com/png-clipart/20230917/original/pngtree-aggressive-dog-angry-picture-image_13050170.png,0331.jpg,F:\NTSE\lab01\dataset\dog\0331.jpg,../lab01/dataset/dog/0331.jpg,dog
2026-10-05T20:52:31+03:00,https://www.pupvine.com/wp-content/uploads/2023/01/Why-Labradors-Are-The-Worst-Dogs-5-Things-To-Change-That.jpg,0332.jpg,F:\NTSE\lab01\dataset\dog\0332.jpg,../lab01/dataset/dog/0332.jpg,dog
2026-10-05T20:52:32+03:00,https://thumbs.dreamstime.com/z/puppy-dogo-argentino-play-grass-front-view-sweet-puppy-dogo-argentino-play-grass-front-view-115638924.jpg,0333.jpg,F:\NTSE\lab01\dataset\dog\0333.jpg,../lab01/dataset/dog/0333.jpg,dog
2026-10-05T20:52:34+03:00,https://www.rover.com/blog/wp-content/uploads/dog-playing-fetch-min-1-scaled.jpg,0334.jpg,F:\NTSE\lab01\dataset\dog\0334.jpg,../lab01/dataset/dog/0334.jpg,dog
2026-10-05T20:52:35+03:00,https://i.pinimg.com/736x/f6/26/45/f62645427de9dceb95a7eb437dac4917.jpg,0335.jpg,F:\NTSE\lab01\dataset\dog\0335.jpg,../lab01/dataset/dog/0335.jpg,dog
2026-10-05T20:52:37+03:00,https://resizer.mail.ru/p/ce986daa-2013-5b54-8f56-d04d3ae0c4d7/dpr:156/AQAOkvxUpnSat6GSKEIYHLK6QGwU19WufHY810HDvEBrTOizrO2fCxP_viG1zRiVCG1OfYEHqZtC_D8HJxuyKLX6f_I.jpg,0336.jpg,F:\NTSE\lab01\dataset\dog\0336.jpg,../lab01/dataset/dog/0336.jpg,dog
2026-10-05T20:52:38+03:00,https://static.life.ru/ip/unsafe/rs:fit:1200:/q:98/sh:0.5/czM6Ly9saWZlLXN0YXRpYy9wdWJsaWNhdGlvbnMvMjAyNS83LzMvODI0NjE2MDMyNDM0LjE5NS53ZWJw.webp,0337.jpg,F:\NTSE\lab01\dataset\dog\0337.jpg,../lab01/dataset/dog/0337.jpg,dog
2026-10-05T20:52:40+03:00,https://c8.alamy.com/comp/2GF8FK9/dogue-de-bordeaux-or-french-mastiff-gives-paw-young-woman-at-outdoor-park-2GF8FK9.jpg,0338.jpg,F:\NTSE\lab01\dataset\dog\0338.jpg,../lab01/dataset/dog/0338.jpg,dog
2026-10-05T20:52:41+03:00,https://thumbs.dreamstime.com/z/happy-golden-retriever-dog-leash-sitting-grass-summer-66483393.jpg,0339.jpg,F:\NTSE\lab01\dataset\dog\0339.jpg,../lab01/dataset/dog/0339.jpg,dog
2026-10-05T20:52:48+03:00,https://i.pinimg.com/originals/56/6c/0b/566c0b2933b2e3a37f778137ab093f51.jpg,0340.jpg,F:\NTSE\lab01\dataset\dog\0340.jpg,../lab01/dataset/dog/0340.jpg,dog
2026-10-05T20:52:49+03:00,https://i.pinimg.com/originals/de/ea/74/deea74731fc47272b5000db59e82e6d0.jpg,0341.jpg,F:\NTSE\lab01\dataset\dog\0341.jpg,../lab01/dataset/dog/0341.jpg,dog
2026-10-05T20:54:10+03:00,https://cdn.britannica.com/72/257472-050-32CD0577/Pekingese-dog-toy-dog.jpg,0342.jpg,F:\NTSE\lab01\dataset\dog\0342.jpg,../lab01/dataset/dog/0342.jpg,dog
2026-10-05T20:54:12+03:00,https://www.lanazione.it/image-service/view/acePublic/alias/contentid/YmI4YzdiMTctNmFkNy00/0/un-esemplare-di-pitbull-foto-generica.jpeg,0343.jpg,F:\NTSE\lab01\dataset\dog\0343.jpg,../lab01/dataset/dog/0343.jpg,dog
2026-10-05T20:54:13+03:00,https://services.meteored.com/img/article/the-science-of-canine-happiness-five-proven-ways-to-help-your-dog-thrive-1729109524170_1280.jpeg,0344.jpg,F:\NTSE\lab01\dataset\dog\0344.jpg,../lab01/dataset/dog/0344.jpg,dog
2026-10-05T20:54:16+03:00,https://pet.226248.com/Article/UploadFiles/202203/2022030110351197.jpg,0345.jpg,F:\NTSE\lab01\dataset\dog\0345.jpg,../lab01/dataset/dog/0345.jpg,dog
2026-10-05T20:54:17+03:00,https://www.pupvine.com/wp-content/uploads/2022/05/nice-Leonberger-sitting-on-a-green-grass.jpg,0346.jpg,F:\NTSE\lab01\dataset\dog\0346.jpg,../lab01/dataset/dog/0346.jpg,dog
2026-10-05T20:54:19+03:00,https://www.thesprucepets.com/thmb/uy5ldWQAg3VE87JRCbWsT-frg_o=/1500x0/filters:no_upscale():strip_icc()/GettyImages-171583654-bb7d3cf1abbc49418619412fffe978c0.jpg,0347.jpg,F:\NTSE\lab01\dataset\dog\0347.jpg,../lab01/dataset/dog/0347.jpg,dog
2026-10-05T20:54:20+03:00,https://i.ytimg.com/vi/gFd7QZ5IXZY/maxresdefault.jpg,0348.jpg,F:\NTSE\lab01\dataset\dog\0348.jpg,../lab01/dataset/dog/0348.jpg,dog
2026-10-05T20:54:22+03:00,https://png.pngtree.com/background/20230902/original/pngtree-great-dane-harlequin-and-a-chihuahua-white-background-great-dane-dane-picture-image_4922694.jpg,0349.jpg,F:\NTSE\lab01\dataset\dog\0349.jpg,../lab01/dataset/dog/0349.jpg,dog
2026-10-05T20:54:23+03:00,https://i.pinimg.com/originals/2e/31/96/2e3196cb9b8f934d103cdfa7a0d87b9c.jpg,0350.jpg,F:\NTSE\lab01\dataset\dog\0350.jpg,../lab01/dataset/dog/0350.jpg,dog
2026-10-05T20:54:25+03:00,https://www.universityofcalifornia.edu/sites/default/files/styles/article_default_banner/public/spay-neuter-story-3.jpeg?h=74a1164e&itok=AwQuLIMz,0351.jpg,F:\NTSE\lab01\dataset\dog\0351.jpg,../lab01/dataset/dog/0351.jpg,dog
2026-10-05T20:54:26+03:00,https://hfu.hollywoodfeed.com/wp-content/uploads/2025/05/GettyImages-1565092341-2048x1365.jpg,0352.jpg,F:\NTSE\lab01\dataset\dog\0352.jpg,../lab01/dataset/dog/0352.jpg,dog
2026-10-05T20:54:28+03:00,https://static.scientificamerican.com/sciam/cache/file/1FD432BD-1DC9-4EE3-B2F3494EBAE7DCAE_source.jpg?w=1200,0353.jpg,F:\NTSE\lab01\dataset\dog\0353.jpg,../lab01/dataset/dog/0353.jpg,dog
2026-10-05T20:54:29+03:00,https://s0.rbk.ru/v6_top_pics/media/img/0/05/346934018751050.jpeg,0354.jpg,F:\NTSE\lab01\dataset\dog\0354.jpg,../lab01/dataset/dog/0354.jpg,dog
2026-10-05T20:54:30+03:00,https://www.pupvine.com/wp-content/uploads/2023/02/akbash-dog.jpg,0355.jpg,F:\NTSE\lab01\dataset\dog\0355.jpg,../lab01/dataset/dog/0355.jpg,dog
2026-10-05T20:54:32+03:00,https://cdn.sanity.io/images/0vv8moc6/dvm360/4abfa19542e037fa99334a594709fb2398627779-7360x4912.jpg?fit=crop&auto=format,0356.jpg,F:\NTSE\lab01\dataset\dog\0356.jpg,../lab01/dataset/dog/0356.jpg,dog
2026-10-05T20:54:34+03:00,https://static.independent.co.uk/2024/12/27/14/iStock-1252455620.jpg?width=1200&height=800&crop=1200:800,0357.jpg,F:\NTSE\lab01\dataset\dog\0357.jpg,../lab01/dataset/dog/0357.jpg,dog
2026-10-05T20:54:35+03:00,https://cdn.7days.ru/pic/816/979964/1432693/86.jpg,0358.jpg,F:\NTSE\lab01\dataset\dog\0358.jpg,../lab01/dataset/dog/0358.jpg,dog
2026-10-05T20:54:37+03:00,https://upload.wikimedia.org/wikipedia/commons/thumb/9/9e/Carolina_dog_3-13-13.jpg/1280px-Carolina_dog_3-13-13.jpg,0359.jpg,F:\NTSE\lab01\dataset\dog\0359.jpg,../lab01/dataset/dog/0359.jpg,dog
2026-10-05T20:54:42+03:00,https://thumbs.dreamstime.com/z/confused-%D1%81%D0%BE%D0%B1%D0%B0%D0%BA%D0%B0-18382227.jpg,0360.jpg,F:\NTSE\lab01\dataset\dog\0360.jpg,../lab01/dataset/dog/0360.jpg,dog
2026-10-05T20:54:43+03:00,https://www.rover.com/blog/wp-content/uploads/is-dog-upset-sad-beagle-lying-down-1200x675.jpg,0361.jpg,F:\NTSE\lab01\dataset\dog\0361.jpg,../lab01/dataset/dog/0361.jpg,dog
2026-10-05T20:54:44+03:00,https://static1.bigstockphoto.com/8/4/1/large1500/148207469.jpg,0362.jpg,F:\NTSE\lab01\dataset\dog\0362.jpg,../lab01/dataset/dog/0362.jpg,dog
2026-10-05T20:54:46+03:00,https://www.shutterstock.com/shutterstock/photos/2191393167/display_1500/stock-photo-german-shepherd-dog-lying-next-to-a-bowl-with-kibble-dog-food-looking-at-the-camera-close-up-2191393167.jpg,0363.jpg,F:\NTSE\lab01\dataset\dog\0363.jpg,../lab01/dataset/dog/0363.jpg,dog
2026-10-05T20:54:48+03:00,https://static.life.ru/ip/unsafe/rs:fit:1200:/q:98/sh:0.5/czM6Ly9saWZlLXN0YXRpYy9wdWJsaWNhdGlvbnMvMjAyNS80LzIyLzczODMyMzE3MTYzNS4wMjkzLndlYnA=.webp,0364.jpg,F:\NTSE\lab01\dataset\dog\0364.jpg,../lab01/dataset/dog/0364.jpg,dog
2026-10-05T20:54:50+03:00,https://s0.rbk.ru/v6_top_pics/media/img/2/90/347230193874902.webp,0365.jpg,F:\NTSE\lab01\dataset\dog\0365.jpg,../lab01/dataset/dog/0365.jpg,dog
2026-10-05T20:54:51+03:00,https://i.ytimg.com/vi/W2fTb7iA_Po/maxresdefault.jpg,0366.jpg,F:\NTSE\lab01\dataset\dog\0366.jpg,../lab01/dataset/dog/0366.jpg,dog
2026-10-05T20:54:53+03:00,https://www.shutterstock.com/shutterstock/photos/565832899/display_1500/stock-photo-golden-retriever-in-puddle-565832899.jpg,0367.jpg,F:\NTSE\lab01\dataset\dog\0367.jpg,../lab01/dataset/dog/0367.jpg,dog
2026-10-05T20:54:54+03:00,https://i.pinimg.com/originals/08/e2/92/08e292cb77ed83f6582425c1234665ec.jpg?nii=t,0368.jpg,F:\NTSE\lab01\dataset\dog\0368.jpg,../lab01/dataset/dog/0368.jpg,dog
2026-10-05T20:54:58+03:00,https://img-s-msn-com.akamaized.net/tenant/amp/entityid/AA1fFAdp.img?w=1920&h=1280&m=4&q=89,0369.jpg,F:\NTSE\lab01\dataset\dog\0369.jpg,../lab01/dataset/dog/0369.jpg,dog
2026-10-05T20:55:04+03:00,https://cdn.shopify.com/s/files/1/0015/5117/1636/files/Dachshund.png?v=1699277208,0370.jpg,F:\NTSE\lab01\dataset\dog\0370.jpg,../lab01/dataset/dog/0370.jpg,dog
2026-10-05T20:55:06+03:00,https://sobakovod.club/uploads/posts/2021-12/1640235943_35-sobakovod-club-p-sobaki-shchenok-mudi-42.jpg,0371.jpg,F:\NTSE\lab01\dataset\dog\0371.jpg,../lab01/dataset/dog/0371.jpg,dog
2026-10-05T20:55:07+03:00,https://i2-prod.irishstar.com/article34526542.ece/ALTERNATES/s1200e/0_A-reactive-Hound-mixed-breed-dog-barking.jpg,0372.jpg,F:\NTSE\lab01\dataset\dog\0372.jpg,../lab01/dataset/dog/0372.jpg,dog
2026-10-05T20:55:09+03:00,https://s.hdnux.com/photos/70/33/01/14790761/8/rawImage.jpg,0373.jpg,F:\NTSE\lab01\dataset\dog\0373.jpg,../lab01/dataset/dog/0373.jpg,dog
2026-10-05T20:55:11+03:00,https://i.dailymail.co.uk/1s/2024/03/07/19/82173583-0-image-a-22_1709839935131.jpg,0374.jpg,F:\NTSE\lab01\dataset\dog\0374.jpg,../lab01/dataset/dog/0374.jpg,dog
2026-10-05T20:55:12+03:00,https://s0.rbk.ru/v6_top_pics/media/img/9/35/756752354803359.jpg,0375.jpg,F:\NTSE\lab01\dataset\dog\0375.jpg,../lab01/dataset/dog/0375.jpg,dog
2026-10-05T20:55:14+03:00,https://www.pupvine.com/wp-content/uploads/2022/07/Female-Dogo-Argentino-in-wood.jpg,0376.jpg,F:\NTSE\lab01\dataset\dog\0376.jpg,../lab01/dataset/dog/0376.jpg,dog
2026-10-05T20:55:15+03:00,https://www.rover.com/blog/wp-content/uploads/akita-min.jpg,0377.jpg,F:\NTSE\lab01\dataset\dog\0377.jpg,../lab01/dataset/dog/0377.jpg,dog
2026-10-05T20:55:16+03:00,https://thumbs.dreamstime.com/b/%D0%B4%D0%B0%D1%82%D1%87%D0%B0%D0%BD%D0%B8%D0%BD-%D0%B1%D0%BE%D0%BB%D1%8C%D1%88%D0%BE%D0%B9-17911072.jpg?w=768,0378.jpg,F:\NTSE\lab01\dataset\dog\0378.jpg,../lab01/dataset/dog/0378.jpg,dog
2026-10-05T20:55:18+03:00,https://static.foxnews.com/foxnews.com/content/uploads/2018/09/lab.jpg,0379.jpg,F:\NTSE\lab01\dataset\dog\0379.jpg,../lab01/dataset/dog/0379.jpg,dog
2026-10-05T20:55:21+03:00,https://images.news18.com/ibnlive/uploads/2026/01/Pug-4-2026-01-166d49349ac80f6b6d0281335f51ec17.jpg,0380.jpg,F:\NTSE\lab01\dataset\dog\0380.jpg,../lab01/dataset/dog/0380.jpg,dog
2026-10-05T20:55:22+03:00,https://thumbs.dreamstime.com/z/group-puppies-lying-against-white-background-group-puppies-lying-against-white-background-isolated-white-113968559.jpg,0381.jpg,F:\NTSE\lab01\dataset\dog\0381.jpg,../lab01/dataset/dog/0381.jpg,dog
2026-10-05T20:55:25+03:00,https://i.ytimg.com/vi/VvSeiP1PnRQ/maxresdefault.jpg,0382.jpg,F:\NTSE\lab01\dataset\dog\0382.jpg,../lab01/dataset/dog/0382.jpg,dog
2026-10-05T20:55:31+03:00,https://static1.bigstockphoto.com/6/0/1/large1500/106112003.jpg,0383.jpg,F:\NTSE\lab01\dataset\dog\0383.jpg,../lab01/dataset/dog/0383.jpg,dog
2026-10-05T20:55:33+03:00,https://media.nbcsandiego.com/2022/08/Travel_AdobeStock_290615168_CROP.jpg?quality=85&strip=all&resize=1200%2C675,0384.jpg,F:\NTSE\lab01\dataset\dog\0384.jpg,../lab01/dataset/dog/0384.jpg,dog
2026-10-05T20:55:33+03:00,https://i.ytimg.com/vi/PqweYCDi3uc/maxresdefault.jpg,0385.jpg,F:\NTSE\lab01\dataset\dog\0385.jpg,../lab01/dataset/dog/0385.jpg,dog
2026-10-05T20:55:36+03:00,https://i.pinimg.com/originals/b7/12/1b/b7121b7a03ea73fc0f9d04bc57767e34.png?nii=t,0386.jpg,F:\NTSE\lab01\dataset\dog\0386.jpg,../lab01/dataset/dog/0386.jpg,dog
2026-10-05T20:55:46+03:00,https://www.pedigree.com.br/sites/g/files/fnmzdf2401/files/2025-12/raca-do-snoopy-beagle.jpg.jpg,0387.jpg,F:\NTSE\lab01\dataset\dog\0387.jpg,../lab01/dataset/dog/0387.jpg,dog
2026-10-05T20:56:07+03:00,https://c8.alamy.com/comp/T6AT2W/portrait-of-a-nice-st-bernard-dog-T6AT2W.jpg,0388.jpg,F:\NTSE\lab01\dataset\dog\0388.jpg,../lab01/dataset/dog/0388.jpg,dog
2026-10-05T20:56:10+03:00,https://cdn.greenfieldpuppies.com/wp-content/uploads/2020/07/small-brown-dog-surrounded-by-toys-scaled.jpg,0389.jpg,F:\NTSE\lab01\dataset\dog\0389.jpg,../lab01/dataset/dog/0389.jpg,dog
2026-10-05T20:56:12+03:00,https://pet-health-content-media.chewy.com/wp-content/uploads/2025/09/04005524/hound-dogs-american-english-coonhound.jpg,0390.jpg,F:\NTSE\lab01\dataset\dog\0390.jpg,../lab01/dataset/dog/0390.jpg,dog
2026-10-05T20:56:14+03:00,https://static2.bigstockphoto.com/7/6/2/large1500/267650827.jpg,0391.jpg,F:\NTSE\lab01\dataset\dog\0391.jpg,../lab01/dataset/dog/0391.jpg,dog
2026-10-05T20:56:32+03:00,https://aibolit66.ru/upload/iblock/b00/b0057ebaf008bc583618f6ea5bb81fab.jpg,0392.jpg,F:\NTSE\lab01\dataset\dog\0392.jpg,../lab01/dataset/dog/0392.jpg,dog
2026-10-05T20:56:34+03:00,https://cff2.earth.com/uploads/2023/08/26042949/National-Dog-Day--scaled.jpg,0393.jpg,F:\NTSE\lab01\dataset\dog\0393.jpg,../lab01/dataset/dog/0393.jpg,dog
2026-10-05T20:56:35+03:00,https://i.pinimg.com/originals/bb/ad/f9/bbadf99d751674e23377b61f3739e375.jpg?nii=t,0394.jpg,F:\NTSE\lab01\dataset\dog\0394.jpg,../lab01/dataset/dog/0394.jpg,dog
2026-10-05T20:56:40+03:00,https://www.rover.com/blog/wp-content/uploads/treats-for-senior-dogs.jpg,0395.jpg,F:\NTSE\lab01\dataset\dog\0395.jpg,../lab01/dataset/dog/0395.jpg,dog
2026-10-05T20:56:41+03:00,https://thumbs.dreamstime.com/z/%D0%BD%D0%B5%D0%BC%D0%B5%D1%86%D0%BA%D0%B0%D1%8F-%D0%BE%D0%B2%D1%87%D0%B0%D1%80%D0%BA%D0%B0-36053520.jpg,0396.jpg,F:\NTSE\lab01\dataset\dog\0396.jpg,../lab01/dataset/dog/0396.jpg,dog
2026-10-05T20:56:44+03:00,https://images.radio-canada.ca/v1/ici-info/16x9/chien-nourriture-bol-2.jpg,0397.jpg,F:\NTSE\lab01\dataset\dog\0397.jpg,../lab01/dataset/dog/0397.jpg,dog
2026-10-05T20:56:46+03:00,https://www.pupvine.com/wp-content/uploads/2022/08/dogo-argentino-1200x801.jpg,0398.jpg,F:\NTSE\lab01\dataset\dog\0398.jpg,../lab01/dataset/dog/0398.jpg,dog
2026-10-05T20:56:46+03:00,https://i.pinimg.com/736x/dd/2b/88/dd2b88f80cec0603c74cb7329fdb93bd.jpg,0399.jpg,F:\NTSE\lab01\dataset\dog\0399.jpg,../lab01/dataset/dog/0399.jpg,dog
2026-10-05T20:56:48+03:00,https://static1.bigstockphoto.com/6/0/4/large1500/4067096.jpg,0400.jpg,F:\NTSE\lab01\dataset\dog\0400.jpg,../lab01/dataset/dog/0400.jpg,dog
2026-10-05T20:56:49+03:00,https://cdn.britannica.com/97/235397-050-6964F653/Greyhound-dog.jpg,0401.jpg,F:\NTSE\lab01\dataset\dog\0401.jpg,../lab01/dataset/dog/0401.jpg,dog
2026-10-05T20:56:50+03:00,https://cdn.britannica.com/79/232779-050-6B0411D7/German-Shepherd-dog-Alsatian.jpg,0402.jpg,F:\NTSE\lab01\dataset\dog\0402.jpg,../lab01/dataset/dog/0402.jpg,dog
2026-10-05T20:56:53+03:00,https://pet-health-content-media.chewy.com/wp-content/uploads/2025/09/04005952/hound-dogs-saluki.jpg,0403.jpg,F:\NTSE\lab01\dataset\dog\0403.jpg,../lab01/dataset/dog/0403.jpg,dog
2026-10-05T20:56:54+03:00,https://www.shutterstock.com/shutterstock/photos/2177027643/display_1500/stock-photo-big-white-dog-with-fluffy-hair-of-samoyed-breed-2177027643.jpg,0404.jpg,F:\NTSE\lab01\dataset\dog\0404.jpg,../lab01/dataset/dog/0404.jpg,dog
2026-10-05T20:56:56+03:00,https://a.storyblok.com/f/152976/857x1224/db08325619/labrador-retrievers.jpg,0405.jpg,F:\NTSE\lab01\dataset\dog\0405.jpg,../lab01/dataset/dog/0405.jpg,dog
2026-10-05T20:56:57+03:00,https://thumbs.dreamstime.com/z/beagle-dog-green-grass-15250762.jpg,0406.jpg,F:\NTSE\lab01\dataset\dog\0406.jpg,../lab01/dataset/dog/0406.jpg,dog
2026-10-05T20:56:58+03:00,https://thumbs.dreamstime.com/z/australian-sheepdog-portrait-studio-84255291.jpg,0407.jpg,F:\NTSE\lab01\dataset\dog\0407.jpg,../lab01/dataset/dog/0407.jpg,dog
2026-10-05T20:57:00+03:00,https://i0.wp.com/st3.depositphotos.com/1032808/14522/i/1600/depositphotos_145228893-stock-photo-siberian-husky-white-background.jpg?ssl=1,0408.jpg,F:\NTSE\lab01\dataset\dog\0408.jpg,../lab01/dataset/dog/0408.jpg,dog
2026-10-05T20:57:01+03:00,https://d.newsweek.com/en/full/1807133/dog-running-snow.jpg,0409.jpg,F:\NTSE\lab01\dataset\dog\0409.jpg,../lab01/dataset/dog/0409.jpg,dog
2026-10-05T20:57:03+03:00,https://pet-health-content-media.chewy.com/wp-content/uploads/2025/04/16213903/202504bec-dog_adoption_checklist-4.jpg,0410.jpg,F:\NTSE\lab01\dataset\dog\0410.jpg,../lab01/dataset/dog/0410.jpg,dog
2026-10-05T20:57:04+03:00,https://i.pinimg.com/originals/92/ad/5f/92ad5f84c6f297f59086880c6e225744.jpg,0411.jpg,F:\NTSE\lab01\dataset\dog\0411.jpg,../lab01/dataset/dog/0411.jpg,dog
2026-10-05T20:57:21+03:00,https://c02.purpledshub.com/uploads/sites/47/2025/05/dog-breeds.jpg?w=1200&webp=1,0412.jpg,F:\NTSE\lab01\dataset\dog\0412.jpg,../lab01/dataset/dog/0412.jpg,dog
2026-10-05T20:57:22+03:00,https://i.ytimg.com/vi/EqVm2cFt_SI/maxresdefault.jpg,0413.jpg,F:\NTSE\lab01\dataset\dog\0413.jpg,../lab01/dataset/dog/0413.jpg,dog
2026-10-05T20:57:23+03:00,https://www.pawmaw.com/pawmaw/img/blog-img/1641319181-Basset%20Hounds-Breeds.jpg,0414.jpg,F:\NTSE\lab01\dataset\dog\0414.jpg,../lab01/dataset/dog/0414.jpg,dog
2026-10-05T20:57:24+03:00,https://i.ytimg.com/vi/7aY6X9OShzM/maxresdefault.jpg,0415.jpg,F:\NTSE\lab01\dataset\dog\0415.jpg,../lab01/dataset/dog/0415.jpg,dog
2026-10-05T20:57:25+03:00,https://www.rover.com/blog/wp-content/uploads/dog-staring-min.jpg,0416.jpg,F:\NTSE\lab01\dataset\dog\0416.jpg,../lab01/dataset/dog/0416.jpg,dog
2026-10-05T20:57:27+03:00,https://static3.bigstockphoto.com/0/8/1/large1500/180124465.jpg,0417.jpg,F:\NTSE\lab01\dataset\dog\0417.jpg,../lab01/dataset/dog/0417.jpg,dog
2026-10-05T20:57:28+03:00,https://i.pinimg.com/originals/c6/5a/26/c65a264696e29667b2e651a9c9eb913a.jpg,0418.jpg,F:\NTSE\lab01\dataset\dog\0418.jpg,../lab01/dataset/dog/0418.jpg,dog
2026-10-05T20:57:29+03:00,https://i.ytimg.com/vi/hUu4tIa9v5c/maxresdefault.jpg?sqp=-oaymwEmCIAKENAF8quKqQMa8AEB-AH-CYAC0AWKAgwIABABGGUgUig_MA8=&rs=AOn4CLBsc_7ah7fIptzHkkm60uPCAp04Lg,0419.jpg,F:\NTSE\lab01\dataset\dog\0419.jpg,../lab01/dataset/dog/0419.jpg,dog
2026-10-05T20:57:31+03:00,https://cdn.images.express.co.uk/img/dynamic/130/1200x712/4728852.jpg,0420.jpg,F:\NTSE\lab01\dataset\dog\0420.jpg,../lab01/dataset/dog/0420.jpg,dog
2026-10-05T20:57:33+03:00,https://i.pinimg.com/originals/9e/65/f0/9e65f02d405028ae89d8c421e4272563.png,0421.jpg,F:\NTSE\lab01\dataset\dog\0421.jpg,../lab01/dataset/dog/0421.jpg,dog
2026-10-05T20:57:34+03:00,https://www.thesprucepets.com/thmb/aakdWmF36D3RYti507u94vWSwy0=/3600x0/filters:no_upscale():strip_icc()/cute-dog-breeds-we-can-t-get-enough-of-4589340-14-4cdb2f10e1654a468f13cd95ff880834.jpg,0422.jpg,F:\NTSE\lab01\dataset\dog\0422.jpg,../lab01/dataset/dog/0422.jpg,dog
2026-10-05T20:57:36+03:00,https://thumbs.dreamstime.com/z/%D0%B4%D0%B0%D1%82%D1%87%D0%B0%D0%BD%D0%B8%D0%BD%D0%B0-%D1%81%D0%BE%D0%B1%D0%B0%D0%BA%D0%B8-%D0%BA%D0%BB%D0%B0%D1%81%D1%82%D1%8C-%D0%B2%D0%BD%D0%B8%D0%B7-%D0%B1%D0%BE%D0%BB%D1%8C%D1%88%D0%BE%D0%B9-17241369.jpg,0423.jpg,F:\NTSE\lab01\dataset\dog\0423.jpg,../lab01/dataset/dog/0423.jpg,dog
2026-10-05T20:57:38+03:00,https://thumbs.dreamstime.com/z/%D1%81%D0%BE%D0%B1%D0%B0%D0%BA%D0%B0-crossbreed-27272041.jpg,0424.jpg,F:\NTSE\lab01\dataset\dog\0424.jpg,../lab01/dataset/dog/0424.jpg,dog
2026-10-05T20:57:40+03:00,https://www.pngmart.com/files/10/Dog-Looking-PNG-Picture.png,0425.jpg,F:\NTSE\lab01\dataset\dog\0425.jpg,../lab01/dataset/dog/0425.jpg,dog
2026-10-05T20:57:42+03:00,https://images.pexels.com/photos/776078/pexels-photo-776078.jpeg?cs=srgb&dl=pexels-atomlaborblog-776078.jpg&fm=jpg,0426.jpg,F:\NTSE\lab01\dataset\dog\0426.jpg,../lab01/dataset/dog/0426.jpg,dog
2026-10-05T20:57:44+03:00,https://c8.alamy.com/comp/F8WKY3/great-dane-puppy-F8WKY3.jpg,0427.jpg,F:\NTSE\lab01\dataset\dog\0427.jpg,../lab01/dataset/dog/0427.jpg,dog
2026-10-05T20:57:45+03:00,https://c8.alamy.com/comp/2BJ7BBP/cute-labrador-dog-sitting-isolated-on-white-2BJ7BBP.jpg,0428.jpg,F:\NTSE\lab01\dataset\dog\0428.jpg,../lab01/dataset/dog/0428.jpg,dog
2026-10-05T20:57:46+03:00,https://worldanimalfoundation.org/wp-content/uploads/2025/09/8-Extremely-Stubborn-Dog-Breeds.jpg,0429.jpg,F:\NTSE\lab01\dataset\dog\0429.jpg,../lab01/dataset/dog/0429.jpg,dog
2026-10-05T20:57:48+03:00,https://static3.bigstockphoto.com/3/6/2/large1500/263199115.jpg,0430.jpg,F:\NTSE\lab01\dataset\dog\0430.jpg,../lab01/dataset/dog/0430.jpg,dog
2026-10-05T20:57:49+03:00,https://cdn.mos.cms.futurecdn.net/ZhHJXsJRLucbvCF7k5Y2NU-1200-80.jpg,0431.jpg,F:\NTSE\lab01\dataset\dog\0431.jpg,../lab01/dataset/dog/0431.jpg,dog
2026-10-05T20:57:50+03:00,https://thepetstaff.com/wp-content/uploads/2022/06/king-sheperd.jpg,0432.jpg,F:\NTSE\lab01\dataset\dog\0432.jpg,../lab01/dataset/dog/0432.jpg,dog
2026-10-05T20:59:11+03:00,https://consumer-cms.petfinder.com/sites/default/files/images/content/Rough%20Collie2.jpg,0433.jpg,F:\NTSE\lab01\dataset\dog\0433.jpg,../lab01/dataset/dog/0433.jpg,dog
2026-10-05T20:59:12+03:00,https://videnskab.dk/wp-content/uploads/2025/12/golden-retriever-2048x1638.jpg.webp,0434.jpg,F:\NTSE\lab01\dataset\dog\0434.jpg,../lab01/dataset/dog/0434.jpg,dog
2026-10-05T20:59:25+03:00,https://as2.ftcdn.net/jpg/00/99/95/25/1000_F_99952587_cfbvmtdPTGlCrYLKpF07GR3Stwis07MT.jpg,0435.jpg,F:\NTSE\lab01\dataset\dog\0435.jpg,../lab01/dataset/dog/0435.jpg,dog
2026-10-05T20:59:27+03:00,https://animalsadda.com/wp-content/uploads/2017/12/American-Mastiff-6.jpg,0436.jpg,F:\NTSE\lab01\dataset\dog\0436.jpg,../lab01/dataset/dog/0436.jpg,dog
2026-10-05T20:59:29+03:00,https://cdn.britannica.com/66/235666-050-751046D6/Saint-bernard-dog-st-bernard-standing-snow.jpg,0437.jpg,F:\NTSE\lab01\dataset\dog\0437.jpg,../lab01/dataset/dog/0437.jpg,dog
2026-10-05T20:59:30+03:00,https://resizer.mail.ru/p/46e0f96b-6296-5588-bf5b-fda2d797aab4/AAAOEw9fcZ4dhMV3MBRjrkwUGpay3LRK0EKPYeX00DXGN1yl_OGIj76DOBNKPROFCOz6EVobYlCP7E1xwuMrCQxUbmU.jpg,0438.jpg,F:\NTSE\lab01\dataset\dog\0438.jpg,../lab01/dataset/dog/0438.jpg,dog
2026-10-05T20:59:31+03:00,https://i.ytimg.com/vi/uhGKRCtQjV0/maxresdefault.jpg,0439.jpg,F:\NTSE\lab01\dataset\dog\0439.jpg,../lab01/dataset/dog/0439.jpg,dog
2026-10-05T20:59:33+03:00,https://cdn.profile.ru/wp-content/uploads/2021/09/Labrador-retriver-ulybaetsya-trava.jpg,0440.jpg,F:\NTSE\lab01\dataset\dog\0440.jpg,../lab01/dataset/dog/0440.jpg,dog
2026-10-05T21:02:11+03:00,https://i.ytimg.com/vi/2Z4p7PslOhE/maxresdefault.jpg,0441.jpg,F:\NTSE\lab01\dataset\dog\0441.jpg,../lab01/dataset/dog/0441.jpg,dog
2026-10-05T21:02:12+03:00,https://i.ytimg.com/vi/7JiLYToupDE/maxresdefault.jpg,0442.jpg,F:\NTSE\lab01\dataset\dog\0442.jpg,../lab01/dataset/dog/0442.jpg,dog
2026-10-05T21:02:14+03:00,https://media.istockphoto.com/id/450726311/ru/%D1%84%D0%BE%D1%82%D0%BE/%D0%BB%D0%B0%D0%B1%D1%80%D0%B0%D0%B4%D0%BE%D1%80-%D1%80%D0%B5%D1%82%D1%80%D0%B8%D0%B2%D0%B5%D1%80-12-%D0%BC%D0%B5%D1%81%D1%8F%D1%86%D0%B5%D0%B2-%D1%81%D0%B8%D0%B4%D0%B8%D1%82.jpg?s=1024x1024&w=is&k=20&c=Bx2wmXuVc0Xqx0EjkKtQ6kobDfhg6YZBkj1ZWFGRFFw=,0443.jpg,F:\NTSE\lab01\dataset\dog\0443.jpg,../lab01/dataset/dog/0443.jpg,dog
2026-10-05T21:02:16+03:00,https://img.thepets.net/wp-content/uploads/black-great-dane.jpg,0444.jpg,F:\NTSE\lab01\dataset\dog\0444.jpg,../lab01/dataset/dog/0444.jpg,dog
2026-10-05T21:02:17+03:00,https://i.ytimg.com/vi/vGSWVzjRYF8/maxresdefault.jpg,0445.jpg,F:\NTSE\lab01\dataset\dog\0445.jpg,../lab01/dataset/dog/0445.jpg,dog
2026-10-05T21:02:18+03:00,https://thumbs.dreamstime.com/z/cute-sitting-havanese-puppy-dog-frontal-looking-camera-isolated-white-background-78123079.jpg,0446.jpg,F:\NTSE\lab01\dataset\dog\0446.jpg,../lab01/dataset/dog/0446.jpg,dog
2026-10-05T21:02:20+03:00,https://c8.alamy.com/comp/CPFH38/dogue-de-bordeaux-puppy-8-weeks-old-lying-in-front-of-white-background-CPFH38.jpg,0447.jpg,F:\NTSE\lab01\dataset\dog\0447.jpg,../lab01/dataset/dog/0447.jpg,dog
2026-10-05T21:02:22+03:00,https://static3.bigstockphoto.com/0/5/1/large1500/150595418.jpg,0448.jpg,F:\NTSE\lab01\dataset\dog\0448.jpg,../lab01/dataset/dog/0448.jpg,dog
2026-10-05T21:02:26+03:00,https://i.ytimg.com/vi/4GAKDMFPnzc/maxresdefault.jpg,0449.jpg,F:\NTSE\lab01\dataset\dog\0449.jpg,../lab01/dataset/dog/0449.jpg,dog
2026-10-05T21:03:48+03:00,https://happydogbreeds.com/wp-content/uploads/2023/10/Two-Great-Danes-with-different-colors-2048x1365.jpg,0450.jpg,F:\NTSE\lab01\dataset\dog\0450.jpg,../lab01/dataset/dog/0450.jpg,dog
2026-10-05T21:03:50+03:00,https://www.zastavki.com/pictures/originals/2014/Animals___Dogs_Cute_dog_Collie_084166_.jpg,0451.jpg,F:\NTSE\lab01\dataset\dog\0451.jpg,../lab01/dataset/dog/0451.jpg,dog
2026-10-05T21:03:51+03:00,https://consumer-cms.petfinder.com/sites/default/files/images/content/Boxer%201.jpg,0452.jpg,F:\NTSE\lab01\dataset\dog\0452.jpg,../lab01/dataset/dog/0452.jpg,dog
2026-10-05T21:03:54+03:00,https://img-s-msn-com.akamaized.net/tenant/amp/entityid/AA1Ot5r0.img?w=1920&h=1080&m=4&q=94,0453.jpg,F:\NTSE\lab01\dataset\dog\0453.jpg,../lab01/dataset/dog/0453.jpg,dog
2026-10-05T21:03:55+03:00,https://barkstory.com/wp-content/uploads/2022/08/Depositphotos_49034417_XL-scaled.jpg,0454.jpg,F:\NTSE\lab01\dataset\dog\0454.jpg,../lab01/dataset/dog/0454.jpg,dog
2026-10-05T21:03:57+03:00,https://images.pexels.com/photos/12301139/pexels-photo-12301139.jpeg?cs=srgb&dl=pexels-alexasfotos-12301139.jpg&fm=jpg,0455.jpg,F:\NTSE\lab01\dataset\dog\0455.jpg,../lab01/dataset/dog/0455.jpg,dog
2026-10-05T21:03:59+03:00,https://images.ctfassets.net/3s5io6mnxfqz/3KN7gutjlXSIfWQCOtq3JR/369024e4d37f3b434844c444456db7db/AdobeStock_145432493.jpeg,0456.jpg,F:\NTSE\lab01\dataset\dog\0456.jpg,../lab01/dataset/dog/0456.jpg,dog
2026-10-05T21:04:00+03:00,https://static.independent.co.uk/2025/01/17/11/iStock-1285465107.jpg,0457.jpg,F:\NTSE\lab01\dataset\dog\0457.jpg,../lab01/dataset/dog/0457.jpg,dog
2026-10-05T21:04:02+03:00,https://static1.bigstockphoto.com/5/9/2/large1500/295534060.jpg,0458.jpg,F:\NTSE\lab01\dataset\dog\0458.jpg,../lab01/dataset/dog/0458.jpg,dog
2026-10-05T21:04:03+03:00,https://i.ytimg.com/vi/EvH2eksx9Wg/maxresdefault.jpg,0459.jpg,F:\NTSE\lab01\dataset\dog\0459.jpg,../lab01/dataset/dog/0459.jpg,dog
2026-10-05T21:04:04+03:00,https://www.rover.com/blog/wp-content/uploads/iStock-1405648150.jpg,0460.jpg,F:\NTSE\lab01\dataset\dog\0460.jpg,../lab01/dataset/dog/0460.jpg,dog
2026-10-05T21:04:06+03:00,https://static1.bigstockphoto.com/0/2/4/large1500/4209333.jpg,0461.jpg,F:\NTSE\lab01\dataset\dog\0461.jpg,../lab01/dataset/dog/0461.jpg,dog
2026-10-05T21:06:45+03:00,https://yac-wh-sb-prod-s3-media-04001.storage.yandexcloud.net/db_connection/1/layer_item/1/articles/21504/wysiwig-img/%D1%81%D1%82%D0%BE%D0%BA_112035366_l%20copy.webp,0462.jpg,F:\NTSE\lab01\dataset\dog\0462.jpg,../lab01/dataset/dog/0462.jpg,dog
2026-10-05T21:06:46+03:00,https://thumbs.dreamstime.com/z/funny-photo-dog-mouth-wide-open-funny-suprised-scared-expression-funny-surprised-excited-dog-109494416.jpg,0463.jpg,F:\NTSE\lab01\dataset\dog\0463.jpg,../lab01/dataset/dog/0463.jpg,dog
2026-10-05T21:06:48+03:00,https://s.yimg.com/ny/api/res/1.2/PNiKjRCUXUZ7J8SlbN0ftA--/YXBwaWQ9aGlnaGxhbmRlcjt3PTEyNDI7aD02OTk-/https://media.zenfs.com/en/aol_pethelpful_490/d38fc347b44a6f22cf15050d6c8c909a,0464.jpg,F:\NTSE\lab01\dataset\dog\0464.jpg,../lab01/dataset/dog/0464.jpg,dog
2026-10-05T21:06:50+03:00,https://static2.bigstockphoto.com/4/4/1/large1500/1449471.jpg,0465.jpg,F:\NTSE\lab01\dataset\dog\0465.jpg,../lab01/dataset/dog/0465.jpg,dog
2026-10-05T21:06:51+03:00,https://static1.bigstockphoto.com/7/7/6/large1500/67746253.jpg,0466.jpg,F:\NTSE\lab01\dataset\dog\0466.jpg,../lab01/dataset/dog/0466.jpg,dog
2026-10-05T21:06:52+03:00,https://i0.wp.com/thumbs.dreamstime.com/z/labrador-dog-profile-sideways-isolated-white-studio-shot-side-127546449.jpg?ssl=1,0467.jpg,F:\NTSE\lab01\dataset\dog\0467.jpg,../lab01/dataset/dog/0467.jpg,dog
2026-10-05T21:06:54+03:00,https://www.pupvine.com/wp-content/uploads/2022/08/Beagle-puppy-walking-on-grass.jpg,0468.jpg,F:\NTSE\lab01\dataset\dog\0468.jpg,../lab01/dataset/dog/0468.jpg,dog
2026-10-05T21:06:55+03:00,https://www.survivalworld.com/wp-content/uploads/2024/11/Considerations-for-Choosing-Your-Apocalypse-Dog.jpg,0469.jpg,F:\NTSE\lab01\dataset\dog\0469.jpg,../lab01/dataset/dog/0469.jpg,dog
2026-10-05T21:06:57+03:00,https://i.ytimg.com/vi/Oif8qZ1mw2k/maxresdefault.jpg,0470.jpg,F:\NTSE\lab01\dataset\dog\0470.jpg,../lab01/dataset/dog/0470.jpg,dog
2026-10-05T21:06:58+03:00,https://thumbs.dreamstime.com/z/%D0%BB%D0%B5%D0%B6%D0%B0%D1%82%D1%8C-de-%D1%81%D0%BE%D0%B1%D0%B0%D0%BA%D0%B8-breed-%D0%B1%D0%BE%D1%80%D0%B4%D0%BE-%D0%B8%D0%B7%D0%BE%D0%BB%D0%B8%D1%80%D0%BE%D0%B2%D0%B0%D0%BD%D0%BD%D1%8B%D0%B9-dogue-19691218.jpg,0471.jpg,F:\NTSE\lab01\dataset\dog\0471.jpg,../lab01/dataset/dog/0471.jpg,dog
2026-10-05T21:07:16+03:00,https://static.tildacdn.com/tild3465-6439-4565-b061-666364306163/1620px-_.jpg,0472.jpg,F:\NTSE\lab01\dataset\dog\0472.jpg,../lab01/dataset/dog/0472.jpg,dog
2026-10-05T21:08:36+03:00,https://static.vecteezy.com/system/resources/previews/029/495/545/large_2x/funny-puppy-of-yorkshire-terrier-running-in-the-green-grass-cute-dog-running-in-the-green-grass-on-a-sunny-summer-day-ai-generated-free-photo.jpg,0473.jpg,F:\NTSE\lab01\dataset\dog\0473.jpg,../lab01/dataset/dog/0473.jpg,dog
2026-10-05T21:08:38+03:00,https://www.shutterstock.com/shutterstock/photos/2177060555/display_1500/stock-photo-hungry-dog-with-sad-eyes-is-waiting-for-feeding-at-kitchen-cute-labrador-retriever-is-holding-dog-2177060555.jpg,0474.jpg,F:\NTSE\lab01\dataset\dog\0474.jpg,../lab01/dataset/dog/0474.jpg,dog
2026-10-05T21:08:40+03:00,https://www.zooplus.co.uk/magazine/wp-content/uploads/2017/11/English-Setter-1.webp,0475.jpg,F:\NTSE\lab01\dataset\dog\0475.jpg,../lab01/dataset/dog/0475.jpg,dog
2026-10-05T21:10:05+03:00,https://cdn.greenfieldpuppies.com/wp-content/uploads/2023/05/happy-dog-giving-paw-for-a-shake-scaled.jpeg,0476.jpg,F:\NTSE\lab01\dataset\dog\0476.jpg,../lab01/dataset/dog/0476.jpg,dog
2026-10-05T21:11:29+03:00,https://cdn11.bigcommerce.com/s-nuuvoj7ntg/product_images/uploaded_images/dog-in-water.jpg,0477.jpg,F:\NTSE\lab01\dataset\dog\0477.jpg,../lab01/dataset/dog/0477.jpg,dog
2026-10-05T21:11:30+03:00,https://d.newsweek.com/en/full/2197717/great-dane-standing-tall-open-field.webp?w=1600&h=900&q=88&f=d0bbb7bc19b431fbe9e684b18fbaaa32,0478.jpg,F:\NTSE\lab01\dataset\dog\0478.jpg,../lab01/dataset/dog/0478.jpg,dog
2026-10-05T21:14:51+03:00,https://i.pinimg.com/originals/b7/76/f1/b776f1fc55fe9f16664fa8af8445bc79.jpg,0479.jpg,F:\NTSE\lab01\dataset\dog\0479.jpg,../lab01/dataset/dog/0479.jpg,dog
2026-10-05T21:11:50+03:00,https://2vet.ru/wp-content/uploads/2019/12/bullmastiff-1.jpg,0480.jpg,F:\NTSE\lab01\dataset\dog\0480.jpg,../lab01/dataset/dog/0480.jpg,dog
2026-10-05T21:11:51+03:00,https://i.ytimg.com/vi/ws_M_Ef3ikI/maxresdefault.jpg,0481.jpg,F:\NTSE\lab01\dataset\dog\0481.jpg,../lab01/dataset/dog/0481.jpg,dog
2026-10-05T21:11:53+03:00,https://hermes.media.static.aol.com/media/2026/08/27/68240428-2f54-3368-898a-7482ab238533/dc4ce517-1bed-4033-b7ce-4285b3e6834a.jpg,0482.jpg,F:\NTSE\lab01\dataset\dog\0482.jpg,../lab01/dataset/dog/0482.jpg,dog
2026-10-05T21:11:55+03:00,https://consumer-cms.petfinder.com/sites/default/files/images/content/Weimaraner%203.jpg,0483.jpg,F:\NTSE\lab01\dataset\dog\0483.jpg,../lab01/dataset/dog/0483.jpg,dog
2026-10-05T21:11:57+03:00,https://c8.alamy.com/comp/C19DYC/beagle-1-year-old-sitting-in-front-of-white-background-C19DYC.jpg,0484.jpg,F:\NTSE\lab01\dataset\dog\0484.jpg,../lab01/dataset/dog/0484.jpg,dog
2026-10-05T21:11:59+03:00,https://images.pexels.com/photos/32130866/pexels-photo-32130866.jpeg?cs=srgb&dl=pexels-alexasfotos-32130866.jpg&fm=jpg,0485.jpg,F:\NTSE\lab01\dataset\dog\0485.jpg,../lab01/dataset/dog/0485.jpg,dog
2026-10-05T21:12:00+03:00,https://www.thesprucepets.com/thmb/I211nnJHf6iIM6CyK-B41MpU-20=/4288x0/filters:no_upscale():strip_icc()/huge-dog-leonberger-resting-outdoors-158714374-308f38a4be5744a2b522593f38e7f7a6.jpg,0486.jpg,F:\NTSE\lab01\dataset\dog\0486.jpg,../lab01/dataset/dog/0486.jpg,dog
2026-10-05T21:13:23+03:00,https://cdn.mos.cms.futurecdn.net/g3wKjFXJCuw4L72DuZaqGa.jpg,0487.jpg,F:\NTSE\lab01\dataset\dog\0487.jpg,../lab01/dataset/dog/0487.jpg,dog
2026-10-05T21:13:25+03:00,https://thumbs.dreamstime.com/z/overweight-fat-labrador-retriever-dog-sitting-panting-isolated-white-background-387526761.jpg,0488.jpg,F:\NTSE\lab01\dataset\dog\0488.jpg,../lab01/dataset/dog/0488.jpg,dog
2026-10-05T21:13:26+03:00,https://buzzsharer.com/wp-content/uploads/2022/03/1-10.jpg,0489.jpg,F:\NTSE\lab01\dataset\dog\0489.jpg,../lab01/dataset/dog/0489.jpg,dog
2026-10-05T21:13:27+03:00,https://thumbs.dreamstime.com/z/retriever-labrador-22572141.jpg,0490.jpg,F:\NTSE\lab01\dataset\dog\0490.jpg,../lab01/dataset/dog/0490.jpg,dog
2026-10-05T21:13:29+03:00,https://greatdanecare.com/wp-content/uploads/2020/09/great-dane-closeup.jpg,0491.jpg,F:\NTSE\lab01\dataset\dog\0491.jpg,../lab01/dataset/dog/0491.jpg,dog
2026-10-05T21:13:31+03:00,https://img-s-msn-com.akamaized.net/tenant/amp/entityid/AA1Gre7c.img?w=1920&h=1280&m=4&q=89,0492.jpg,F:\NTSE\lab01\dataset\dog\0492.jpg,../lab01/dataset/dog/0492.jpg,dog
2026-10-05T21:14:53+03:00,https://pet-health-content-media.chewy.com/wp-content/uploads/2024/09/11170618/202106GettyImages-94999456-scaled-1.jpg,0493.jpg,F:\NTSE\lab01\dataset\dog\0493.jpg,../lab01/dataset/dog/0493.jpg,dog
2026-10-05T21:14:56+03:00,https://n1s1.hsmedia.ru/10/9f/60/109f603194c788d53f78089f7a2e83b8/1456x1140_1_d01c82e8114db369755077268d1fdb6f@5000x3916_0xXSpOlBGA_5609009410613037301.jpg.webp,0494.jpg,F:\NTSE\lab01\dataset\dog\0494.jpg,../lab01/dataset/dog/0494.jpg,dog
2026-10-05T21:14:57+03:00,https://spotpet.com/_next/image?url=https%3A%2F%2Fimages.ctfassets.net%2Fm5ehn3s5t7ec%2Fwp-image-199827%2F76a58d8838815d4499a5405292bd6183%2FGreat_Dane.jpeg&w=3840&q=75,0495.jpg,F:\NTSE\lab01\dataset\dog\0495.jpg,../lab01/dataset/dog/0495.jpg,dog
2026-10-05T21:14:59+03:00,https://cdn.greenfieldpuppies.com/wp-content/uploads/2019/01/west-highland-terrier-standing-outside-wearing-a-dog-coat-1600x1067.jpg,0496.jpg,F:\NTSE\lab01\dataset\dog\0496.jpg,../lab01/dataset/dog/0496.jpg,dog
2026-10-05T21:15:01+03:00,https://i.pinimg.com/originals/84/33/f5/8433f569eb20946408dd1324537738b0.jpg,0497.jpg,F:\NTSE\lab01\dataset\dog\0497.jpg,../lab01/dataset/dog/0497.jpg,dog
2026-10-05T21:15:02+03:00,https://a.storyblok.com/f/152976/1254x836/f53477fde1/adult-cocker-spaniel-dog-lying-on-warm-floor-indoors.jpg/m/fit-in/1152x0/filters:format(jpeg):quality(75),0498.jpg,F:\NTSE\lab01\dataset\dog\0498.jpg,../lab01/dataset/dog/0498.jpg,dog
2026-10-05T21:15:04+03:00,https://radiovera.ru/wp-content/uploads/2024/06/katelyn-macmillan-bvMUtFN0mIE-unsplash-1-1.jpg,0499.jpg,F:\NTSE\lab01\dataset\dog\0499.jpg,../lab01/dataset/dog/0499.jpg,dog
2026-10-05T21:15:05+03:00,https://thumbs.dreamstime.com/z/regal-powerful-grey-spotted-pet-great-dane-dog-sitting-grass-tethered-collar-lead-gray-spotted-great-dane-dog-150758046.jpg,0500.jpg,F:\NTSE\lab01\dataset\dog\0500.jpg,../lab01/dataset/dog/0500.jpg,dog
2026-10-05T21:15:06+03:00,https://i.pinimg.com/originals/25/1a/81/251a810a9c7e1b7464f02591fc704973.jpg,0501.jpg,F:\NTSE\lab01\dataset\dog\0501.jpg,../lab01/dataset/dog/0501.jpg,dog
2026-10-05T21:15:08+03:00,https://www.shutterstock.com/shutterstock/photos/138567335/display_1500/stock-photo-labrador-dog-in-a-chair-138567335.jpg,0502.jpg,F:\NTSE\lab01\dataset\dog\0502.jpg,../lab01/dataset/dog/0502.jpg,dog
2026-10-05T21:15:09+03:00,https://s0.rbk.ru/v6_top_pics/media/img/7/97/347755859579977.webp,0503.jpg,F:\NTSE\lab01\dataset\dog\0503.jpg,../lab01/dataset/dog/0503.jpg,dog
2026-10-05T21:15:11+03:00,https://worldanimalfoundation.org/wp-content/uploads/2025/03/Dogo-Argentino-11.webp,0504.jpg,F:\NTSE\lab01\dataset\dog\0504.jpg,../lab01/dataset/dog/0504.jpg,dog
2026-10-05T21:15:12+03:00,https://www.caninejournal.com/wp-content/uploads/dog-squatting-with-diarrhea.jpg,0505.jpg,F:\NTSE\lab01\dataset\dog\0505.jpg,../lab01/dataset/dog/0505.jpg,dog
2026-10-05T21:15:13+03:00,https://c8.alamy.com/comp/C3C1RB/bernese-mountain-dog-6-years-old-sitting-in-front-of-white-background-C3C1RB.jpg,0506.jpg,F:\NTSE\lab01\dataset\dog\0506.jpg,../lab01/dataset/dog/0506.jpg,dog
2026-10-05T21:15:15+03:00,https://i2-prod.mirror.co.uk/article36814930.ece/ALTERNATES/s1200f/0_4-Little-dogs-running-in-a-row.jpg,0507.jpg,F:\NTSE\lab01\dataset\dog\0507.jpg,../lab01/dataset/dog/0507.jpg,dog
2026-10-05T21:15:16+03:00,https://i.pinimg.com/originals/87/aa/9b/87aa9ba400dad8b67e7db3011fddc4b4.jpg,0508.jpg,F:\NTSE\lab01\dataset\dog\0508.jpg,../lab01/dataset/dog/0508.jpg,dog
2026-10-05T21:15:17+03:00,https://i.pinimg.com/originals/b8/6e/7a/b86e7a34583a83a1b9042fd3c14c881b.jpg,0509.jpg,F:\NTSE\lab01\dataset\dog\0509.jpg,../lab01/dataset/dog/0509.jpg,dog
2026-10-05T21:15:18+03:00,https://m.netinfo.bg/media/images/50709/50709189/1250-666-kuche-leglo.jpg,0510.jpg,F:\NTSE\lab01\dataset\dog\0510.jpg,../lab01/dataset/dog/0510.jpg,dog
2026-10-05T21:15:20+03:00,https://storage.yandexcloud.net/yac-wh-sb-prod-s3-media-03003/uploads/wysiwyg/0e24e504014c1d4a115fc0d5e84785f4.webp,0511.jpg,F:\NTSE\lab01\dataset\dog\0511.jpg,../lab01/dataset/dog/0511.jpg,dog
2026-10-05T21:15:23+03:00,https://media.nbcsandiego.com/2019/09/GettyImages-1178352376.jpg?quality=85&strip=all&resize=1200%2C675,0512.jpg,F:\NTSE\lab01\dataset\dog\0512.jpg,../lab01/dataset/dog/0512.jpg,dog
2026-10-05T21:15:24+03:00,https://www.bubblypet.com/wp-content/uploads/2022/12/White-and-black-Great-Dane-with-cropped-ears-2048x1366.jpg,0513.jpg,F:\NTSE\lab01\dataset\dog\0513.jpg,../lab01/dataset/dog/0513.jpg,dog
2026-10-05T21:15:26+03:00,https://images.steamusercontent.com/ugc/2029471895377805454/AB50F6D6BD59E861B5157EC7935CC2B15B892582/,0514.jpg,F:\NTSE\lab01\dataset\dog\0514.jpg,../lab01/dataset/dog/0514.jpg,dog
2026-10-05T21:15:28+03:00,https://static.vecteezy.com/system/resources/previews/025/796/707/non_2x/happy-smiling-dog-white-background-photo.jpeg,0515.jpg,F:\NTSE\lab01\dataset\dog\0515.jpg,../lab01/dataset/dog/0515.jpg,dog
2026-10-05T21:15:30+03:00,https://assets.yourlifechoices.com.au/2024/04/17154331/dog-poo-1200.jpg,0516.jpg,F:\NTSE\lab01\dataset\dog\0516.jpg,../lab01/dataset/dog/0516.jpg,dog
2026-10-05T21:15:31+03:00,https://i.pinimg.com/originals/ac/62/9f/ac629fd35f6b3fbb90aece47852b1ee9.jpg,0517.jpg,F:\NTSE\lab01\dataset\dog\0517.jpg,../lab01/dataset/dog/0517.jpg,dog
2026-10-05T21:15:32+03:00,https://i.pinimg.com/originals/b0/26/70/b02670fc3f197493d04b4ceb42e42836.jpg?nii=t,0518.jpg,F:\NTSE\lab01\dataset\dog\0518.jpg,../lab01/dataset/dog/0518.jpg,dog
2026-10-05T21:15:38+03:00,https://i.pinimg.com/originals/77/ab/ea/77abea1de07cc3461ed7d5fd926c745a.png,0519.jpg,F:\NTSE\lab01\dataset\dog\0519.jpg,../lab01/dataset/dog/0519.jpg,dog
2026-10-05T21:15:40+03:00,https://cdn.greenfieldpuppies.com/wp-content/uploads/2016/07/French-Mastiff-1600x700.jpg,0520.jpg,F:\NTSE\lab01\dataset\dog\0520.jpg,../lab01/dataset/dog/0520.jpg,dog
2026-10-05T21:15:42+03:00,https://consumer-cms.petfinder.com/sites/default/files/images/content/Miniature%20Poodle%20%201.jpg,0521.jpg,F:\NTSE\lab01\dataset\dog\0521.jpg,../lab01/dataset/dog/0521.jpg,dog
2026-10-05T21:15:44+03:00,https://photowebexpo.ru/assets/uploads/images/PHOTOGRAPHY/COMPETITIONS/Dog-Photography-Awards/22/1/PhotoWebExpo-102-Christin-Scholz-Dog-Photography-Awards-2022.jpg,0522.jpg,F:\NTSE\lab01\dataset\dog\0522.jpg,../lab01/dataset/dog/0522.jpg,dog
2026-10-05T21:15:46+03:00,https://repeat-storage-s3.storage.yandexcloud.net/960/conversions/shutterstock_2146753791_preview-webp.webp,0523.jpg,F:\NTSE\lab01\dataset\dog\0523.jpg,../lab01/dataset/dog/0523.jpg,dog
2026-10-05T21:15:47+03:00,https://i.ytimg.com/vi/XNqoGPWOjVw/maxresdefault.jpg,0524.jpg,F:\NTSE\lab01\dataset\dog\0524.jpg,../lab01/dataset/dog/0524.jpg,dog
2026-10-05T21:15:49+03:00,https://resizer.mail.ru/p/8b612c1f-26b1-5739-bc44-d858c253d3fd/dpr:200/AQAOuHTiNFsi6A3pN1EFscPY4LWwXyG9OnAy5IprxL0YDws6bAnyjtV6o3WN9GZ3SMh6nVSyrwZDz8Fwt71uT9-80qg.jpg,0525.jpg,F:\NTSE\lab01\dataset\dog\0525.jpg,../lab01/dataset/dog/0525.jpg,dog
2026-10-05T21:15:51+03:00,https://upload.wikimedia.org/wikipedia/commons/6/64/White_Pomeranian.jpg,0526.jpg,F:\NTSE\lab01\dataset\dog\0526.jpg,../lab01/dataset/dog/0526.jpg,dog
2026-10-05T21:15:53+03:00,https://img.republicworld.com/all_images/international-dog-day-1756205077335-16_9.webp,0527.jpg,F:\NTSE\lab01\dataset\dog\0527.jpg,../lab01/dataset/dog/0527.jpg,dog
2026-10-05T21:16:00+03:00,https://i.ytimg.com/vi/lyCvVrALn3E/maxresdefault.jpg,0528.jpg,F:\NTSE\lab01\dataset\dog\0528.jpg,../lab01/dataset/dog/0528.jpg,dog
2026-10-05T21:16:01+03:00,https://i.ytimg.com/vi/swnf4Qqv5IA/maxresdefault.jpg?sqp=-oaymwEmCIAKENAF8quKqQMa8AEB-AH-CYAC0AWKAgwIABABGGUgUyhGMA8=&rs=AOn4CLASChWCLUtKR4kqjHgWCMv9Olx4QQ,0529.jpg,F:\NTSE\lab01\dataset\dog\0529.jpg,../lab01/dataset/dog/0529.jpg,dog
2026-10-05T21:16:03+03:00,https://s.yimg.com/ny/api/res/1.2/llLnIiFaYZ5g.dsSySduLg--/YXBwaWQ9aGlnaGxhbmRlcjt3PTEyNDI7aD04Mjg7Y2Y9d2VicA--/https://media.zenfs.com/en/country_living_105/cc5802d4d6df22c396587556ce8b2974,0530.jpg,F:\NTSE\lab01\dataset\dog\0530.jpg,../lab01/dataset/dog/0530.jpg,dog
2026-10-05T21:16:04+03:00,https://c.pxhere.com/images/fe/cb/48bcb8d53778a925f0cf5707eb99-1697910.jpg!d,0531.jpg,F:\NTSE\lab01\dataset\dog\0531.jpg,../lab01/dataset/dog/0531.jpg,dog
2026-10-05T21:16:06+03:00,https://s.hdnux.com/photos/01/32/52/73/23768825/3/rawImage.jpg,0532.jpg,F:\NTSE\lab01\dataset\dog\0532.jpg,../lab01/dataset/dog/0532.jpg,dog
2026-10-05T21:16:08+03:00,https://images.pexels.com/photos/686094/pexels-photo-686094.jpeg?cs=srgb&dl=pexels-garfield-besa-95119-686094.jpg&fm=jpg,0533.jpg,F:\NTSE\lab01\dataset\dog\0533.jpg,../lab01/dataset/dog/0533.jpg,dog
2026-10-05T21:16:09+03:00,"https://images.prismic.io/siebencarey/ZkNlOyol0Zci9HIc_27c6cce3-2b3e-4fd3-a8e4-5f7ba790f018.jpeg1a.jpg?auto=format,compress",0534.jpg,F:\NTSE\lab01\dataset\dog\0534.jpg,../lab01/dataset/dog/0534.jpg,dog
2026-10-05T21:16:11+03:00,https://www.protectivity.com/wp-content/uploads/2024/07/Dog-breeds_french-mastiff-1024x776.jpg,0535.jpg,F:\NTSE\lab01\dataset\dog\0535.jpg,../lab01/dataset/dog/0535.jpg,dog
2026-10-05T21:16:12+03:00,https://thumbs.dreamstime.com/z/dog-bowl-hungry-adorable-german-shepherd-looking-waiting-eagerly-his-to-be-filled-food-82364932.jpg,0536.jpg,F:\NTSE\lab01\dataset\dog\0536.jpg,../lab01/dataset/dog/0536.jpg,dog
2026-10-05T21:16:14+03:00,https://wallpaper.forfun.com/fetch/d9/d91ce8621b0fcef57d96fe153ec959c6.jpeg?w=1470&r=0.5625&f=webp,0537.jpg,F:\NTSE\lab01\dataset\dog\0537.jpg,../lab01/dataset/dog/0537.jpg,dog
2026-10-05T21:16:15+03:00,https://media.timeout.com/images/105918362/image.jpg,0538.jpg,F:\NTSE\lab01\dataset\dog\0538.jpg,../lab01/dataset/dog/0538.jpg,dog
2026-10-05T21:16:17+03:00,https://happieanimals.com/wp-content/uploads/2023/12/Dogo-Argentino-6.png,0539.jpg,F:\NTSE\lab01\dataset\dog\0539.jpg,../lab01/dataset/dog/0539.jpg,dog
2026-10-05T21:16:18+03:00,https://i.ytimg.com/vi/6lUbOYn9ouo/maxresdefault.jpg,0540.jpg,F:\NTSE\lab01\dataset\dog\0540.jpg,../lab01/dataset/dog/0540.jpg,dog
2026-10-05T21:16:19+03:00,https://i.ytimg.com/vi/wJwnsKDrtwE/maxresdefault.jpg,0541.jpg,F:\NTSE\lab01\dataset\dog\0541.jpg,../lab01/dataset/dog/0541.jpg,dog
2026-10-05T21:16:20+03:00,https://c02.purpledshub.com/uploads/sites/41/2022/05/Dog-play-bow-ce46a23.jpg?webp=1&w=1200,0542.jpg,F:\NTSE\lab01\dataset\dog\0542.jpg,../lab01/dataset/dog/0542.jpg,dog
2026-10-05T21:16:22+03:00,https://imgix.bustle.com/uploads/shutterstock/2019/7/18/86b8f71e-a641-4c3f-bf7e-6711dad8da97-shutterstock-1131702440.jpg?w=614&h=409&fit=crop&crop=faces&dpr=2,0543.jpg,F:\NTSE\lab01\dataset\dog\0543.jpg,../lab01/dataset/dog/0543.jpg,dog
2026-10-05T21:16:24+03:00,https://i2.wp.com/robbreport.com.my/wp-content/uploads/sites/2/2016/06/BOB5MostExpensiveDogBreeds_Samoyed.jpg,0544.jpg,F:\NTSE\lab01\dataset\dog\0544.jpg,../lab01/dataset/dog/0544.jpg,dog
2026-10-05T21:16:25+03:00,https://i2-prod.mirror.co.uk/article13607805.ece/ALTERNATES/s1200e/0_The-cutest-dog-in-town.jpg,0545.jpg,F:\NTSE\lab01\dataset\dog\0545.jpg,../lab01/dataset/dog/0545.jpg,dog
2026-10-05T21:16:27+03:00,https://s0.rbk.ru/v6_top_pics/media/img/7/35/346940670229357.webp,0546.jpg,F:\NTSE\lab01\dataset\dog\0546.jpg,../lab01/dataset/dog/0546.jpg,dog
2026-10-05T21:16:30+03:00,https://www.madpaws.com.au/wp-content/uploads/2024/04/shutterstock_2228344711-1.jpg,0547.jpg,F:\NTSE\lab01\dataset\dog\0547.jpg,../lab01/dataset/dog/0547.jpg,dog
2026-10-05T21:16:31+03:00,https://cdn.profile.ru/wp-content/uploads/2021/10/546843578644.jpg,0548.jpg,F:\NTSE\lab01\dataset\dog\0548.jpg,../lab01/dataset/dog/0548.jpg,dog
2026-10-05T21:16:32+03:00,https://static.ra.co/images/profiles/square/healthydog.jpg?dateUpdated=1705321467000,0549.jpg,F:\NTSE\lab01\dataset\dog\0549.jpg,../lab01/dataset/dog/0549.jpg,dog
2026-10-05T21:16:34+03:00,https://s0.rbk.ru/v6_top_pics/media/img/5/82/346974388878825.webp,0550.jpg,F:\NTSE\lab01\dataset\dog\0550.jpg,../lab01/dataset/dog/0550.jpg,dog
2026-10-05T21:16:35+03:00,https://i.pinimg.com/originals/05/e1/d1/05e1d126ab952905ded3570196cdada1.jpg?nii=t,0551.jpg,F:\NTSE\lab01\dataset\dog\0551.jpg,../lab01/dataset/dog/0551.jpg,dog
2026-10-05T21:16:36+03:00,https://i.pinimg.com/originals/69/6f/51/696f51445b186ba14b29a5c336be87c1.jpg,0552.jpg,F:\NTSE\lab01\dataset\dog\0552.jpg,../lab01/dataset/dog/0552.jpg,dog
2026-10-05T21:16:37+03:00,https://i.ytimg.com/vi/s47bmEQn9ZM/maxresdefault.jpg,0553.jpg,F:\NTSE\lab01\dataset\dog\0553.jpg,../lab01/dataset/dog/0553.jpg,dog
2026-10-05T21:16:38+03:00,https://nypost.com/wp-content/uploads/sites/2/2018/01/istock-642053946.jpg?quality=75&strip=all&w=1024,0554.jpg,F:\NTSE\lab01\dataset\dog\0554.jpg,../lab01/dataset/dog/0554.jpg,dog
2026-10-05T21:16:40+03:00,https://i.dailymail.co.uk/1s/2025/11/24/13/104141473-0-image-m-40_1763991486464.jpg,0555.jpg,F:\NTSE\lab01\dataset\dog\0555.jpg,../lab01/dataset/dog/0555.jpg,dog
2026-10-05T21:16:41+03:00,https://www.k9web.com/wp-content/uploads/2020/09/golden-retrievers-temperement.jpg,0556.jpg,F:\NTSE\lab01\dataset\dog\0556.jpg,../lab01/dataset/dog/0556.jpg,dog
2026-10-05T21:16:42+03:00,https://i.pinimg.com/originals/d7/ed/d5/d7edd5ab8bd3eca6d97ae70a3207e21a.jpg,0557.jpg,F:\NTSE\lab01\dataset\dog\0557.jpg,../lab01/dataset/dog/0557.jpg,dog
2026-10-05T21:16:44+03:00,https://static2.bigstockphoto.com/1/0/2/large1500/201780571.jpg,0558.jpg,F:\NTSE\lab01\dataset\dog\0558.jpg,../lab01/dataset/dog/0558.jpg,dog
2026-10-05T21:16:46+03:00,https://image.shutterstock.com/shutterstock/photos/1826296490/display_1500/stock-photo-profile-black-labrador-puppy-dog-isolated-on-white-background-1826296490.jpg,0559.jpg,F:\NTSE\lab01\dataset\dog\0559.jpg,../lab01/dataset/dog/0559.jpg,dog
2026-10-05T21:16:48+03:00,https://www.zooplus.co.uk/magazine/wp-content/uploads/2018/07/Basset-Hound-breed.webp,0560.jpg,F:\NTSE\lab01\dataset\dog\0560.jpg,../lab01/dataset/dog/0560.jpg,dog
2026-10-05T21:16:50+03:00,https://pet-health-content-media.chewy.com/wp-content/uploads/2024/09/11171555/202106Dogo-Argentino-FeaturedImage.jpg,0561.jpg,F:\NTSE\lab01\dataset\dog\0561.jpg,../lab01/dataset/dog/0561.jpg,dog
2026-10-05T21:16:51+03:00,https://i.pinimg.com/originals/b4/22/3c/b4223c7a1aa52e6c87f27f33d0b74fb1.jpg,0562.jpg,F:\NTSE\lab01\dataset\dog\0562.jpg,../lab01/dataset/dog/0562.jpg,dog
2026-10-05T21:16:52+03:00,https://i.ytimg.com/vi/W2HOSvI2A88/maxresdefault.jpg,0563.jpg,F:\NTSE\lab01\dataset\dog\0563.jpg,../lab01/dataset/dog/0563.jpg,dog
2026-10-05T21:16:53+03:00,https://c8.alamy.com/comp/2CAW50K/fluffy-caramel-australian-cobberdog-laying-down-facing-front-eyes-not-showing-due-long-hair-isolated-on-white-background-mouth-open-showing-long-t-2CAW50K.jpg,0564.jpg,F:\NTSE\lab01\dataset\dog\0564.jpg,../lab01/dataset/dog/0564.jpg,dog
2026-10-05T21:16:55+03:00,https://s.yimg.com/lo/mysterio/api/be88855795d82593d451187c3eb0a5fb834d5e040215a4acbcf86cee75e8d4c3/lightyear_networkapi/resizefill_w1200%3Bquality_80%3Bformat_jpg/https%3A%2F%2Fmedia.zenfs.com%2Fen%2Fparade_pets_articles_328%2Fe8d19b1e610276b26a28750f9ee82da3.jpg,0565.jpg,F:\NTSE\lab01\dataset\dog\0565.jpg,../lab01/dataset/dog/0565.jpg,dog
2026-10-05T21:16:56+03:00,https://avatars.yandex.net/get-music-content/9837520/6812efda.a.31510583-1/m1000x1000,0566.jpg,F:\NTSE\lab01\dataset\dog\0566.jpg,../lab01/dataset/dog/0566.jpg,dog
2026-10-05T21:17:00+03:00,https://www.my-personaltrainer.it/2025/06/19/dogo-argentino-orig.jpeg,0567.jpg,F:\NTSE\lab01\dataset\dog\0567.jpg,../lab01/dataset/dog/0567.jpg,dog
2026-10-05T21:17:02+03:00,https://static3.bigstockphoto.com/7/7/6/large1500/67745155.jpg,0568.jpg,F:\NTSE\lab01\dataset\dog\0568.jpg,../lab01/dataset/dog/0568.jpg,dog
2026-10-05T21:17:04+03:00,https://static2.bigstockphoto.com/7/3/3/large1500/3375441.jpg,0569.jpg,F:\NTSE\lab01\dataset\dog\0569.jpg,../lab01/dataset/dog/0569.jpg,dog
2026-10-05T21:17:04+03:00,https://i.pinimg.com/736x/41/c2/84/41c2848cf94800a39fc8c2ca04ce4505.jpg,0570.jpg,F:\NTSE\lab01\dataset\dog\0570.jpg,../lab01/dataset/dog/0570.jpg,dog
2026-10-05T21:17:06+03:00,https://www.dog-breeds.net/wp-content/uploads/2025/03/AKC-Herding-Group.webp,0571.jpg,F:\NTSE\lab01\dataset\dog\0571.jpg,../lab01/dataset/dog/0571.jpg,dog
2026-10-05T21:17:08+03:00,https://pet-guide.ru/wp-content/uploads/2023/03/vospitanie-i-dressirovka-nemeczkogo-shpicza.jpg,0572.jpg,F:\NTSE\lab01\dataset\dog\0572.jpg,../lab01/dataset/dog/0572.jpg,dog
2026-10-05T21:17:10+03:00,https://as1.ftcdn.net/jpg/01/83/78/64/1000_F_183786496_t1RNzNtliC8RPdAavZkpjX1Kw04X3tWm.jpg,0573.jpg,F:\NTSE\lab01\dataset\dog\0573.jpg,../lab01/dataset/dog/0573.jpg,dog
2026-10-05T21:17:11+03:00,https://as2.ftcdn.net/jpg/06/72/31/29/1000_F_672312911_BVIjtn81t3Q5ldJSrTWmzEbxkTiUAWHM.jpg,0574.jpg,F:\NTSE\lab01\dataset\dog\0574.jpg,../lab01/dataset/dog/0574.jpg,dog
2026-10-05T21:17:14+03:00,https://cdn.greenfieldpuppies.com/wp-content/uploads/2018/09/happy-puppy-playing-in-the-grass.jpg,0575.jpg,F:\NTSE\lab01\dataset\dog\0575.jpg,../lab01/dataset/dog/0575.jpg,dog
2026-10-05T21:17:15+03:00,https://i.pinimg.com/originals/55/9f/eb/559feb298d2dba191b72310c59d8b11b.jpg,0576.jpg,F:\NTSE\lab01\dataset\dog\0576.jpg,../lab01/dataset/dog/0576.jpg,dog
2026-10-05T21:17:16+03:00,https://tipaw-api-assets.s3.eu-central-1.amazonaws.com/img_uploads/1ed319e8-8474-4188-87d7-c21d667269f0___.webp,0577.jpg,F:\NTSE\lab01\dataset\dog\0577.jpg,../lab01/dataset/dog/0577.jpg,dog
2026-10-05T21:17:17+03:00,https://s.hdnux.com/photos/01/35/30/60/24480810/5/rawImage.jpg,0578.jpg,F:\NTSE\lab01\dataset\dog\0578.jpg,../lab01/dataset/dog/0578.jpg,dog
2026-10-05T21:17:20+03:00,https://api.zapovednik96.ru/articles/6d856fb978a8fbbd5e9a4d3bafab3f35.jpg,0579.jpg,F:\NTSE\lab01\dataset\dog\0579.jpg,../lab01/dataset/dog/0579.jpg,dog
2026-10-05T21:17:21+03:00,https://iheartdogs.com/wp-content/uploads/2024/10/shutterstock_2065163813-1400x935.jpg,0580.jpg,F:\NTSE\lab01\dataset\dog\0580.jpg,../lab01/dataset/dog/0580.jpg,dog
2026-10-05T21:17:22+03:00,https://as2.ftcdn.net/jpg/00/77/67/33/1000_F_77673375_iafCAs9tduL207uYiztKrjwt6oEd7vhg.jpg,0581.jpg,F:\NTSE\lab01\dataset\dog\0581.jpg,../lab01/dataset/dog/0581.jpg,dog
2026-10-05T21:17:30+03:00,https://worldanimalfoundation.org/wp-content/uploads/2025/03/Dogo-Argentino-9.webp,0582.jpg,F:\NTSE\lab01\dataset\dog\0582.jpg,../lab01/dataset/dog/0582.jpg,dog
2026-10-05T21:17:31+03:00,https://c8.alamy.com/comp/2Y0E5TT/sitting-dogue-de-bordeau-wearing-a-dog-isolated-on-white-2Y0E5TT.jpg,0583.jpg,F:\NTSE\lab01\dataset\dog\0583.jpg,../lab01/dataset/dog/0583.jpg,dog
2026-10-05T21:17:32+03:00,https://www.rover.com/blog/wp-content/uploads/how-much-exercise-does-dog-need.jpg,0584.jpg,F:\NTSE\lab01\dataset\dog\0584.jpg,../lab01/dataset/dog/0584.jpg,dog
2026-10-05T21:17:33+03:00,https://i.pinimg.com/originals/11/7e/1e/117e1e5ef7fe7a4e10026b531dc25b33.jpg,0585.jpg,F:\NTSE\lab01\dataset\dog\0585.jpg,../lab01/dataset/dog/0585.jpg,dog
2026-10-05T21:18:17+03:00,https://static.tildacdn.com/tild3366-3830-4261-b937-646133666161/samoyed-with-6-month.png,0586.jpg,F:\NTSE\lab01\dataset\dog\0586.jpg,../lab01/dataset/dog/0586.jpg,dog
2026-10-05T21:18:19+03:00,https://i.ytimg.com/vi/ZD23NQosEgs/maxresdefault.jpg,0587.jpg,F:\NTSE\lab01\dataset\dog\0587.jpg,../lab01/dataset/dog/0587.jpg,dog
2026-10-05T21:18:20+03:00,https://photobooth.cdn.sports.ru/preset/post/c/e4/ae13b57924285b29e669825bb17cb.jpeg?f=webp&q=90&s=2x&w=730,0588.jpg,F:\NTSE\lab01\dataset\dog\0588.jpg,../lab01/dataset/dog/0588.jpg,dog
2026-10-05T21:19:48+03:00,https://thumbs.dreamstime.com/z/shepard-%D0%BD%D0%B5%D0%BC%D1%86%D0%B0-%D1%81%D0%BE%D0%B1%D0%B0%D0%BA%D0%B8-15144411.jpg,0589.jpg,F:\NTSE\lab01\dataset\dog\0589.jpg,../lab01/dataset/dog/0589.jpg,dog
2026-10-05T21:18:23+03:00,https://worldanimalfoundation.org/wp-content/uploads/2025/03/Rottweiler-8.webp,0590.jpg,F:\NTSE\lab01\dataset\dog\0590.jpg,../lab01/dataset/dog/0590.jpg,dog
2026-10-05T21:18:24+03:00,https://i.pinimg.com/originals/ff/8f/0d/ff8f0d1b96d791c4f8e3bc971da7bf8e.jpg?nii=t,0591.jpg,F:\NTSE\lab01\dataset\dog\0591.jpg,../lab01/dataset/dog/0591.jpg,dog
2026-10-05T21:18:25+03:00,https://i.pinimg.com/originals/c5/57/05/c557059a0b9dfe725e3297a334e46586.jpg,0592.jpg,F:\NTSE\lab01\dataset\dog\0592.jpg,../lab01/dataset/dog/0592.jpg,dog
2026-10-05T21:18:27+03:00,https://i.pinimg.com/originals/c8/54/c4/c854c4ca6f8f79817c545a88f5bbe0c2.png?nii=t,0593.jpg,F:\NTSE\lab01\dataset\dog\0593.jpg,../lab01/dataset/dog/0593.jpg,dog
2026-10-05T21:18:28+03:00,https://i.ytimg.com/vi/cyzrCyOXeW8/maxresdefault.jpg,0594.jpg,F:\NTSE\lab01\dataset\dog\0594.jpg,../lab01/dataset/dog/0594.jpg,dog
2026-10-05T21:19:49+03:00,https://cdn.shopify.com/s/files/1/0745/6325/6634/files/Afghan_Hound.jpg?v=1708427785,0595.jpg,F:\NTSE\lab01\dataset\dog\0595.jpg,../lab01/dataset/dog/0595.jpg,dog
2026-10-05T21:19:51+03:00,https://z.nouwcdn.com/medias/u/1471628/201804272011028414_sbig.webp,0596.jpg,F:\NTSE\lab01\dataset\dog\0596.jpg,../lab01/dataset/dog/0596.jpg,dog
2026-10-05T21:21:10+03:00,https://i.pinimg.com/736x/de/34/d0/de34d0540a176adf807369b660cc53e0.jpg,0597.jpg,F:\NTSE\lab01\dataset\dog\0597.jpg,../lab01/dataset/dog/0597.jpg,dog
2026-10-05T21:21:12+03:00,https://c02.purpledshub.com/uploads/sites/47/2025/04/cairn-terrier.jpg?webp=1&w=1200,0598.jpg,F:\NTSE\lab01\dataset\dog\0598.jpg,../lab01/dataset/dog/0598.jpg,dog
2026-10-05T21:22:33+03:00,https://pet-health-content-media.chewy.com/wp-content/uploads/2026/05/12173457/hypoallergenic-dog-shih-tzu.jpg,0599.jpg,F:\NTSE\lab01\dataset\dog\0599.jpg,../lab01/dataset/dog/0599.jpg,dog
2026-10-05T21:22:34+03:00,https://thumbs.dreamstime.com/z/%D0%B0%D0%BA%D0%B8%D1%82%D0%B0-inu-%D0%B3%D0%BE-%D0%B0-%D1%81%D1%82%D0%B0%D1%80%D0%BE%D0%B3%D0%BE-%D0%B5%D0%B6%D0%B0-%D0%B8-%D0%B7%D0%B0-%D1%8B%D1%85%D0%B0%D1%8F%D1%81%D1%8C-30819435.jpg,0600.jpg,F:\NTSE\lab01\dataset\dog\0600.jpg,../lab01/dataset/dog/0600.jpg,dog
2026-10-05T21:22:36+03:00,"https://www.bedfordtoday.co.uk/webimg/T0FLMTMyODgyNTY1.jpg?width=1200&auto=webp&quality=75&crop=3:2,smart&trim=",0601.jpg,F:\NTSE\lab01\dataset\dog\0601.jpg,../lab01/dataset/dog/0601.jpg,dog
2026-10-05T21:22:37+03:00,"https://www.scotsman.com/webimg/b25lY21zOjA2ZGUwMWI2LWQzZWUtNGE1NC1hZDVlLWY0MzFmMTYzMGMwYTowYmZkYTQyZi1jNTBjLTRkOTQtYWM4YS1lNjk3NTY0YzQwYjQ=.jpg?width=1200&auto=webp&quality=75&crop=3:2,smart&trim=",0602.jpg,F:\NTSE\lab01\dataset\dog\0602.jpg,../lab01/dataset/dog/0602.jpg,dog
2026-10-05T21:22:39+03:00,https://image.shutterstock.com/shutterstock/photos/1779774842/display_1500/stock-photo-puppy-great-dane-in-front-of-white-background-1779774842.jpg,0603.jpg,F:\NTSE\lab01\dataset\dog\0603.jpg,../lab01/dataset/dog/0603.jpg,dog
2026-10-05T21:22:41+03:00,https://thumbs.dreamstime.com/z/young-happy-smiling-white-samoyed-dog-bjelkier-sammy-sit-outdoor-funny-young-happy-smiling-white-samoyed-dog-bjelkier-sammy-112326727.jpg,0604.jpg,F:\NTSE\lab01\dataset\dog\0604.jpg,../lab01/dataset/dog/0604.jpg,dog
2026-10-05T21:22:42+03:00,https://cdn2.botanichka.ru/wp-content/uploads/2024/05/kak-otuchit-sobaku-layat-razbiraemsya-v-prichine-1.jpg,0605.jpg,F:\NTSE\lab01\dataset\dog\0605.jpg,../lab01/dataset/dog/0605.jpg,dog
2026-10-05T21:22:44+03:00,https://www.shutterstock.com/shutterstock/photos/1573426774/display_1500/stock-photo-adorable-beagle-dog-on-color-background-1573426774.jpg,0606.jpg,F:\NTSE\lab01\dataset\dog\0606.jpg,../lab01/dataset/dog/0606.jpg,dog
2026-10-05T21:22:46+03:00,https://i.ytimg.com/vi/rZi9zmGEeNc/maxresdefault.jpg,0607.jpg,F:\NTSE\lab01\dataset\dog\0607.jpg,../lab01/dataset/dog/0607.jpg,dog
2026-10-05T21:22:47+03:00,https://thumbs.dreamstime.com/z/playful-border-collie-australian-cattle-dog-mixed-breed-dog-play-bow-position-playful-border-collie-australian-cattle-186401624.jpg,0608.jpg,F:\NTSE\lab01\dataset\dog\0608.jpg,../lab01/dataset/dog/0608.jpg,dog
2026-10-05T21:22:50+03:00,https://i.pinimg.com/originals/6b/d2/dc/6bd2dc18be5d20a431f01b2ee632bdc7.jpg?nii=t,0609.jpg,F:\NTSE\lab01\dataset\dog\0609.jpg,../lab01/dataset/dog/0609.jpg,dog
2026-10-05T21:22:51+03:00,https://thumbs.dreamstime.com/z/%D1%81%D0%BE%D0%B1%D0%B0%D0%BA%D0%B0-%D0%B4%D0%B0%D1%82%D1%87%D0%B0%D0%BD%D0%B8%D0%BD%D0%B0-%D0%B1%D0%BE%D0%BB%D1%8C%D1%88%D0%B0%D1%8F-22525931.jpg,0610.jpg,F:\NTSE\lab01\dataset\dog\0610.jpg,../lab01/dataset/dog/0610.jpg,dog
2026-10-05T21:22:52+03:00,https://petnews.com.au/wp-content/uploads/2022/09/iStock-1204295579.jpg,0611.jpg,F:\NTSE\lab01\dataset\dog\0611.jpg,../lab01/dataset/dog/0611.jpg,dog
2026-10-05T21:22:54+03:00,https://petsfunnies.com/wp-content/uploads/2025/07/gettyimages-1163899532-2-abe05a90e74e418cafa2823d7bb9dd92.jpg,0612.jpg,F:\NTSE\lab01\dataset\dog\0612.jpg,../lab01/dataset/dog/0612.jpg,dog
2026-10-05T21:22:56+03:00,https://www.rover.com/blog/wp-content/uploads/dog-belly-rubs-min.jpg,0613.jpg,F:\NTSE\lab01\dataset\dog\0613.jpg,../lab01/dataset/dog/0613.jpg,dog
2026-10-05T21:22:57+03:00,https://c8.alamy.com/comp/2X9671C/shiba-inu-dog-red-haired-japanese-dog-on-studio-white-2X9671C.jpg,0614.jpg,F:\NTSE\lab01\dataset\dog\0614.jpg,../lab01/dataset/dog/0614.jpg,dog
2026-10-05T21:22:58+03:00,https://i.pinimg.com/originals/c2/e6/cd/c2e6cd4c7e0d3a11419c931a7732d82a.jpg,0615.jpg,F:\NTSE\lab01\dataset\dog\0615.jpg,../lab01/dataset/dog/0615.jpg,dog
2026-10-05T21:23:00+03:00,https://static1.bigstockphoto.com/9/1/2/large1500/219428893.jpg,0616.jpg,F:\NTSE\lab01\dataset\dog\0616.jpg,../lab01/dataset/dog/0616.jpg,dog
2026-10-05T21:24:25+03:00,https://lapkins.ru/upload/iblock/fcd/fcdf7c4b797438f72e7fdd2a0d7fbaba.jpg,0617.jpg,F:\NTSE\lab01\dataset\dog\0617.jpg,../lab01/dataset/dog/0617.jpg,dog
2026-10-05T21:24:26+03:00,https://media.dog-learn.com/images/red-belgian-malinois-sz3.jpg,0618.jpg,F:\NTSE\lab01\dataset\dog\0618.jpg,../lab01/dataset/dog/0618.jpg,dog
2026-10-05T21:24:28+03:00,https://crocform.com/img/carousel/img-footer-chien05.jpg,0619.jpg,F:\NTSE\lab01\dataset\dog\0619.jpg,../lab01/dataset/dog/0619.jpg,dog
2026-10-05T21:24:29+03:00,https://i2-prod.cambridge-news.co.uk/article14621892.ece/ALTERNATES/s1200e/GettyImages-623490230.jpg,0620.jpg,F:\NTSE\lab01\dataset\dog\0620.jpg,../lab01/dataset/dog/0620.jpg,dog
2026-10-05T21:24:43+03:00,https://img.ixbt.site/live/images/original/30/84/71/2023/04/02/83896ea3df.jpg,0621.jpg,F:\NTSE\lab01\dataset\dog\0621.jpg,../lab01/dataset/dog/0621.jpg,dog
2026-10-05T21:24:44+03:00,https://c8.alamy.com/comp/GKABKD/pets-isolated-animal-GKABKD.jpg,0622.jpg,F:\NTSE\lab01\dataset\dog\0622.jpg,../lab01/dataset/dog/0622.jpg,dog
2026-10-05T21:24:45+03:00,https://i.pinimg.com/736x/40/67/a7/4067a75d52b32f5bc40be8bdfd952cbf.jpg,0623.jpg,F:\NTSE\lab01\dataset\dog\0623.jpg,../lab01/dataset/dog/0623.jpg,dog
2026-10-05T21:24:47+03:00,https://i.pinimg.com/originals/21/0c/92/210c924d9da2407b9bbf3253d309db36.png,0624.jpg,F:\NTSE\lab01\dataset\dog\0624.jpg,../lab01/dataset/dog/0624.jpg,dog
2026-10-05T21:24:48+03:00,https://i.pinimg.com/736x/c0/16/1a/c0161a72605e7760879d14b6d9fe1c01.jpg,0625.jpg,F:\NTSE\lab01\dataset\dog\0625.jpg,../lab01/dataset/dog/0625.jpg,dog
2026-10-05T21:24:49+03:00,https://i.pinimg.com/originals/b9/2c/3c/b92c3c106a07fd59526964681a8aaeb8.jpg,0626.jpg,F:\NTSE\lab01\dataset\dog\0626.jpg,../lab01/dataset/dog/0626.jpg,dog
2026-10-05T21:24:51+03:00,https://www.shutterstock.com/shutterstock/photos/2298555741/display_1500/stock-photo-portrait-of-a-red-puppy-and-a-light-green-ball-a-puppy-with-a-tennis-ball-in-his-teeth-lies-and-2298555741.jpg,0627.jpg,F:\NTSE\lab01\dataset\dog\0627.jpg,../lab01/dataset/dog/0627.jpg,dog
2026-10-05T21:24:53+03:00,https://i.pinimg.com/originals/0b/31/43/0b3143807cad481f7101675bcb908e5d.jpg,0628.jpg,F:\NTSE\lab01\dataset\dog\0628.jpg,../lab01/dataset/dog/0628.jpg,dog
2026-10-05T21:24:54+03:00,https://modernvet.com/wp-content/uploads/2023/05/HEAT-STROKE-PREVENTION-2.jpg,0629.jpg,F:\NTSE\lab01\dataset\dog\0629.jpg,../lab01/dataset/dog/0629.jpg,dog
2026-10-05T21:25:02+03:00,https://i.pinimg.com/originals/e1/b5/84/e1b5849fa9ca22daa3a2d7f8a10e6901.jpg,0630.jpg,F:\NTSE\lab01\dataset\dog\0630.jpg,../lab01/dataset/dog/0630.jpg,dog
2026-10-05T21:25:03+03:00,https://i.pinimg.com/originals/75/7f/05/757f05b4cb1e299896cb957857007eb6.jpg,0631.jpg,F:\NTSE\lab01\dataset\dog\0631.jpg,../lab01/dataset/dog/0631.jpg,dog
2026-10-05T21:25:03+03:00,https://i.pinimg.com/originals/14/bf/63/14bf634e15eebcd50dd1ca3b64568084.jpg,0632.jpg,F:\NTSE\lab01\dataset\dog\0632.jpg,../lab01/dataset/dog/0632.jpg,dog
2026-10-05T21:25:05+03:00,https://i.ytimg.com/vi/vPEMoAg8UUI/maxresdefault.jpg,0633.jpg,F:\NTSE\lab01\dataset\dog\0633.jpg,../lab01/dataset/dog/0633.jpg,dog
2026-10-05T21:25:06+03:00,https://i.ytimg.com/vi/gSqmiQtRL1Q/maxresdefault.jpg,0634.jpg,F:\NTSE\lab01\dataset\dog\0634.jpg,../lab01/dataset/dog/0634.jpg,dog
2026-10-05T21:25:07+03:00,https://storage.yandexcloud.net/yac-wh-sb-prod-s3-media-03003/uploads/wysiwyg/f5fc8f9fe2bd49f49af5ef6821d8eb24.webp,0635.jpg,F:\NTSE\lab01\dataset\dog\0635.jpg,../lab01/dataset/dog/0635.jpg,dog
2026-10-05T21:25:08+03:00,https://i.ytimg.com/vi/yq8_Wx0UxBY/maxresdefault.jpg?sqp=-oaymwEmCIAKENAF8quKqQMa8AEB-AH-CYAC0AWKAgwIABABGFMgZSg6MA8=&rs=AOn4CLBp8d_ie_0YilGrig-dNQGGIHfQdA,0636.jpg,F:\NTSE\lab01\dataset\dog\0636.jpg,../lab01/dataset/dog/0636.jpg,dog
2026-10-05T21:25:09+03:00,https://www.pupvine.com/wp-content/uploads/2022/03/red-shiba-inu-standing-in-meadow.jpg,0637.jpg,F:\NTSE\lab01\dataset\dog\0637.jpg,../lab01/dataset/dog/0637.jpg,dog
2026-10-05T21:25:11+03:00,https://247wallst.com/wp-content/uploads/2021/05/imageForEntry20-GaC.jpg,0638.jpg,F:\NTSE\lab01\dataset\dog\0638.jpg,../lab01/dataset/dog/0638.jpg,dog
2026-10-05T21:25:13+03:00,https://teenage.by/uploads/sobaki-20200316085656.jpg,0639.jpg,F:\NTSE\lab01\dataset\dog\0639.jpg,../lab01/dataset/dog/0639.jpg,dog
2026-10-05T21:25:14+03:00,https://i.pinimg.com/originals/5d/63/40/5d63405dd9ffe129043665f243d19411.png,0640.jpg,F:\NTSE\lab01\dataset\dog\0640.jpg,../lab01/dataset/dog/0640.jpg,dog
2026-10-05T21:25:16+03:00,https://www.yourtango.com/sites/default/files/image_blog/2025-04/four-things-dogs-say-by-barking-demand.png,0641.jpg,F:\NTSE\lab01\dataset\dog\0641.jpg,../lab01/dataset/dog/0641.jpg,dog
2026-10-05T21:25:17+03:00,https://i.ytimg.com/vi/Vwgs0PCIlvw/maxresdefault.jpg,0642.jpg,F:\NTSE\lab01\dataset\dog\0642.jpg,../lab01/dataset/dog/0642.jpg,dog
2026-10-05T21:25:24+03:00,https://yac-wh-sb-prod-s3-media-04001.storage.yandexcloud.net/db_connection/1/layer_item/1/articles/17555/wysiwig-img/%D0%A0%D0%9A_BP_LOT-3_GREAT-DANE_COULEUR_HUMAN-master.jpg_754723%20copy.webp,0643.jpg,F:\NTSE\lab01\dataset\dog\0643.jpg,../lab01/dataset/dog/0643.jpg,dog
2026-10-05T21:25:25+03:00,https://storage.yandexcloud.net/yac-wh-sb-prod-s3-media-03005/uploads/article/files/8e355c165b6e512039e073f2265443fb.webp,0644.jpg,F:\NTSE\lab01\dataset\dog\0644.jpg,../lab01/dataset/dog/0644.jpg,dog
2026-10-05T21:25:27+03:00,https://www.shutterstock.com/shutterstock/photos/516220624/display_1500/stock-photo-great-dane-dog-516220624.jpg,0645.jpg,F:\NTSE\lab01\dataset\dog\0645.jpg,../lab01/dataset/dog/0645.jpg,dog
2026-10-05T21:25:29+03:00,https://www.shutterstock.com/shutterstock/photos/2343944409/display_1500/stock-photo-a-beautiful-american-bully-xl-dog-in-nature-2343944409.jpg,0646.jpg,F:\NTSE\lab01\dataset\dog\0646.jpg,../lab01/dataset/dog/0646.jpg,dog
2026-10-05T21:25:30+03:00,https://i.pinimg.com/originals/17/81/87/178187d610511aeefea0d91f014e36d2.png?nii=t,0647.jpg,F:\NTSE\lab01\dataset\dog\0647.jpg,../lab01/dataset/dog/0647.jpg,dog
2026-10-05T21:25:31+03:00,https://worldanimalfoundation.org/wp-content/uploads/2025/03/Affenpinscher-7.webp,0648.jpg,F:\NTSE\lab01\dataset\dog\0648.jpg,../lab01/dataset/dog/0648.jpg,dog
2026-10-05T21:25:32+03:00,https://i.ytimg.com/vi/-ORAMsYBvwI/maxresdefault.jpg,0649.jpg,F:\NTSE\lab01\dataset\dog\0649.jpg,../lab01/dataset/dog/0649.jpg,dog
2026-10-05T21:25:50+03:00,http://www.gaidardb.ru/img/705/1.jpg,0650.jpg,F:\NTSE\lab01\dataset\dog\0650.jpg,../lab01/dataset/dog/0650.jpg,dog
2026-10-05T21:25:51+03:00,https://i.pinimg.com/736x/67/65/24/6765244134e0b93d297d121a5f53cad3.jpg,0651.jpg,F:\NTSE\lab01\dataset\dog\0651.jpg,../lab01/dataset/dog/0651.jpg,dog
2026-10-05T21:25:53+03:00,https://cdn.britannica.com/68/235668-050-A8F37B6D/Saint-bernard-dog-st-bernard-standing-short-haired.jpg,0652.jpg,F:\NTSE\lab01\dataset\dog\0652.jpg,../lab01/dataset/dog/0652.jpg,dog
2026-10-05T21:25:55+03:00,https://cdn2.botanichka.ru/wp-content/uploads/2022/05/dlinnosherstnyj-kolli.jpg,0653.jpg,F:\NTSE\lab01\dataset\dog\0653.jpg,../lab01/dataset/dog/0653.jpg,dog
2026-10-05T21:25:57+03:00,https://thumbs.dreamstime.com/z/siberian-samoyed-white-husky-dog-forest-77965389.jpg,0654.jpg,F:\NTSE\lab01\dataset\dog\0654.jpg,../lab01/dataset/dog/0654.jpg,dog
2026-10-05T21:25:58+03:00,https://i.pinimg.com/736x/77/fd/7a/77fd7ad6d7e4e41c5affff9742ee3e6e.jpg,0655.jpg,F:\NTSE\lab01\dataset\dog\0655.jpg,../lab01/dataset/dog/0655.jpg,dog
2026-10-05T21:26:00+03:00,https://static1.bigstockphoto.com/0/2/2/large1500/220355449.jpg,0656.jpg,F:\NTSE\lab01\dataset\dog\0656.jpg,../lab01/dataset/dog/0656.jpg,dog
2026-10-05T21:26:02+03:00,https://static.vecteezy.com/system/resources/previews/011/236/544/non_2x/cute-puppy-dog-border-collie-with-funny-face-isolated-on-white-background-with-copy-space-pet-dog-looking-at-camera-front-view-portrait-one-animal-pet-care-and-animals-concept-photo.jpg,0657.jpg,F:\NTSE\lab01\dataset\dog\0657.jpg,../lab01/dataset/dog/0657.jpg,dog
2026-10-05T21:26:03+03:00,https://static1.bigstockphoto.com/7/2/4/large1500/42788350.jpg,0658.jpg,F:\NTSE\lab01\dataset\dog\0658.jpg,../lab01/dataset/dog/0658.jpg,dog
2026-10-05T21:26:04+03:00,https://i.ytimg.com/vi/-xWaG49_zLo/maxresdefault.jpg,0659.jpg,F:\NTSE\lab01\dataset\dog\0659.jpg,../lab01/dataset/dog/0659.jpg,dog
2026-10-05T21:26:06+03:00,https://static2.bigstockphoto.com/5/9/1/large1500/195407911.jpg,0660.jpg,F:\NTSE\lab01\dataset\dog\0660.jpg,../lab01/dataset/dog/0660.jpg,dog
2026-10-05T21:26:07+03:00,https://i.ytimg.com/vi/pjEifDemwWw/maxresdefault.jpg,0661.jpg,F:\NTSE\lab01\dataset\dog\0661.jpg,../lab01/dataset/dog/0661.jpg,dog
2026-10-05T21:26:08+03:00,https://i.ytimg.com/vi/P455vr8vO9k/maxresdefault.jpg?sqp=-oaymwEmCIAKENAF8quKqQMa8AEB-AHUBoAC4AOKAgwIABABGHIgaygRMA8=&rs=AOn4CLBGb428YjTVQnTPC3B2ofAnOZ7KZw,0662.jpg,F:\NTSE\lab01\dataset\dog\0662.jpg,../lab01/dataset/dog/0662.jpg,dog
2026-10-05T21:26:10+03:00,https://club4paws.ua/images/news/original/5c3fd81cf8213a3ca1d46f3c4be8c3ce.webp,0663.jpg,F:\NTSE\lab01\dataset\dog\0663.jpg,../lab01/dataset/dog/0663.jpg,dog
2026-10-05T21:26:11+03:00,https://img.goodfon.ru/wallpaper/nbig/b/1b/dog-collie-white-background.webp,0664.jpg,F:\NTSE\lab01\dataset\dog\0664.jpg,../lab01/dataset/dog/0664.jpg,dog
2026-10-05T21:26:16+03:00,https://i.ytimg.com/vi/zS4pTJXVtsw/maxresdefault.jpg,0665.jpg,F:\NTSE\lab01\dataset\dog\0665.jpg,../lab01/dataset/dog/0665.jpg,dog
2026-10-05T21:26:17+03:00,https://static.vecteezy.com/system/resources/previews/040/513/098/large_2x/ai-generated-happy-dog-s-smiling-expression-free-photo.jpg,0666.jpg,F:\NTSE\lab01\dataset\dog\0666.jpg,../lab01/dataset/dog/0666.jpg,dog
2026-10-05T21:26:18+03:00,https://i.ytimg.com/vi/btfaBA-aqo4/maxresdefault.jpg,0667.jpg,F:\NTSE\lab01\dataset\dog\0667.jpg,../lab01/dataset/dog/0667.jpg,dog
2026-10-05T21:26:20+03:00,https://static3.bigstockphoto.com/5/1/2/large1500/215972782.jpg,0668.jpg,F:\NTSE\lab01\dataset\dog\0668.jpg,../lab01/dataset/dog/0668.jpg,dog
2026-10-05T21:26:21+03:00,https://i.ytimg.com/vi/lu7Eu9ij-TY/maxresdefault.jpg,0669.jpg,F:\NTSE\lab01\dataset\dog\0669.jpg,../lab01/dataset/dog/0669.jpg,dog
2026-10-05T21:26:23+03:00,https://i.pinimg.com/originals/a3/19/25/a319258599f5b2425eac4d9fcca93d5b.jpg,0670.jpg,F:\NTSE\lab01\dataset\dog\0670.jpg,../lab01/dataset/dog/0670.jpg,dog
2026-10-05T21:26:25+03:00,https://www.shutterstock.com/shutterstock/photos/1930666328/display_1500/stock-photo-puppy-presa-canario-dog-playing-in-the-grass-1930666328.jpg,0671.jpg,F:\NTSE\lab01\dataset\dog\0671.jpg,../lab01/dataset/dog/0671.jpg,dog
2026-10-05T21:26:26+03:00,https://i.ytimg.com/vi/F_OS2a63NN4/maxresdefault.jpg,0672.jpg,F:\NTSE\lab01\dataset\dog\0672.jpg,../lab01/dataset/dog/0672.jpg,dog
2026-10-05T21:26:27+03:00,https://i.ytimg.com/vi/D0rgeDItI8k/oar2.jpg?sqp=-oaymwEYCNAFENAFSFqQAgHyq4qpAwcIARUAAIhC&rs=AOn4CLARACa0d_YWg5ABKo9fbQ4CM3mXQQ&usqp=CCk,0673.jpg,F:\NTSE\lab01\dataset\dog\0673.jpg,../lab01/dataset/dog/0673.jpg,dog
2026-10-05T21:26:29+03:00,https://s.yimg.com/ny/api/res/1.2/AdNEtE12FjKH.FAZakp6ZA--/YXBwaWQ9aGlnaGxhbmRlcjt3PTk2MDtoPTE0NDA7Y2Y9d2VicA--/https://media.zenfs.com/en-US/homerun/good_housekeeping_561/1505abb94984048296d9ed693cb7d181,0674.jpg,F:\NTSE\lab01\dataset\dog\0674.jpg,../lab01/dataset/dog/0674.jpg,dog
2026-10-05T21:26:30+03:00,https://www.folly-farm.co.uk/wp-content/uploads/2023/04/touring-park-dog-scaled.jpg,0675.jpg,F:\NTSE\lab01\dataset\dog\0675.jpg,../lab01/dataset/dog/0675.jpg,dog
2026-10-05T21:26:32+03:00,https://cdn.mos.cms.futurecdn.net/qiBGcYXfuh5t2MjZtg5LX8-2560-80.jpg,0676.jpg,F:\NTSE\lab01\dataset\dog\0676.jpg,../lab01/dataset/dog/0676.jpg,dog
2026-10-05T21:26:33+03:00,https://www.pupvine.com/wp-content/uploads/2021/03/The-English-Cream-Goldendoodle-%E2%80%93-A-Complete-Guide-To-This-Poodle-Mix...jpg,0677.jpg,F:\NTSE\lab01\dataset\dog\0677.jpg,../lab01/dataset/dog/0677.jpg,dog
2026-10-05T21:26:34+03:00,https://static.vecteezy.com/system/resources/previews/014/673/312/non_2x/portrait-of-a-great-dane-dog-on-an-isolated-black-background-photo.jpg,0678.jpg,F:\NTSE\lab01\dataset\dog\0678.jpg,../lab01/dataset/dog/0678.jpg,dog
2026-10-05T21:26:35+03:00,https://cdn.mos.cms.futurecdn.net/7JVVRnQskX8iwf4AZxkhQN.jpg,0679.jpg,F:\NTSE\lab01\dataset\dog\0679.jpg,../lab01/dataset/dog/0679.jpg,dog
2026-10-05T21:26:37+03:00,https://nativepet.com/cdn/shop/articles/German_Shepherd_Puppy_Chasing_Toy.jpg?v=1681091904,0680.jpg,F:\NTSE\lab01\dataset\dog\0680.jpg,../lab01/dataset/dog/0680.jpg,dog
2026-10-05T21:26:38+03:00,https://resizer.mail.ru/p/e3e39e94-307b-5886-93e0-ba8dddc7e9ad/AQAO2wxZCwTfweFuIqd-o7kjwCKWLPgMktxBfEFUADVpKj_XNUyh4Stzl7AYWltpHXSYsIHlGffdZCyBZ44ywtqdiRA.jpg,0681.jpg,F:\NTSE\lab01\dataset\dog\0681.jpg,../lab01/dataset/dog/0681.jpg,dog
2026-10-05T21:26:40+03:00,https://storage.yandexcloud.net/yac-wh-sb-prod-s3-media-03005/uploads/article/files/01bbbcbeb03b20957a736410fbc5ce5a.webp,0682.jpg,F:\NTSE\lab01\dataset\dog\0682.jpg,../lab01/dataset/dog/0682.jpg,dog
2026-10-05T21:27:44+03:00,https://i.pinimg.com/originals/7d/a5/ac/7da5ac0ef831ce3995b76a40f0803ab9.jpg,0683.jpg,F:\NTSE\lab01\dataset\dog\0683.jpg,../lab01/dataset/dog/0683.jpg,dog
2026-10-05T21:26:49+03:00,https://i.ytimg.com/vi/7O0b5-AvxTA/maxresdefault.jpg,0684.jpg,F:\NTSE\lab01\dataset\dog\0684.jpg,../lab01/dataset/dog/0684.jpg,dog
2026-10-05T21:27:46+03:00,https://iheartdogs.com/wp-content/uploads/2024/07/shutterstock_2332262003-1400x1112.jpg,0685.jpg,F:\NTSE\lab01\dataset\dog\0685.jpg,../lab01/dataset/dog/0685.jpg,dog
2026-10-05T21:27:47+03:00,https://s0.rbk.ru/v6_top_pics/media/img/6/57/346928791487576.jpeg,0686.jpg,F:\NTSE\lab01\dataset\dog\0686.jpg,../lab01/dataset/dog/0686.jpg,dog
2026-10-05T21:27:48+03:00,https://www.amoreaquattrozampe.it/wp-content/uploads/2023/02/Cane-rilassato-1.jpg,0687.jpg,F:\NTSE\lab01\dataset\dog\0687.jpg,../lab01/dataset/dog/0687.jpg,dog
2026-10-05T21:27:50+03:00,https://worldanimalfoundation.org/wp-content/uploads/2024/01/Exotic-Dog-Breeds-2.jpg,0688.jpg,F:\NTSE\lab01\dataset\dog\0688.jpg,../lab01/dataset/dog/0688.jpg,dog
2026-10-05T21:27:51+03:00,https://www.dailypaws.com/thmb/QRSPgq-9OXEhVyQXv0Y71mNJ7IQ=/1500x0/filters:no_upscale():max_bytes(150000):strip_icc()/great-dane-mom-and-pup-523355554-2000-87f1e489a4bd49a8a02da104c9d71b73.jpg,0689.jpg,F:\NTSE\lab01\dataset\dog\0689.jpg,../lab01/dataset/dog/0689.jpg,dog
2026-10-05T21:27:53+03:00,http://png.pngtree.com/png-clipart/20190620/original/pngtree-commercial-hand-painted-realistic-animal-dog-golden-retriever-availablehand-paintedrealisticanimalgolden-hairdog-png-image_4026774.jpg,0690.jpg,F:\NTSE\lab01\dataset\dog\0690.jpg,../lab01/dataset/dog/0690.jpg,dog
2026-10-05T21:27:55+03:00,https://static3.bigstockphoto.com/2/0/1/large1500/102017285.jpg,0691.jpg,F:\NTSE\lab01\dataset\dog\0691.jpg,../lab01/dataset/dog/0691.jpg,dog
2026-10-05T21:27:57+03:00,https://hfu.hollywoodfeed.com/wp-content/uploads/2019/02/GettyImages-896453134-2048x1365.jpg,0692.jpg,F:\NTSE\lab01\dataset\dog\0692.jpg,../lab01/dataset/dog/0692.jpg,dog
2026-10-05T21:27:58+03:00,https://a-z-animals.com/media/2023/02/shutterstock_1725850087-2048x1306.jpg,0693.jpg,F:\NTSE\lab01\dataset\dog\0693.jpg,../lab01/dataset/dog/0693.jpg,dog
2026-10-05T21:28:00+03:00,https://resizer.mail.ru/p/e17ffe6e-f480-5364-b419-db59185270d6/AQAOs_zKtS94uWWH3qwvn2D60G3w1B_4FDlE5wnpzBZ7GPOuUTiUashQkmOKZl_e5sNeOXajaiwSQbegj9TGCwbOu9I.jpg,0694.jpg,F:\NTSE\lab01\dataset\dog\0694.jpg,../lab01/dataset/dog/0694.jpg,dog
2026-10-05T21:28:01+03:00,https://petscareinn.com/wp-content/uploads/2025/01/2150644836.jpg,0695.jpg,F:\NTSE\lab01\dataset\dog\0695.jpg,../lab01/dataset/dog/0695.jpg,dog
2026-10-05T21:28:03+03:00,https://avatars.dzeninfra.ru/get-zen_doc/271828/pub_6937e6afa004557247e4a404_6937e7e2a1e4f44d76949402/scale_1200,0696.jpg,F:\NTSE\lab01\dataset\dog\0696.jpg,../lab01/dataset/dog/0696.jpg,dog
2026-10-05T21:28:04+03:00,https://images.unsplash.com/photo-1612774412771-005ed8e861d2?fm=jpg&q=60&w=3000&ixlib=rb-4.0.3&ixid=M3wxMjA3fDB8MHxzZWFyY2h8Mnx8Z29sZGVuJTIwcmV0cmlldmVyfGVufDB8fDB8fHww,0697.jpg,F:\NTSE\lab01\dataset\dog\0697.jpg,../lab01/dataset/dog/0697.jpg,dog
2026-10-05T21:28:06+03:00,https://gubdaily.ru/wp-content/uploads/2025/07/MyCollages-10.jpg,0698.jpg,F:\NTSE\lab01\dataset\dog\0698.jpg,../lab01/dataset/dog/0698.jpg,dog
2026-10-05T21:28:08+03:00,"https://cdn.apartmenttherapy.info/image/upload/f_auto,q_auto:eco,c_fill,g_auto,w_1500,ar_3:2/at%2Fliving%2F2022-05%2Fdoggy%20door%2Fdoggy_door",0699.jpg,F:\NTSE\lab01\dataset\dog\0699.jpg,../lab01/dataset/dog/0699.jpg,dog
2026-10-05T21:28:09+03:00,https://i.ytimg.com/vi/YCHXgchcc2U/maxresdefault.jpg?sqp=-oaymwEmCIAKENAF8quKqQMa8AEB-AH-CYAC0AWKAgwIABABGFcgZSgTMA8=&rs=AOn4CLCysowExzHQmknwhjwP87afOkAPFA,0700.jpg,F:\NTSE\lab01\dataset\dog\0700.jpg,../lab01/dataset/dog/0700.jpg,dog
2026-10-05T21:28:17+03:00,https://i.insider.com/5ab1540d42e1cc537f374a1b,0701.jpg,F:\NTSE\lab01\dataset\dog\0701.jpg,../lab01/dataset/dog/0701.jpg,dog
2026-10-05T21:28:19+03:00,https://storage.dogster.com/uploads/2024/03/Female-great-dane_shutterstock.jpg,0702.jpg,F:\NTSE\lab01\dataset\dog\0702.jpg,../lab01/dataset/dog/0702.jpg,dog
2026-10-05T21:28:20+03:00,https://cdn1.matadornetwork.com/blogs/1/2024/05/most-dog-friendly-states-1.jpg,0703.jpg,F:\NTSE\lab01\dataset\dog\0703.jpg,../lab01/dataset/dog/0703.jpg,dog
2026-10-05T21:28:22+03:00,https://consumer-cms.petfinder.com/sites/default/files/images/content/Chow%20Chow%203.jpg,0704.jpg,F:\NTSE\lab01\dataset\dog\0704.jpg,../lab01/dataset/dog/0704.jpg,dog
2026-10-05T21:28:23+03:00,https://i.ytimg.com/vi/O_IGRTuk-44/maxresdefault.jpg,0705.jpg,F:\NTSE\lab01\dataset\dog\0705.jpg,../lab01/dataset/dog/0705.jpg,dog
2026-10-05T21:28:25+03:00,https://www.thecooldown.com/wp-content/uploads/2024/09/image-196.jpg,0706.jpg,F:\NTSE\lab01\dataset\dog\0706.jpg,../lab01/dataset/dog/0706.jpg,dog
2026-10-05T21:28:26+03:00,https://thumbs.dreamstime.com/z/labrador-retriever-puppy-looking-english-bulldog-eating-dog-bowl-isolated-white-30816630.jpg,0707.jpg,F:\NTSE\lab01\dataset\dog\0707.jpg,../lab01/dataset/dog/0707.jpg,dog
2026-10-05T21:28:27+03:00,https://thumbs.dreamstime.com/z/%D0%B1%D0%B5%D0%BB%D0%B8%D0%B7%D0%BD%D0%B0-%D0%B7%D0%BE%D0%BB%D0%BE%D1%82%D0%B8%D1%81%D1%82%D0%BE%D0%B3%D0%BE-retriever-%D1%81%D0%BE%D0%B1%D0%B0%D0%BA%D0%B8-%D1%81%D0%B8%D0%B4%D1%8F-24750790.jpg,0708.jpg,F:\NTSE\lab01\dataset\dog\0708.jpg,../lab01/dataset/dog/0708.jpg,dog
2026-10-05T21:28:28+03:00,https://www.rinti.de/fileadmin/_processed_/d/f/csm_rinti_hund_aus_tierheim_5_826eb9fedc.jpg,0709.jpg,F:\NTSE\lab01\dataset\dog\0709.jpg,../lab01/dataset/dog/0709.jpg,dog
2026-10-05T21:28:29+03:00,https://i.ytimg.com/vi/fZXfDQqq9Q4/maxresdefault.jpg,0710.jpg,F:\NTSE\lab01\dataset\dog\0710.jpg,../lab01/dataset/dog/0710.jpg,dog
2026-10-05T21:28:31+03:00,https://lapkins.ru/upload/iblock/1d1/12jta1sta4f6rvgxwv30orb1c85wfuv0.jpg,0711.jpg,F:\NTSE\lab01\dataset\dog\0711.jpg,../lab01/dataset/dog/0711.jpg,dog
2026-10-05T21:29:56+03:00,https://png.pngtree.com/png-clipart/20231111/original/pngtree-dogue-de-bordeaux-animal-picture-image_13252078.png,0712.jpg,F:\NTSE\lab01\dataset\dog\0712.jpg,../lab01/dataset/dog/0712.jpg,dog
2026-10-05T21:29:57+03:00,https://thumbs.dreamstime.com/z/dogue-de-bordeaux-1-year-8551907.jpg,0713.jpg,F:\NTSE\lab01\dataset\dog\0713.jpg,../lab01/dataset/dog/0713.jpg,dog
2026-10-05T21:29:59+03:00,https://static2.bigstockphoto.com/9/5/2/large1500/259889371.jpg,0714.jpg,F:\NTSE\lab01\dataset\dog\0714.jpg,../lab01/dataset/dog/0714.jpg,dog
2026-10-05T21:30:02+03:00,https://i.insider.com/5ee9023a988ee338604c13bc,0715.jpg,F:\NTSE\lab01\dataset\dog\0715.jpg,../lab01/dataset/dog/0715.jpg,dog
2026-10-05T21:30:03+03:00,https://cdn.mos.cms.futurecdn.net/Eh5vcnyEea7zoxGVD8kvEQ.jpg,0716.jpg,F:\NTSE\lab01\dataset\dog\0716.jpg,../lab01/dataset/dog/0716.jpg,dog
2026-10-05T21:30:05+03:00,https://img-s-msn-com.akamaized.net/tenant/amp/entityid/AA1Petjj.img?w=1200&h=800&m=4&q=89,0717.jpg,F:\NTSE\lab01\dataset\dog\0717.jpg,../lab01/dataset/dog/0717.jpg,dog
2026-10-05T21:30:06+03:00,https://www.rinti.de/fileadmin/_processed_/d/e/csm_grenzen-hund-1_c385b45473.jpg,0718.jpg,F:\NTSE\lab01\dataset\dog\0718.jpg,../lab01/dataset/dog/0718.jpg,dog
2026-10-05T21:30:08+03:00,https://c8.alamy.com/comp/C52F4K/cute-dogue-de-bordeaux-puppy-sitting-C52F4K.jpg,0719.jpg,F:\NTSE\lab01\dataset\dog\0719.jpg,../lab01/dataset/dog/0719.jpg,dog
2026-10-05T21:30:09+03:00,https://www.vets4pets.com/siteassets/campaigns/dog-on-beach-169.jpg,0720.jpg,F:\NTSE\lab01\dataset\dog\0720.jpg,../lab01/dataset/dog/0720.jpg,dog
2026-10-05T21:30:11+03:00,https://www.dogingtonpost.com/wp-content/uploads/2023/04/Dogs-that-dont-shed-scaled.jpg,0721.jpg,F:\NTSE\lab01\dataset\dog\0721.jpg,../lab01/dataset/dog/0721.jpg,dog
2026-10-05T21:30:13+03:00,https://www.trusens.com/contentassets/58a61c1bc2a6402fa55af8dabf7a1152/bichon-frise.jpg?width=1091&height=727,0722.jpg,F:\NTSE\lab01\dataset\dog\0722.jpg,../lab01/dataset/dog/0722.jpg,dog
2026-10-05T21:30:14+03:00,https://i.ytimg.com/vi/0LqIYI7sKG8/maxresdefault.jpg?sqp=-oaymwEmCIAKENAF8quKqQMa8AEB-AGmCIAC0AWKAgwIABABGFQgZSg8MA8=&rs=AOn4CLAPVgxuq9gtddQcri1eN_F1jDY6rg,0723.jpg,F:\NTSE\lab01\dataset\dog\0723.jpg,../lab01/dataset/dog/0723.jpg,dog
2026-10-05T21:30:15+03:00,https://cdn.legit.ng/images/1120/e17138e69dc08e41.jpeg?v=1,0724.jpg,F:\NTSE\lab01\dataset\dog\0724.jpg,../lab01/dataset/dog/0724.jpg,dog
2026-10-05T21:30:17+03:00,https://thumbs.dreamstime.com/z/%D1%81%D0%BE%D0%B1%D0%B0%D0%BA%D0%B0-%D0%B0%D1%82%D1%87%D0%B0%D0%BD%D0%B8%D0%BD%D0%B0-%D0%B1%D0%BE-%D1%8C%D1%88%D0%B0%D1%8F-51250512.jpg,0725.jpg,F:\NTSE\lab01\dataset\dog\0725.jpg,../lab01/dataset/dog/0725.jpg,dog
2026-10-05T21:30:18+03:00,"https://res.cloudinary.com/jerrick/image/upload/c_scale,f_jpg,q_auto/659651f90ae9f0001d7419f2.jpg",0726.jpg,F:\NTSE\lab01\dataset\dog\0726.jpg,../lab01/dataset/dog/0726.jpg,dog
2026-10-05T21:30:20+03:00,https://cdn.mos.cms.futurecdn.net/FCCdhxzkf3HGQZehaoi4i6.jpg,0727.jpg,F:\NTSE\lab01\dataset\dog\0727.jpg,../lab01/dataset/dog/0727.jpg,dog
2026-10-05T21:31:40+03:00,https://static.vecteezy.com/system/resources/previews/019/078/841/non_2x/cute-and-happy-dog-png.png,0728.jpg,F:\NTSE\lab01\dataset\dog\0728.jpg,../lab01/dataset/dog/0728.jpg,dog
2026-10-05T21:31:42+03:00,https://i.pinimg.com/originals/63/36/d8/6336d89b7e1fbcf25dd2fd0ec2529fa4.jpg,0729.jpg,F:\NTSE\lab01\dataset\dog\0729.jpg,../lab01/dataset/dog/0729.jpg,dog
2026-10-05T21:31:43+03:00,https://i.ytimg.com/vi/0Mobu_FI0Mo/maxresdefault.jpg,0730.jpg,F:\NTSE\lab01\dataset\dog\0730.jpg,../lab01/dataset/dog/0730.jpg,dog
2026-10-05T21:31:44+03:00,https://c8.alamy.com/comp/2YYDAAW/bernese-mountain-dog-on-windsor-long-walk-in-berkshire-2YYDAAW.jpg,0731.jpg,F:\NTSE\lab01\dataset\dog\0731.jpg,../lab01/dataset/dog/0731.jpg,dog
2026-10-05T21:31:46+03:00,https://www.cronicabalear.es/access/public/img/noticias/upload/0_1720793394.jpg,0732.jpg,F:\NTSE\lab01\dataset\dog\0732.jpg,../lab01/dataset/dog/0732.jpg,dog
2026-10-05T21:31:47+03:00,https://i.pinimg.com/originals/03/65/4d/03654d994f148bc1a253d02f9a19e7ff.jpg,0733.jpg,F:\NTSE\lab01\dataset\dog\0733.jpg,../lab01/dataset/dog/0733.jpg,dog
2026-10-05T21:32:04+03:00,https://images.squarespace-cdn.com/content/v1/5c336783f2e6b11a9d3b5693/1651854400679-Y7LURZHNV59M84H7KWWX/rescue-dog-portrait-vancouver.jpg,0734.jpg,F:\NTSE\lab01\dataset\dog\0734.jpg,../lab01/dataset/dog/0734.jpg,dog
2026-10-05T21:32:05+03:00,https://www.mein-haustier.de/wp-content/uploads/2022/02/shutterstock_20522349321.jpg,0735.jpg,F:\NTSE\lab01\dataset\dog\0735.jpg,../lab01/dataset/dog/0735.jpg,dog
2026-10-05T21:32:07+03:00,https://avatars.mds.yandex.net/get-weather/10879918/oxcHERhRpyRbBDGnctLU/orig,0736.jpg,F:\NTSE\lab01\dataset\dog\0736.jpg,../lab01/dataset/dog/0736.jpg,dog
2026-10-05T21:32:11+03:00,https://n1s2.hsmedia.ru/46/4b/a1/464ba166489515d797e9ae9d92d9d39c/4242x4242_0xc0a839a2_1301395281484895165.jpeg,0737.jpg,F:\NTSE\lab01\dataset\dog\0737.jpg,../lab01/dataset/dog/0737.jpg,dog
2026-10-05T21:32:12+03:00,https://i.pinimg.com/736x/31/10/e9/3110e94e670d6b43809ace95fe98e61c.jpg,0738.jpg,F:\NTSE\lab01\dataset\dog\0738.jpg,../lab01/dataset/dog/0738.jpg,dog
2026-10-05T21:32:14+03:00,https://consumer-cms.petfinder.com/sites/default/files/images/content/Havanese%204.jpg,0739.jpg,F:\NTSE\lab01\dataset\dog\0739.jpg,../lab01/dataset/dog/0739.jpg,dog
2026-10-05T21:32:16+03:00,https://www.shutterstock.com/shutterstock/photos/1799966587/display_1500/stock-photo-happy-puppy-dog-smiling-on-isolated-yellow-background-1799966587.jpg,0740.jpg,F:\NTSE\lab01\dataset\dog\0740.jpg,../lab01/dataset/dog/0740.jpg,dog
2026-10-05T21:32:18+03:00,https://static3.bigstockphoto.com/2/3/1/large1500/1324668.jpg,0741.jpg,F:\NTSE\lab01\dataset\dog\0741.jpg,../lab01/dataset/dog/0741.jpg,dog
2026-10-05T21:32:20+03:00,https://img-s-msn-com.akamaized.net/tenant/amp/entityid/AA1zxCWa.img?w=1200&h=675&m=4&q=100,0742.jpg,F:\NTSE\lab01\dataset\dog\0742.jpg,../lab01/dataset/dog/0742.jpg,dog
2026-10-05T21:32:27+03:00,https://cdn.greenfieldpuppies.com/wp-content/uploads/2019/12/small-pomeranian-puppy-sitting-on-a-couch-and-barking.jpg,0743.jpg,F:\NTSE\lab01\dataset\dog\0743.jpg,../lab01/dataset/dog/0743.jpg,dog
2026-10-05T21:32:29+03:00,https://247wallst.com/wp-content/uploads/2022/05/imageForEntry1-pnN.jpg,0744.jpg,F:\NTSE\lab01\dataset\dog\0744.jpg,../lab01/dataset/dog/0744.jpg,dog
2026-10-05T21:33:49+03:00,https://i.pinimg.com/originals/7d/d5/60/7dd560b137ff1c22aa391e57c5fcc019.jpg?nii=t,0745.jpg,F:\NTSE\lab01\dataset\dog\0745.jpg,../lab01/dataset/dog/0745.jpg,dog
2026-10-05T21:33:50+03:00,https://www.shutterstock.com/shutterstock/photos/2481109945/display_1500/stock-photo-family-dog-golden-retriever-labrador-on-the-road-adult-golden-retriever-dogs-with-cute-2481109945.jpg,0746.jpg,F:\NTSE\lab01\dataset\dog\0746.jpg,../lab01/dataset/dog/0746.jpg,dog
2026-10-05T21:33:52+03:00,https://i.ytimg.com/vi/ttA5GSkaBng/maxresdefault.jpg,0747.jpg,F:\NTSE\lab01\dataset\dog\0747.jpg,../lab01/dataset/dog/0747.jpg,dog
2026-10-05T21:33:53+03:00,https://www.thesprucepets.com/thmb/hQ3e_Slcr09vyorDPNVDv-FZJAI=/2121x0/filters:no_upscale():strip_icc()/GettyImages-607779578-db2c332a4e194959addb99ef2419fb43.jpg,0748.jpg,F:\NTSE\lab01\dataset\dog\0748.jpg,../lab01/dataset/dog/0748.jpg,dog
2026-10-05T21:33:57+03:00,https://www.petpaw.com.au/wp-content/uploads/2014/04/Dalmatian-3-1030x772.jpg,0749.jpg,F:\NTSE\lab01\dataset\dog\0749.jpg,../lab01/dataset/dog/0749.jpg,dog
2026-10-05T21:33:57+03:00,https://i.ytimg.com/vi/4QV6yszZcBc/maxresdefault.jpg,0750.jpg,F:\NTSE\lab01\dataset\dog\0750.jpg,../lab01/dataset/dog/0750.jpg,dog
2026-10-05T21:34:00+03:00,https://images.pexels.com/photos/1493109/pexels-photo-1493109.jpeg?cs=srgb&dl=pexels-itfeelslikefilm-1493109.jpg&fm=jpg,0751.jpg,F:\NTSE\lab01\dataset\dog\0751.jpg,../lab01/dataset/dog/0751.jpg,dog
2026-10-05T21:34:01+03:00,https://i.ytimg.com/vi/p2Yi2kqaSaY/maxresdefault.jpg,0752.jpg,F:\NTSE\lab01\dataset\dog\0752.jpg,../lab01/dataset/dog/0752.jpg,dog
2026-10-05T21:34:01+03:00,https://i.ytimg.com/vi/mAXEA0UclVA/maxresdefault.jpg?sqp=-oaymwEmCIAKENAF8quKqQMa8AEB-AH-CYAC0AWKAgwIABABGE0gZSgdMA8=&rs=AOn4CLC3Od8xvMG0IO4O0MKaeeuH4IWAVQ,0753.jpg,F:\NTSE\lab01\dataset\dog\0753.jpg,../lab01/dataset/dog/0753.jpg,dog
2026-10-05T21:34:03+03:00,https://thumbs.dreamstime.com/z/funny-labrador-dog-carrying-big-stick-low-angle-view-yellow-retriever-standing-grassy-field-countryside-holding-134701927.jpg,0754.jpg,F:\NTSE\lab01\dataset\dog\0754.jpg,../lab01/dataset/dog/0754.jpg,dog
2026-10-05T21:34:04+03:00,https://i.ytimg.com/vi/mxyt19Xrydw/maxresdefault.jpg,0755.jpg,F:\NTSE\lab01\dataset\dog\0755.jpg,../lab01/dataset/dog/0755.jpg,dog
2026-10-05T21:34:06+03:00,https://static1.bigstockphoto.com/9/2/3/large1500/329814856.jpg,0756.jpg,F:\NTSE\lab01\dataset\dog\0756.jpg,../lab01/dataset/dog/0756.jpg,dog
2026-10-05T21:34:08+03:00,https://alianteanimalhospital.com/wp-content/uploads/2021/05/FAN9004870-1024x1024.jpg,0757.jpg,F:\NTSE\lab01\dataset\dog\0757.jpg,../lab01/dataset/dog/0757.jpg,dog
2026-10-05T21:34:09+03:00,https://thumbs.dreamstime.com/z/two-grey-great-dane-dogs-20989655.jpg,0758.jpg,F:\NTSE\lab01\dataset\dog\0758.jpg,../lab01/dataset/dog/0758.jpg,dog
2026-10-05T21:34:15+03:00,https://cdn.mos.cms.futurecdn.net/wxRRpcarkR3FsCmVu7JfdA.jpg,0759.jpg,F:\NTSE\lab01\dataset\dog\0759.jpg,../lab01/dataset/dog/0759.jpg,dog
2026-10-05T21:34:18+03:00,https://cf-img-a-in.tosshub.com/sites/visualstory/wp/2025/05/New-Project-2025-05-24T115731309ITG-1748068067820.jpg?size=*:900,0760.jpg,F:\NTSE\lab01\dataset\dog\0760.jpg,../lab01/dataset/dog/0760.jpg,dog
2026-10-05T21:34:19+03:00,https://i.pinimg.com/originals/4a/ea/c7/4aeac74a6d04ec75ece06b9788301804.jpg,0761.jpg,F:\NTSE\lab01\dataset\dog\0761.jpg,../lab01/dataset/dog/0761.jpg,dog
2026-10-05T21:34:21+03:00,https://www.topetmou.gr/wp-content/uploads/2024/06/shutterstock_2328519193-2048x1365.jpg,0762.jpg,F:\NTSE\lab01\dataset\dog\0762.jpg,../lab01/dataset/dog/0762.jpg,dog
2026-10-05T21:34:22+03:00,https://cdn.whole-dog-journal.com/wp-content/uploads/2026/08/GettyImages-134220754-scaled.jpg.optimal.jpg,0763.jpg,F:\NTSE\lab01\dataset\dog\0763.jpg,../lab01/dataset/dog/0763.jpg,dog
2026-10-05T21:34:23+03:00,https://www.theacademyofpetcareers.com/wp-content/uploads/2023/08/Why-Is-My-Dog-Itchy-After-Grooming.jpg,0764.jpg,F:\NTSE\lab01\dataset\dog\0764.jpg,../lab01/dataset/dog/0764.jpg,dog
2026-10-05T21:34:25+03:00,https://le-cdn.hibuwebsites.com/9e44d5a6fcb349cdabe9e36a77c6f0e4/dms3rep/multi/opt/RSshutterstock_427240576-1920w.jpg,0765.jpg,F:\NTSE\lab01\dataset\dog\0765.jpg,../lab01/dataset/dog/0765.jpg,dog
2026-10-05T21:34:42+03:00,https://cdn.profile.ru/wp-content/uploads/2021/10/Nemeckij-dog.jpg,0766.jpg,F:\NTSE\lab01\dataset\dog\0766.jpg,../lab01/dataset/dog/0766.jpg,dog
2026-10-05T21:34:44+03:00,https://static2.bigstockphoto.com/7/7/6/large1500/67743784.jpg,0767.jpg,F:\NTSE\lab01\dataset\dog\0767.jpg,../lab01/dataset/dog/0767.jpg,dog
2026-10-05T21:34:45+03:00,https://i.pinimg.com/originals/17/c4/da/17c4da417e16c9f1287e40e7ec55a248.jpg,0768.jpg,F:\NTSE\lab01\dataset\dog\0768.jpg,../lab01/dataset/dog/0768.jpg,dog
2026-10-05T21:34:46+03:00,https://img.goodfon.ru/wallpaper/nbig/6/e0/sobaka-mordashka-portret.webp,0769.jpg,F:\NTSE\lab01\dataset\dog\0769.jpg,../lab01/dataset/dog/0769.jpg,dog
2026-10-05T21:34:48+03:00,https://static.vecteezy.com/system/resources/previews/056/840/059/non_2x/happy-dog-s-expression-and-its-appeal-in-pet-related-content-png.png,0770.jpg,F:\NTSE\lab01\dataset\dog\0770.jpg,../lab01/dataset/dog/0770.jpg,dog
2026-10-05T21:34:49+03:00,https://c8.alamy.com/comp/FC6M7D/dogue-de-bordeaux-FC6M7D.jpg,0771.jpg,F:\NTSE\lab01\dataset\dog\0771.jpg,../lab01/dataset/dog/0771.jpg,dog
2026-10-05T21:34:51+03:00,https://www.rover.com/blog/wp-content/uploads/playful-retriever-chasing-catching-tal.jpg,0772.jpg,F:\NTSE\lab01\dataset\dog\0772.jpg,../lab01/dataset/dog/0772.jpg,dog
2026-10-05T21:34:53+03:00,https://images.pexels.com/photos/12787279/pexels-photo-12787279.jpeg?cs=srgb&dl=pexels-christian-alvarez-116752650-12787279.jpg&fm=jpg,0773.jpg,F:\NTSE\lab01\dataset\dog\0773.jpg,../lab01/dataset/dog/0773.jpg,dog
2026-10-05T21:34:54+03:00,https://cdn.mos.cms.futurecdn.net/7fz56VybzR7oj7s9ABkae5-1920-80.jpg,0774.jpg,F:\NTSE\lab01\dataset\dog\0774.jpg,../lab01/dataset/dog/0774.jpg,dog
2026-10-05T21:34:56+03:00,https://www.shutterstock.com/shutterstock/photos/2011648079/display_1500/stock-photo-cute-happy-pet-dog-puppy-listening-from-a-blanket-with-leaves-orange-golden-autumn-fall-or-2011648079.jpg,0775.jpg,F:\NTSE\lab01\dataset\dog\0775.jpg,../lab01/dataset/dog/0775.jpg,dog
2026-10-05T21:34:57+03:00,https://thumbs.dreamstime.com/z/%D1%89%D0%B5%D0%BD%D0%BE%D0%BA-dogo-canario-5675785.jpg,0776.jpg,F:\NTSE\lab01\dataset\dog\0776.jpg,../lab01/dataset/dog/0776.jpg,dog
2026-10-05T21:34:59+03:00,https://i.pinimg.com/originals/dd/7e/9c/dd7e9c1d76ed3d74f1358d56d923eef0.jpg,0777.jpg,F:\NTSE\lab01\dataset\dog\0777.jpg,../lab01/dataset/dog/0777.jpg,dog
2026-10-05T21:35:00+03:00,https://i.ytimg.com/vi/9YhLj8g9d0o/maxresdefault.jpg,0778.jpg,F:\NTSE\lab01\dataset\dog\0778.jpg,../lab01/dataset/dog/0778.jpg,dog
2026-10-05T21:35:18+03:00,https://www.epochtimes.ru/assets/uploads/2026/03/issledovanie-veganskij-korm-dlya-sobak-234278.webp,0779.jpg,F:\NTSE\lab01\dataset\dog\0779.jpg,../lab01/dataset/dog/0779.jpg,dog
2026-10-05T21:35:18+03:00,https://thumbs.dreamstime.com/z/sad-dog-1132695.jpg,0780.jpg,F:\NTSE\lab01\dataset\dog\0780.jpg,../lab01/dataset/dog/0780.jpg,dog
2026-10-05T21:35:19+03:00,https://i.pinimg.com/originals/d0/bb/e8/d0bbe8fa154899d5a120ac10a7fa4c35.png?nii=t,0781.jpg,F:\NTSE\lab01\dataset\dog\0781.jpg,../lab01/dataset/dog/0781.jpg,dog
2026-10-05T21:35:21+03:00,https://st.focusedcollection.com/16485780/i/1800/focused_199735516-stock-photo-weimaraner-dog-laying-floor.jpg,0782.jpg,F:\NTSE\lab01\dataset\dog\0782.jpg,../lab01/dataset/dog/0782.jpg,dog
2026-10-05T21:35:22+03:00,https://worldanimalfoundation.org/wp-content/uploads/2025/03/Samoyed-14-1.webp,0783.jpg,F:\NTSE\lab01\dataset\dog\0783.jpg,../lab01/dataset/dog/0783.jpg,dog
2026-10-05T21:35:23+03:00,https://thumbs.dreamstime.com/z/closeup-portrait-black-labrador-dog-alert-looking-front-view-isolated-camera-background-69531619.jpg,0784.jpg,F:\NTSE\lab01\dataset\dog\0784.jpg,../lab01/dataset/dog/0784.jpg,dog
2026-10-05T21:35:38+03:00,https://idsb.tmgrup.com.tr/ly/uploads/images/2020/08/19/thumbs/800x531/52894.jpg,0785.jpg,F:\NTSE\lab01\dataset\dog\0785.jpg,../lab01/dataset/dog/0785.jpg,dog
2026-10-05T21:35:44+03:00,https://i.ytimg.com/vi/3fWMwPCldt0/maxresdefault.jpg?sqp=-oaymwEmCIAKENAF8quKqQMa8AEB-AH-CYAC0AWKAgwIABABGGUgVChJMA8=&rs=AOn4CLCz2AV00ApLHrQyiuvttFMuCyIFjQ,0786.jpg,F:\NTSE\lab01\dataset\dog\0786.jpg,../lab01/dataset/dog/0786.jpg,dog
2026-10-05T21:35:47+03:00,https://facty.mblycdn.com/uploads/fh/2020/06/1193079856.jpg,0787.jpg,F:\NTSE\lab01\dataset\dog\0787.jpg,../lab01/dataset/dog/0787.jpg,dog
2026-10-05T21:35:48+03:00,https://yt3.googleusercontent.com/bBPAOdHKYjY4dEEEv4y_-9WVNwAW6e3UCr1LP-VellmtpAfMQnv6pzMBw7B_rDpdYOT1x4ooqw=s900-c-k-c0x00ffffff-no-rj,0788.jpg,F:\NTSE\lab01\dataset\dog\0788.jpg,../lab01/dataset/dog/0788.jpg,dog
2026-10-05T21:35:50+03:00,https://c8.alamy.com/comp/2JB5590/red-haired-shepherd-dog-resting-in-a-mountain-valley-in-the-carpathian-mountains-green-summer-mountain-valleys-and-flowers-in-the-background-2JB5590.jpg,0789.jpg,F:\NTSE\lab01\dataset\dog\0789.jpg,../lab01/dataset/dog/0789.jpg,dog
2026-10-05T21:35:51+03:00,https://i.insider.com/60aff1db02ac410018f933f0?width=2000&format=jpeg&auto=webp,0790.jpg,F:\NTSE\lab01\dataset\dog\0790.jpg,../lab01/dataset/dog/0790.jpg,dog
2026-10-05T21:35:52+03:00,https://thumbs.dreamstime.com/z/%D0%B2%D0%B7%D0%B3%D0%BB%D1%8F%D0%B4-%D1%81%D0%BE-%D1%81%D1%82%D0%BE%D1%80%D0%BE%D0%BD%D1%8B-%D0%B1%D0%BE%D0%BB%D1%8C%D1%88%D0%BE%D0%B3%D0%BE-%D0%B4%D0%B0%D1%82%D1%87%D0%B0%D0%BD%D0%B8%D0%BD%D0%B0-%D0%BC%D0%B5%D1%81%D1%8F%D1%86%D0%B5%D0%B2-%D1%81%D1%82%D0%B0%D1%80%D1%8B%D1%85-%D0%BF%D0%B5%D1%80%D0%B5%D0%B4-%D0%B7%D0%B0%D0%B4%D0%BD%D0%B5%D0%B9-103837599.jpg,0791.jpg,F:\NTSE\lab01\dataset\dog\0791.jpg,../lab01/dataset/dog/0791.jpg,dog
2026-10-05T21:35:53+03:00,https://i.ytimg.com/vi/syDDeovDY7s/maxresdefault.jpg,0792.jpg,F:\NTSE\lab01\dataset\dog\0792.jpg,../lab01/dataset/dog/0792.jpg,dog
2026-10-05T21:35:54+03:00,https://i.ytimg.com/vi/Lo5EsCZU9EY/maxresdefault.jpg,0793.jpg,F:\NTSE\lab01\dataset\dog\0793.jpg,../lab01/dataset/dog/0793.jpg,dog
2026-10-05T21:35:55+03:00,https://i.ytimg.com/vi/Q14aDPO1N1k/maxresdefault.jpg,0794.jpg,F:\NTSE\lab01\dataset\dog\0794.jpg,../lab01/dataset/dog/0794.jpg,dog
2026-10-05T21:37:15+03:00,https://thumbs.dreamstime.com/z/labrador-3-years-6852687.jpg,0795.jpg,F:\NTSE\lab01\dataset\dog\0795.jpg,../lab01/dataset/dog/0795.jpg,dog
2026-10-05T21:37:17+03:00,https://tlclabradorretrieverpuppies.com/wp-content/uploads/2021/01/tlc-lbrador-pupies.jpg,0796.jpg,F:\NTSE\lab01\dataset\dog\0796.jpg,../lab01/dataset/dog/0796.jpg,dog
2026-10-05T21:37:18+03:00,https://www.animalsaroundtheglobe.com/wp-content/uploads/2025/02/Samoyed_dog_two_year_old_female_dllu-1200x800.jpg,0797.jpg,F:\NTSE\lab01\dataset\dog\0797.jpg,../lab01/dataset/dog/0797.jpg,dog
2026-10-05T21:37:19+03:00,https://thumbs.dreamstime.com/z/cute-siberian-puppy-close-up-white-fabric-sunlight-througr-curtain-80033898.jpg,0798.jpg,F:\NTSE\lab01\dataset\dog\0798.jpg,../lab01/dataset/dog/0798.jpg,dog
2026-10-05T21:37:21+03:00,https://source.roboflow.com/zf2EOWkgwLXsTLJHU45cm92tkZl2/uc10mWgiwkBNkc4S4osO/original.jpg,0799.jpg,F:\NTSE\lab01\dataset\dog\0799.jpg,../lab01/dataset/dog/0799.jpg,dog
2026-10-05T21:37:23+03:00,https://consumer-cms.petfinder.com/sites/default/files/images/content/Weimaraner%204.jpg,0800.jpg,F:\NTSE\lab01\dataset\dog\0800.jpg,../lab01/dataset/dog/0800.jpg,dog
2026-10-05T21:37:25+03:00,https://images.pexels.com/photos/103540/pexels-photo-103540.jpeg?cs=srgb&dl=pexels-matthiaszomer-103540.jpg&fm=jpg,0801.jpg,F:\NTSE\lab01\dataset\dog\0801.jpg,../lab01/dataset/dog/0801.jpg,dog
2026-10-05T21:37:26+03:00,https://i.pinimg.com/originals/61/c0/f4/61c0f4d240a21343dd1fc82836e6f8fe.jpg,0802.jpg,F:\NTSE\lab01\dataset\dog\0802.jpg,../lab01/dataset/dog/0802.jpg,dog
2026-10-05T21:37:28+03:00,https://www.apartmentguide.com/blog/wp-content/uploads/2020/02/maltese-1.jpg,0803.jpg,F:\NTSE\lab01\dataset\dog\0803.jpg,../lab01/dataset/dog/0803.jpg,dog
2026-10-05T21:37:30+03:00,https://static.vecteezy.com/system/resources/previews/047/308/669/non_2x/a-cute-little-dog-sitting-ai-generative-free-png.png,0804.jpg,F:\NTSE\lab01\dataset\dog\0804.jpg,../lab01/dataset/dog/0804.jpg,dog
2026-10-05T21:37:33+03:00,https://www.greencrossvets.com.au/wp-content/uploads/2018/08/Puppy-Health-Care-Tips.jpg,0805.jpg,F:\NTSE\lab01\dataset\dog\0805.jpg,../lab01/dataset/dog/0805.jpg,dog
2026-10-05T21:37:35+03:00,https://www.shutterstock.com/shutterstock/photos/2170522705/display_1500/stock-photo-happy-golden-retriever-dog-holding-american-flag-in-mouth-2170522705.jpg,0806.jpg,F:\NTSE\lab01\dataset\dog\0806.jpg,../lab01/dataset/dog/0806.jpg,dog
2026-10-05T21:37:36+03:00,https://static.vecteezy.com/system/resources/previews/027/303/574/non_2x/large-fluffy-chocolate-brown-newfoundland-dog-outside-photo.JPG,0807.jpg,F:\NTSE\lab01\dataset\dog\0807.jpg,../lab01/dataset/dog/0807.jpg,dog
2026-10-05T21:37:37+03:00,https://i.pinimg.com/originals/56/dd/15/56dd152677a51ff09acedabc051ee895.jpg,0808.jpg,F:\NTSE\lab01\dataset\dog\0808.jpg,../lab01/dataset/dog/0808.jpg,dog
2026-10-05T21:37:38+03:00,https://cdn.mos.cms.futurecdn.net/2RUU4Yuqzg9B4XcABVvPUa.jpg,0809.jpg,F:\NTSE\lab01\dataset\dog\0809.jpg,../lab01/dataset/dog/0809.jpg,dog
2026-10-05T21:38:58+03:00,https://static.vecteezy.com/system/resources/previews/055/325/973/non_2x/a-playful-dog-sitting-attentively-against-a-clean-transparent-background-dog-isolated-on-transparent-background-free-png.png,0810.jpg,F:\NTSE\lab01\dataset\dog\0810.jpg,../lab01/dataset/dog/0810.jpg,dog
2026-10-05T21:39:00+03:00,https://i.pinimg.com/originals/bf/10/21/bf1021cf64d82ca80b83642262782123.jpg,0811.jpg,F:\NTSE\lab01\dataset\dog\0811.jpg,../lab01/dataset/dog/0811.jpg,dog
2026-10-05T21:39:01+03:00,https://www.rover.com/blog/wp-content/uploads/black-dog-min.jpg,0812.jpg,F:\NTSE\lab01\dataset\dog\0812.jpg,../lab01/dataset/dog/0812.jpg,dog
2026-10-05T21:39:07+03:00,https://static3.bigstockphoto.com/5/2/5/large1500/52510735.jpg,0813.jpg,F:\NTSE\lab01\dataset\dog\0813.jpg,../lab01/dataset/dog/0813.jpg,dog
2026-10-05T21:39:08+03:00,https://i.pinimg.com/originals/aa/aa/a7/aaaaa7b8ec066885bbfbd96344c41146.jpg,0814.jpg,F:\NTSE\lab01\dataset\dog\0814.jpg,../lab01/dataset/dog/0814.jpg,dog
2026-10-05T21:39:09+03:00,https://i.pinimg.com/736x/09/04/1f/09041fcc0408984df9968b1f4bb680cb.jpg,0815.jpg,F:\NTSE\lab01\dataset\dog\0815.jpg,../lab01/dataset/dog/0815.jpg,dog
2026-10-05T21:39:11+03:00,https://i.ytimg.com/vi/k5ibf1dm540/maxresdefault.jpg,0816.jpg,F:\NTSE\lab01\dataset\dog\0816.jpg,../lab01/dataset/dog/0816.jpg,dog
2026-10-05T21:39:12+03:00,https://static.tildacdn.com/tild6236-3566-4336-a432-633065373435/photo_2024-07-10_11-.jpg,0817.jpg,F:\NTSE\lab01\dataset\dog\0817.jpg,../lab01/dataset/dog/0817.jpg,dog
2026-10-05T21:39:14+03:00,https://i.pinimg.com/originals/8f/98/38/8f9838b19ffc01f6feb9b4d03355de8a.jpg,0818.jpg,F:\NTSE\lab01\dataset\dog\0818.jpg,../lab01/dataset/dog/0818.jpg,dog
2026-10-05T21:39:15+03:00,https://images.ctfassets.net/rt5zmd3ipxai/6e9cR5W6mtyRuSKwnxbYs3/649534d4ce35597a6453d0585746ad41/MicrosoftTeams-image__286_.png,0819.jpg,F:\NTSE\lab01\dataset\dog\0819.jpg,../lab01/dataset/dog/0819.jpg,dog
2026-10-05T21:39:16+03:00,https://i.ytimg.com/vi/k6cxK32tOPI/maxresdefault.jpg,0820.jpg,F:\NTSE\lab01\dataset\dog\0820.jpg,../lab01/dataset/dog/0820.jpg,dog
2026-10-05T21:39:17+03:00,https://i.pinimg.com/originals/b0/39/b2/b039b2e96ed78902b09acb7f437f5934.jpg,0821.jpg,F:\NTSE\lab01\dataset\dog\0821.jpg,../lab01/dataset/dog/0821.jpg,dog
2026-10-05T21:39:18+03:00,https://static.vecteezy.com/system/resources/previews/014/673/313/non_2x/portrait-of-a-great-dane-dog-on-an-isolated-black-background-photo.jpg,0822.jpg,F:\NTSE\lab01\dataset\dog\0822.jpg,../lab01/dataset/dog/0822.jpg,dog
2026-10-05T21:39:20+03:00,https://static.tildacdn.com/tild6434-3230-4233-b532-393138666464/clipboard-image-1786.png,0823.jpg,F:\NTSE\lab01\dataset\dog\0823.jpg,../lab01/dataset/dog/0823.jpg,dog
2026-10-05T21:39:21+03:00,https://a-z-animals.com/media/2022/11/iStock-468051494.jpg,0824.jpg,F:\NTSE\lab01\dataset\dog\0824.jpg,../lab01/dataset/dog/0824.jpg,dog
2026-10-05T21:39:22+03:00,https://media.dog-learn.com/images/daisy-dog-sz3.jpg,0825.jpg,F:\NTSE\lab01\dataset\dog\0825.jpg,../lab01/dataset/dog/0825.jpg,dog
2026-10-05T21:39:23+03:00,https://i2-prod.glasgowlive.co.uk/article15872004.ece/ALTERNATES/s1200f/0_GettyImages-128104437.jpg,0826.jpg,F:\NTSE\lab01\dataset\dog\0826.jpg,../lab01/dataset/dog/0826.jpg,dog
2026-10-05T21:39:25+03:00,https://i.pinimg.com/originals/75/3b/23/753b239a983711e22468c41e43b288a1.jpg,0827.jpg,F:\NTSE\lab01\dataset\dog\0827.jpg,../lab01/dataset/dog/0827.jpg,dog
2026-10-05T21:39:26+03:00,https://iv.okcdn.ru/getVideoPreview?id=8405241957035&idx=14&type=39&tkn=tzG6gHEw-2aKmU4VV63IBzBYUIw&fn=vid_w,0828.jpg,F:\NTSE\lab01\dataset\dog\0828.jpg,../lab01/dataset/dog/0828.jpg,dog
2026-10-05T21:39:27+03:00,https://i.ytimg.com/vi/BHF3xGJYU7E/maxresdefault.jpg?sqp=-oaymwEmCIAKENAF8quKqQMa8AEB-AHUBoAC4AOKAgwIABABGFogZShAMA8=&rs=AOn4CLA7VS0zJuiZippNihBp-1B7A-SCrQ,0829.jpg,F:\NTSE\lab01\dataset\dog\0829.jpg,../lab01/dataset/dog/0829.jpg,dog
2026-10-05T21:39:28+03:00,https://i2-prod.mirror.co.uk/article27366452.ece/ALTERNATES/s1200f/1_Let-sleeping-dogs-lie.jpg,0830.jpg,F:\NTSE\lab01\dataset\dog\0830.jpg,../lab01/dataset/dog/0830.jpg,dog
2026-10-05T21:39:29+03:00,https://img.goodfon.com/wallpaper/nbig/b/3e/zima-iazyk-sneg-derevia-skameika-priroda-poza-park-sobaka-la.webp,0831.jpg,F:\NTSE\lab01\dataset\dog\0831.jpg,../lab01/dataset/dog/0831.jpg,dog
2026-10-05T21:39:32+03:00,https://resizer.mail.ru/p/d440386f-8070-54d1-bb81-4a313b2cd7f6/AQAOTONSPfNJESTClciEsay1Gv758J5sMYd6xWfR3LQKSlyFyiBDsp76cBqhqskUWSNYyAs7jm522ln1BvDJG0LQjlM.jpg,0832.jpg,F:\NTSE\lab01\dataset\dog\0832.jpg,../lab01/dataset/dog/0832.jpg,dog
2026-10-05T21:39:34+03:00,https://pet-health-content-media.chewy.com/wp-content/uploads/2025/09/04094330/independent-dog-breeds-great-dane-scaled.jpg,0833.jpg,F:\NTSE\lab01\dataset\dog\0833.jpg,../lab01/dataset/dog/0833.jpg,dog
2026-10-05T21:39:41+03:00,https://images.wagwalkingweb.com/media/articles/dog/paralysis-spinal-lesion/paralysis-spinal-lesion.jpg,0834.jpg,F:\NTSE\lab01\dataset\dog\0834.jpg,../lab01/dataset/dog/0834.jpg,dog
2026-10-05T21:42:29+03:00,https://s0.rbk.ru/v6_top_pics/media/img/6/32/347756718380326.jpeg,0835.jpg,F:\NTSE\lab01\dataset\dog\0835.jpg,../lab01/dataset/dog/0835.jpg,dog
2026-10-05T21:42:30+03:00,https://www.purina.ru/sites/default/files/2025-12/GettyImages-1411469044%201%20%281%29.jpg,0836.jpg,F:\NTSE\lab01\dataset\dog\0836.jpg,../lab01/dataset/dog/0836.jpg,dog
2026-10-05T21:42:31+03:00,https://s0.rbk.ru/v6_top_pics/media/img/8/39/347762639498398.jpeg,0837.jpg,F:\NTSE\lab01\dataset\dog\0837.jpg,../lab01/dataset/dog/0837.jpg,dog
2026-10-05T21:42:32+03:00,https://s0.rbk.ru/v6_top_pics/media/img/2/66/347762664681662.webp,0838.jpg,F:\NTSE\lab01\dataset\dog\0838.jpg,../lab01/dataset/dog/0838.jpg,dog
2026-10-05T21:42:33+03:00,https://i.ytimg.com/vi/EmJJez6Rhs8/maxresdefault.jpg,0839.jpg,F:\NTSE\lab01\dataset\dog\0839.jpg,../lab01/dataset/dog/0839.jpg,dog
2026-10-05T21:42:34+03:00,https://i.ytimg.com/vi/pjMbW-wae6c/maxresdefault.jpg,0840.jpg,F:\NTSE\lab01\dataset\dog\0840.jpg,../lab01/dataset/dog/0840.jpg,dog
2026-10-05T21:42:40+03:00,https://resizer.mail.ru/p/1900b0fb-5c3a-5446-84ba-e340877a77d3/dpr:200/AQAOERCWepfiCXIT9jdrnrGDY3new_mlrzHnj0bDiSMospaSakunRhqD-saK3LDHA0L92iPRIInUbLi4MUFHecAZK14.jpg,0841.jpg,F:\NTSE\lab01\dataset\dog\0841.jpg,../lab01/dataset/dog/0841.jpg,dog
2026-10-05T21:42:48+03:00,https://cdn.mos.cms.futurecdn.net/iEQ23YDJ5f7QXwrS2enoPX.jpg,0842.jpg,F:\NTSE\lab01\dataset\dog\0842.jpg,../lab01/dataset/dog/0842.jpg,dog
2026-10-05T21:42:50+03:00,https://resizer.mail.ru/p/38e8956b-8a80-57aa-a22c-1a91e7aaa7b1/dpr:156/AAAOKv9Te1YmZdOOTU51hjJzfYytt-FnnMRJeGiFTHUACH_xPfEye_XpXYrNuoJNYvQwvQ3twUyeemPCP8SnhpLKFT4.jpg,0843.jpg,F:\NTSE\lab01\dataset\dog\0843.jpg,../lab01/dataset/dog/0843.jpg,dog
2026-10-05T21:43:16+03:00,https://iheartdogs.com/wp-content/uploads/2025/07/happy-pet-dogs-playing-park-3-1.jpg,0844.jpg,F:\NTSE\lab01\dataset\dog\0844.jpg,../lab01/dataset/dog/0844.jpg,dog
2026-10-05T21:43:16+03:00,https://i.ytimg.com/vi/aK7BdZP3Tio/maxresdefault.jpg,0845.jpg,F:\NTSE\lab01\dataset\dog\0845.jpg,../lab01/dataset/dog/0845.jpg,dog
2026-10-05T21:43:17+03:00,https://i.ytimg.com/vi/vevbDIa-tCk/maxresdefault.jpg,0846.jpg,F:\NTSE\lab01\dataset\dog\0846.jpg,../lab01/dataset/dog/0846.jpg,dog
2026-10-05T21:43:22+03:00,https://moya-planeta.ru/upload/images/xl/dc/41/dc41b24fe426fe5fbea827d4498223841b73fb52.jpg,0847.jpg,F:\NTSE\lab01\dataset\dog\0847.jpg,../lab01/dataset/dog/0847.jpg,dog
2026-10-05T21:43:36+03:00,https://thumbs.dreamstime.com/z/puppy-dog-lying-window-bench-longing-sad-bored-body-language-months-old-female-boxer-pitbull-mix-short-hair-274221474.jpg,0848.jpg,F:\NTSE\lab01\dataset\dog\0848.jpg,../lab01/dataset/dog/0848.jpg,dog
2026-10-05T21:43:37+03:00,https://i.pinimg.com/originals/f4/09/0c/f4090c5b22f7cedbcdf90f5c92402bae.jpg,0849.jpg,F:\NTSE\lab01\dataset\dog\0849.jpg,../lab01/dataset/dog/0849.jpg,dog
2026-10-05T21:44:58+03:00,https://multi-admin.ru/mediabank_blog/11/169552/87b5eea7d4e831cc96cc246d356623c2istock-471884456.jpg,0850.jpg,F:\NTSE\lab01\dataset\dog\0850.jpg,../lab01/dataset/dog/0850.jpg,dog
2026-10-05T21:44:59+03:00,https://resizer.mail.ru/p/8fe85d67-5874-5665-9e1c-c8ccf242d0d9/AQAOBTpX3qxB-hK33P6e7yr5FH9hNCFDFlJEdh6bO-_yLCrBubmLbdlXBT1PEwAHHDlXzcVpQnqdC9WG5DzywAoZe1A.jpg,0851.jpg,F:\NTSE\lab01\dataset\dog\0851.jpg,../lab01/dataset/dog/0851.jpg,dog
2026-10-05T21:45:00+03:00,https://www.proplan.ru/sites/default/files/styles/image_1920x767/public/2023-08/perhot1920.jpg?itok=5YfEW_2s,0852.jpg,F:\NTSE\lab01\dataset\dog\0852.jpg,../lab01/dataset/dog/0852.jpg,dog
2026-10-05T21:46:23+03:00,https://i.pinimg.com/originals/b2/18/c0/b218c000c65825437856c68c7feeb5ce.jpg,0853.jpg,F:\NTSE\lab01\dataset\dog\0853.jpg,../lab01/dataset/dog/0853.jpg,dog
2026-10-05T21:50:27+03:00,https://cdn.royalcanin-weshare-online.io/yT8HdHUBRYZmsWpcTJia/v1/htn7a-should-i-feed-my-dog-homemade-dog-food-article,0854.jpg,F:\NTSE\lab01\dataset\dog\0854.jpg,../lab01/dataset/dog/0854.jpg,dog
2026-10-05T21:50:28+03:00,https://img.goodfon.ru/wallpaper/nbig/e/5b/biver-iorkshirskii-terer-sobaka-morda-vzgliad-speredi-doma-t.webp,0855.jpg,F:\NTSE\lab01\dataset\dog\0855.jpg,../lab01/dataset/dog/0855.jpg,dog
2026-10-05T21:50:29+03:00,https://resizer.mail.ru/p/43a90052-f649-5c16-99bc-72eafc93668e/AQAO6dI7U6hWyElrzNYAXMcRhV_j11iLUpDM8rd6iC1ycREeKAO271T_EWCNKW401bg5hbwey0GvcI8hjrmYKOTolk0.jpg,0856.jpg,F:\NTSE\lab01\dataset\dog\0856.jpg,../lab01/dataset/dog/0856.jpg,dog
2026-10-05T21:50:32+03:00,https://blog.homesalive.ca/hubfs/why-do-dogs-eat-grass-feature.webp,0857.jpg,F:\NTSE\lab01\dataset\dog\0857.jpg,../lab01/dataset/dog/0857.jpg,dog
2026-10-05T21:50:32+03:00,https://i.pinimg.com/originals/2b/ee/ec/2beeecdb952a7598c7314bd47f33392b.jpg,0858.jpg,F:\NTSE\lab01\dataset\dog\0858.jpg,../lab01/dataset/dog/0858.jpg,dog
2026-10-05T21:51:38+03:00,https://www.sunshinecoastnews.com.au/wp-content/uploads/2023/06/SCN260623-dangerous-dogs-01-scaled.jpg,0859.jpg,F:\NTSE\lab01\dataset\dog\0859.jpg,../lab01/dataset/dog/0859.jpg,dog
2026-10-05T21:51:39+03:00,https://i.pinimg.com/originals/05/c2/4a/05c24aaf1c9058637207769282357053.jpg?nii=t,0860.jpg,F:\NTSE\lab01\dataset\dog\0860.jpg,../lab01/dataset/dog/0860.jpg,dog
2026-10-05T21:51:40+03:00,https://static.scientificamerican.com/sciam/cache/file/2781746A-0613-4741-84B30C7E539C18AF_source.jpg?w=1200,0861.jpg,F:\NTSE\lab01\dataset\dog\0861.jpg,../lab01/dataset/dog/0861.jpg,dog
2026-10-05T21:51:41+03:00,https://i.ytimg.com/vi/1ppzP4SM5-s/maxresdefault.jpg,0862.jpg,F:\NTSE\lab01\dataset\dog\0862.jpg,../lab01/dataset/dog/0862.jpg,dog
2026-10-05T21:51:42+03:00,https://static.vecteezy.com/system/resources/thumbnails/026/746/043/small_2x/of-a-bichon-fise-dog-on-white-background-generative-ai-photo.jpg,0863.jpg,F:\NTSE\lab01\dataset\dog\0863.jpg,../lab01/dataset/dog/0863.jpg,dog
2026-10-05T21:51:44+03:00,https://assets.bwbx.io/images/users/iqjWHBFdfxIU/iVfGrKLFYNbo/v0/-999x-999.png,0864.jpg,F:\NTSE\lab01\dataset\dog\0864.jpg,../lab01/dataset/dog/0864.jpg,dog
2026-10-05T21:51:45+03:00,https://www.dogeat.ru/img/%D0%A1%D0%BE%D0%B1%D0%B0%D0%BA%D0%B0%20%D0%BD%D0%B5%20%D0%B8%D0%B4%D0%B5%D1%82%20%D0%BD%D0%B0%20%D0%BF%D0%BE%D0%B2%D0%BE%D0%B4%D0%BA%D0%B5%20(1).jpg,0865.jpg,F:\NTSE\lab01\dataset\dog\0865.jpg,../lab01/dataset/dog/0865.jpg,dog
2026-10-05T21:51:47+03:00,https://www.shutterstock.com/shutterstock/photos/1527607631/display_1500/stock-photo-studio-shot-of-an-adorable-golden-retriever-lying-with-hanging-tongue-isolated-on-white-1527607631.jpg,0866.jpg,F:\NTSE\lab01\dataset\dog\0866.jpg,../lab01/dataset/dog/0866.jpg,dog
2026-10-05T21:51:49+03:00,https://i2-prod.manchestereveningnews.co.uk/article32298956.ece/ALTERNATES/s1200e/0_Border-Collie-Dog.jpg,0867.jpg,F:\NTSE\lab01\dataset\dog\0867.jpg,../lab01/dataset/dog/0867.jpg,dog
2026-10-05T21:51:50+03:00,https://i.ytimg.com/vi/BBHV9af5JrE/maxresdefault.jpg?v=69bd5710,0868.jpg,F:\NTSE\lab01\dataset\dog\0868.jpg,../lab01/dataset/dog/0868.jpg,dog
2026-10-05T21:51:58+03:00,https://www.beverlyhillsvets.com/blog/wp-content/uploads/2022/06/iStock-874937848-scaled-1.jpg,0869.jpg,F:\NTSE\lab01\dataset\dog\0869.jpg,../lab01/dataset/dog/0869.jpg,dog
2026-10-05T21:51:59+03:00,https://thumbs.dreamstime.com/z/cute-enchanting-dog-sitting-path-humans-173770350.jpg,0870.jpg,F:\NTSE\lab01\dataset\dog\0870.jpg,../lab01/dataset/dog/0870.jpg,dog
2026-10-05T21:52:00+03:00,https://i.ytimg.com/vi/QKdzo_U5o8M/maxresdefault.jpg?sqp=-oaymwEmCIAKENAF8quKqQMa8AEB-AHUBoACwAOKAgwIABABGGUgXChPMA8=&rs=AOn4CLD4UhpLTzu6hiKKarWXkmAdZhymxQ,0871.jpg,F:\NTSE\lab01\dataset\dog\0871.jpg,../lab01/dataset/dog/0871.jpg,dog
2026-10-05T21:52:02+03:00,https://static.tildacdn.com/tild3938-6233-4164-a336-346665323732/picture-1200.png,0872.jpg,F:\NTSE\lab01\dataset\dog\0872.jpg,../lab01/dataset/dog/0872.jpg,dog
2026-10-05T21:52:03+03:00,https://cdn.mos.cms.futurecdn.net/EcSGUZ67PZjJiyY375ZxVn-1920-80.jpg,0873.jpg,F:\NTSE\lab01\dataset\dog\0873.jpg,../lab01/dataset/dog/0873.jpg,dog
2026-10-05T21:52:04+03:00,https://i.ytimg.com/vi/8PfzgafpeCY/maxresdefault.jpg,0874.jpg,F:\NTSE\lab01\dataset\dog\0874.jpg,../lab01/dataset/dog/0874.jpg,dog
2026-10-05T21:52:05+03:00,https://static.scientificamerican.com/dam/m/1075f6c2627f7c09/original/Dog-diversity_3000.jpg?m=1763063884.583&w=1200,0875.jpg,F:\NTSE\lab01\dataset\dog\0875.jpg,../lab01/dataset/dog/0875.jpg,dog
2026-10-05T21:52:05+03:00,https://i.ytimg.com/vi/2xrykO8LyAY/maxresdefault.jpg,0876.jpg,F:\NTSE\lab01\dataset\dog\0876.jpg,../lab01/dataset/dog/0876.jpg,dog
2026-10-05T21:52:06+03:00,https://s0.rbk.ru/v6_top_pics/media/img/9/57/756752350600579.jpg,0877.jpg,F:\NTSE\lab01\dataset\dog\0877.jpg,../lab01/dataset/dog/0877.jpg,dog
2026-10-05T21:52:08+03:00,https://www.doglyness.com/cdn/shop/articles/conditioning-spray-cover.png?v=1698255180,0878.jpg,F:\NTSE\lab01\dataset\dog\0878.jpg,../lab01/dataset/dog/0878.jpg,dog
2026-10-05T21:52:10+03:00,https://news-img.gismeteo.st/ru/2023/02/shutterstock_1527361271-1.jpg,0879.jpg,F:\NTSE\lab01\dataset\dog\0879.jpg,../lab01/dataset/dog/0879.jpg,dog
2026-10-05T21:53:15+03:00,https://paradepets.com/.image/NTowMDAwMDAwMDAwMzYzMDA5/an-english-mastiff-close-to-the-camera.jpg?profile=w2560&x=50&y=50,0880.jpg,F:\NTSE\lab01\dataset\dog\0880.jpg,../lab01/dataset/dog/0880.jpg,dog
2026-10-05T21:53:16+03:00,https://i.ytimg.com/vi/FU_TiOfbFhA/maxresdefault.jpg,0881.jpg,F:\NTSE\lab01\dataset\dog\0881.jpg,../lab01/dataset/dog/0881.jpg,dog
2026-10-05T21:53:17+03:00,https://www.polivet.it/wp-content/uploads/2019/09/Senza-titolo-1-3.jpg,0882.jpg,F:\NTSE\lab01\dataset\dog\0882.jpg,../lab01/dataset/dog/0882.jpg,dog
2026-10-05T21:53:19+03:00,https://nomador-strapi-prod.s3.eu-central-1.amazonaws.com/pexels_photo_2848707_e847cd21ae.jpeg,0883.jpg,F:\NTSE\lab01\dataset\dog\0883.jpg,../lab01/dataset/dog/0883.jpg,dog
2026-10-05T21:54:47+03:00,https://i.pinimg.com/originals/6c/82/d2/6c82d29e218cb2b14a985546c4559c35.jpg,0884.jpg,F:\NTSE\lab01\dataset\dog\0884.jpg,../lab01/dataset/dog/0884.jpg,dog
2026-10-05T21:54:48+03:00,https://i.ytimg.com/vi/-44K3PnKimI/maxresdefault.jpg,0885.jpg,F:\NTSE\lab01\dataset\dog\0885.jpg,../lab01/dataset/dog/0885.jpg,dog
2026-10-05T21:57:28+03:00,https://i.ytimg.com/vi/ESwqiCRAFvE/maxresdefault.jpg,0886.jpg,F:\NTSE\lab01\dataset\dog\0886.jpg,../lab01/dataset/dog/0886.jpg,dog
2026-10-05T21:57:30+03:00,https://images-bonnier.imgix.net/files/ill/production/To-hunde-moeder-hinanden.jpg?auto=format,0887.jpg,F:\NTSE\lab01\dataset\dog\0887.jpg,../lab01/dataset/dog/0887.jpg,dog
2026-10-05T21:58:53+03:00,https://mgsinsurance.ph/wp-content/uploads/2022/09/MOST-POPULAR-DOG-BREEDS-AMONG-YOUNG-PEOPLE.png,0888.jpg,F:\NTSE\lab01\dataset\dog\0888.jpg,../lab01/dataset/dog/0888.jpg,dog
2026-10-05T21:58:54+03:00,https://i.pinimg.com/originals/ac/79/92/ac7992957134ca4a42648956a8754539.jpg,0889.jpg,F:\NTSE\lab01\dataset\dog\0889.jpg,../lab01/dataset/dog/0889.jpg,dog
2026-10-05T22:00:15+03:00,https://resizer.mail.ru/p/d44e6b48-3205-5865-987e-dacd63a45101/dpr:200/AQAO_Kl5AaDBaghkdl2qEdTrrGJBHvUrgYTZjBOHY0HoBhYrkSy_6Epr7DXxZ-Cq_L-89G_m8855pZJtH_O36HpIPhY.jpg,0890.jpg,F:\NTSE\lab01\dataset\dog\0890.jpg,../lab01/dataset/dog/0890.jpg,dog
2026-10-05T22:00:19+03:00,https://cdn2.botanichka.ru/wp-content/uploads/2026/01/12-samyh-umnyh-porod-sobak-kotorye-pojmut-vas-s-poluslova-7-1200x800.jpeg,0891.jpg,F:\NTSE\lab01\dataset\dog\0891.jpg,../lab01/dataset/dog/0891.jpg,dog
2026-10-05T22:00:21+03:00,https://i2-prod.dailyrecord.co.uk/article36127179.ece/ALTERNATES/s1200f/0_Cute-dog-barking-in-a-green-park.jpg,0892.jpg,F:\NTSE\lab01\dataset\dog\0892.jpg,../lab01/dataset/dog/0892.jpg,dog
2026-10-05T22:00:23+03:00,https://www.shutterstock.com/shutterstock/photos/1564945639/display_1500/stock-photo-happy-dog-waves-paw-border-collie-on-a-blue-background-pet-in-the-studio-1564945639.jpg,0893.jpg,F:\NTSE\lab01\dataset\dog\0893.jpg,../lab01/dataset/dog/0893.jpg,dog
2026-10-05T22:00:24+03:00,https://animology.co.uk/cdn/shop/articles/Untitled_design_3_68d0ad40-aab0-4d63-826b-40fa013634ee_1200x1200.png?v=1746523013,0894.jpg,F:\NTSE\lab01\dataset\dog\0894.jpg,../lab01/dataset/dog/0894.jpg,dog
2026-10-05T22:00:25+03:00,https://i.pinimg.com/originals/15/17/46/151746007ad3605ca52d827d20c2090e.jpg,0895.jpg,F:\NTSE\lab01\dataset\dog\0895.jpg,../lab01/dataset/dog/0895.jpg,dog
2026-10-05T22:00:26+03:00,https://images.squarespace-cdn.com/content/v1/5f71a86a17b09363518687ab/1601484357484-AOGMP7I8JBA9WPH1ASXP/307.jpg,0896.jpg,F:\NTSE\lab01\dataset\dog\0896.jpg,../lab01/dataset/dog/0896.jpg,dog
2026-10-05T22:00:28+03:00,https://www.derwesten.de/wp-content/uploads/sites/8/2025/10/imago375799090-1.jpg?w=1200,0897.jpg,F:\NTSE\lab01\dataset\dog\0897.jpg,../lab01/dataset/dog/0897.jpg,dog
2026-10-05T22:00:38+03:00,https://www.shutterstock.com/shutterstock/photos/1464613883/display_1500/stock-photo-happy-active-jack-russel-pet-dog-puppy-running-in-the-grass-in-summer-web-banner-with-copy-space-1464613883.jpg,0898.jpg,F:\NTSE\lab01\dataset\dog\0898.jpg,../lab01/dataset/dog/0898.jpg,dog
2026-10-05T22:00:39+03:00,https://jourcsu.ru/wp-content/uploads/2022/05/luacd5hhqgqdvnsc7ou89n3h62ayels7aq1drhga8-4ko79lhhegkdkkwawpntzfxboiv1rvqp3ywtdsvegry_gs-1.jpg,0899.jpg,F:\NTSE\lab01\dataset\dog\0899.jpg,../lab01/dataset/dog/0899.jpg,dog
2026-10-05T22:00:40+03:00,https://i.pinimg.com/736x/84/ca/48/84ca4823567aa7d614a21e41d245a3f5.jpg,0900.jpg,F:\NTSE\lab01\dataset\dog\0900.jpg,../lab01/dataset/dog/0900.jpg,dog
2026-10-05T22:00:42+03:00,https://www.shutterstock.com/shutterstock/photos/1851921319/display_1500/stock-photo-golden-retriever-dog-with-paw-up-isolated-on-a-white-background-1851921319.jpg,0901.jpg,F:\NTSE\lab01\dataset\dog\0901.jpg,../lab01/dataset/dog/0901.jpg,dog
2026-10-05T22:02:03+03:00,https://247wallst.com/wp-content/uploads/2022/05/imageForEntry50-3WY.jpg,0902.jpg,F:\NTSE\lab01\dataset\dog\0902.jpg,../lab01/dataset/dog/0902.jpg,dog
2026-10-05T22:03:45+03:00,https://static.vecteezy.com/system/resources/previews/050/175/775/large_2x/golden-retriever-dog-captured-in-full-body-displayed-against-a-transparent-backdrop-ready-for-design-inclusion-png.png,0903.jpg,F:\NTSE\lab01\dataset\dog\0903.jpg,../lab01/dataset/dog/0903.jpg,dog
2026-10-05T22:05:28+03:00,https://th-thumbnailer.cdn-si-edu.com/C4MIxDa_YxisZm2EtoTNHweBKZU=/fit-in/1600x0/filters:focal(3126x2084:3127x2085)/https://tf-cmsv2-smithsonianmag-media.s3.amazonaws.com/filer_public/ec/e6/ece69181-708a-496e-b2b7-eaf7078b99e0/gettyimages-1310156391.jpg,0904.jpg,F:\NTSE\lab01\dataset\dog\0904.jpg,../lab01/dataset/dog/0904.jpg,dog
2026-10-05T22:05:29+03:00,https://www.purina.ru/sites/default/files/2023-12/%D0%92%20%D0%BA%D0%B0%D0%BA%D0%BE%D0%BC%20%D0%B2%D0%BE%D0%B7%D1%80%D0%B0%D1%81%D1%82%D0%B5%20%D0%BB%D1%83%D1%87%D1%88%D0%B5%20%D0%B1%D1%80%D0%B0%D1%82%D1%8C%20%D1%89%D0%B5%D0%BD%D0%BA%D0%B0%201.jpg,0905.jpg,F:\NTSE\lab01\dataset\dog\0905.jpg,../lab01/dataset/dog/0905.jpg,dog
2026-10-05T22:05:34+03:00,https://thumbs.dreamstime.com/z/4-%D0%B4%D0%B5%D1%82%D0%B5%D0%BD%D1%8B%D1%88%D0%B0-retriever-%D0%BC%D0%B5%D1%81%D1%8F%D1%86%D0%B5%D0%B2-labrador-%D1%81%D1%82%D0%B0%D1%80%D1%8B%D1%85-23771513.jpg,0906.jpg,F:\NTSE\lab01\dataset\dog\0906.jpg,../lab01/dataset/dog/0906.jpg,dog
2026-10-05T22:06:56+03:00,https://www.wellnesspetfood.com/wp-content/uploads/2024/01/10-most-popular-small-dog-breeds.png,0907.jpg,F:\NTSE\lab01\dataset\dog\0907.jpg,../lab01/dataset/dog/0907.jpg,dog
2026-10-05T22:06:58+03:00,https://www.shutterstock.com/shutterstock/photos/1533544229/display_1500/stock-photo-cute-samoyed-dog-on-color-background-1533544229.jpg,0908.jpg,F:\NTSE\lab01\dataset\dog\0908.jpg,../lab01/dataset/dog/0908.jpg,dog
2026-10-05T22:06:59+03:00,https://staticfanpage.akamaized.net/wp-content/uploads/sites/38/2025/06/iStock-1924439668.jpg,0909.jpg,F:\NTSE\lab01\dataset\dog\0909.jpg,../lab01/dataset/dog/0909.jpg,dog
2026-10-05T22:07:01+03:00,https://i.pinimg.com/originals/13/af/e9/13afe9f3f4fff0202a4a4b0cc2d1fdf0.png,0910.jpg,F:\NTSE\lab01\dataset\dog\0910.jpg,../lab01/dataset/dog/0910.jpg,dog
2026-10-05T22:10:05+03:00,https://i.pinimg.com/originals/e7/40/46/e740461b0aab5f060e701a4ec60d6e03.jpg,0911.jpg,F:\NTSE\lab01\dataset\dog\0911.jpg,../lab01/dataset/dog/0911.jpg,dog
2026-10-05T22:10:06+03:00,https://static.vecteezy.com/system/resources/thumbnails/019/324/491/small_2x/cute-puppy-dog-border-collie-with-funny-face-isolated-on-white-background-cute-pet-dog-pet-animal-life-concept-love-for-pets-friendship-companion-photo.jpg,0912.jpg,F:\NTSE\lab01\dataset\dog\0912.jpg,../lab01/dataset/dog/0912.jpg,dog
2026-10-05T22:10:08+03:00,https://resizer.mail.ru/p/98aecb83-0bd7-507d-b0f7-43a075fe222d/dpr:200/AQAOBMJvcOXuzRIyheU1Q_UdWIeIYHQZGc19IGs0R1JrFT_evn4ObG0zKFWUsAIrzLQVP5ha3BrB26S6WEsta_JgK6M.jpg,0913.jpg,F:\NTSE\lab01\dataset\dog\0913.jpg,../lab01/dataset/dog/0913.jpg,dog
2026-10-05T22:10:09+03:00,https://i.pinimg.com/originals/ac/5f/10/ac5f10289fc506f6edadfede2bcd0a75.jpg,0914.jpg,F:\NTSE\lab01\dataset\dog\0914.jpg,../lab01/dataset/dog/0914.jpg,dog
2026-10-05T22:10:10+03:00,"https://www.northamptonchron.co.uk/jpim-static/image/ugc/2026/04/29/16/istock_old_dog_9_1777457257.jpg?trim=0,0,0,0&crop=&width=1200&auto=webp&quality=75",0915.jpg,F:\NTSE\lab01\dataset\dog\0915.jpg,../lab01/dataset/dog/0915.jpg,dog
2026-10-05T22:10:12+03:00,https://thumbs.dreamstime.com/z/cute-puppy-dogo-argentino-sitting-grass-sweet-puppy-dogo-argentino-sitting-grass-summer-115638867.jpg,0916.jpg,F:\NTSE\lab01\dataset\dog\0916.jpg,../lab01/dataset/dog/0916.jpg,dog
2026-10-05T22:10:13+03:00,https://i.ytimg.com/vi/vdzS1kfXv0Y/maxresdefault.jpg,0917.jpg,F:\NTSE\lab01\dataset\dog\0917.jpg,../lab01/dataset/dog/0917.jpg,dog
2026-10-05T22:10:15+03:00,https://st.focusedcollection.com/9163412/i/1800/focused_521048094-stock-photo-side-view-beautiful-domestic-hunter.jpg,0918.jpg,F:\NTSE\lab01\dataset\dog\0918.jpg,../lab01/dataset/dog/0918.jpg,dog
2026-10-05T22:10:15+03:00,https://i.pinimg.com/originals/fc/58/e5/fc58e59e19c75ea1d1b4224cf1abd8f1.jpg,0919.jpg,F:\NTSE\lab01\dataset\dog\0919.jpg,../lab01/dataset/dog/0919.jpg,dog
2026-10-05T22:11:36+03:00,https://images.oxu.az/2021/03/21/16/57/36/06d599db-852f-4e45-b180-d8d07670f67d/vidi:1200.jpg,0920.jpg,F:\NTSE\lab01\dataset\dog\0920.jpg,../lab01/dataset/dog/0920.jpg,dog
2026-10-05T22:11:37+03:00,https://image.magnific.com/free-photo/happy-dog-standing-hind-legs_23-2148366797.jpg,0921.jpg,F:\NTSE\lab01\dataset\dog\0921.jpg,../lab01/dataset/dog/0921.jpg,dog
2026-10-05T22:11:38+03:00,https://bestlifeonline.com/wp-content/uploads/sites/3/2021/07/Dogues-de-Bordeaux.jpg?quality=82&strip=all,0922.jpg,F:\NTSE\lab01\dataset\dog\0922.jpg,../lab01/dataset/dog/0922.jpg,dog
2026-10-05T22:11:40+03:00,https://tv-gubernia.ru/wp-content/uploads/2025/10/closeup-shot-cute-dog-looking-camera-with-blurred-background-scaled.jpg,0923.jpg,F:\NTSE\lab01\dataset\dog\0923.jpg,../lab01/dataset/dog/0923.jpg,dog
2026-10-05T22:11:41+03:00,https://35photo.pro/photos_main/368/1842825.jpg,0924.jpg,F:\NTSE\lab01\dataset\dog\0924.jpg,../lab01/dataset/dog/0924.jpg,dog
2026-10-05T22:11:42+03:00,https://cdn.mos.cms.futurecdn.net/sDNKGmTp7WjYu7XEgTRazF.jpg,0925.jpg,F:\NTSE\lab01\dataset\dog\0925.jpg,../lab01/dataset/dog/0925.jpg,dog
2026-10-05T22:11:43+03:00,https://i.ytimg.com/vi/NoqoxyuGwus/maxresdefault.jpg,0926.jpg,F:\NTSE\lab01\dataset\dog\0926.jpg,../lab01/dataset/dog/0926.jpg,dog
2026-10-05T22:11:44+03:00,https://www.factinate.com/storage/app/media/splashtravels/2025/5/14/beautifuldogs-flip.jpg,0927.jpg,F:\NTSE\lab01\dataset\dog\0927.jpg,../lab01/dataset/dog/0927.jpg,dog
2026-10-05T22:12:06+03:00,https://www.pupvine.com/wp-content/uploads/2022/08/dogo-argentino-1.jpg,0928.jpg,F:\NTSE\lab01\dataset\dog\0928.jpg,../lab01/dataset/dog/0928.jpg,dog
2026-10-05T22:12:07+03:00,https://www.dastereo.ru/uploads/default/optimized/4X/4/c/7/4c7b9d37d288ddc0e4c836a12a398caf5407ee09_2_796x1000.jpeg,0929.jpg,F:\NTSE\lab01\dataset\dog\0929.jpg,../lab01/dataset/dog/0929.jpg,dog
2026-10-05T22:12:08+03:00,https://i.ytimg.com/vi/FdTv7iJD-5s/maxresdefault.jpg,0930.jpg,F:\NTSE\lab01\dataset\dog\0930.jpg,../lab01/dataset/dog/0930.jpg,dog
2026-10-05T22:12:09+03:00,https://i2-prod.mirror.co.uk/article35047840.ece/ALTERNATES/s1200f/0_Mutt-dog-smiling-in-the-fields.jpg,0931.jpg,F:\NTSE\lab01\dataset\dog\0931.jpg,../lab01/dataset/dog/0931.jpg,dog
2026-10-05T22:12:17+03:00,https://resizer.mail.ru/p/2654dfc7-6466-5046-9ddf-f32ac8eac784/AQAOdVI7SFWhG3d8X5KUeecxs8QPcm1xI1FsorxwEgq5C7rAS0dQFt1dV7pyVMhwCSHTUl6c1eTFDRWfsJekcrjre0g.jpg,0932.jpg,F:\NTSE\lab01\dataset\dog\0932.jpg,../lab01/dataset/dog/0932.jpg,dog
2026-10-05T22:12:40+03:00,https://iheartdogs.com/wp-content/uploads/2014/12/shutterstock_2083006489-2-scaled.jpg,0933.jpg,F:\NTSE\lab01\dataset\dog\0933.jpg,../lab01/dataset/dog/0933.jpg,dog
2026-10-05T22:12:41+03:00,https://www.hola.com/us/horizon/original_aspect_ratio/49059aa5958c-pet-photography-location-shoot.jpg,0934.jpg,F:\NTSE\lab01\dataset\dog\0934.jpg,../lab01/dataset/dog/0934.jpg,dog
2026-10-05T22:12:47+03:00,https://www.pdsa.org.uk/media/11108/prey-drive-banner.jpg,0935.jpg,F:\NTSE\lab01\dataset\dog\0935.jpg,../lab01/dataset/dog/0935.jpg,dog
2026-10-05T22:12:56+03:00,https://pic.rtbcdn.ru/video/d5/1e/d51e35f83d5639e1444ff332746fde3f.jpg,0936.jpg,F:\NTSE\lab01\dataset\dog\0936.jpg,../lab01/dataset/dog/0936.jpg,dog
2026-10-05T22:12:57+03:00,https://cdn2.botanichka.ru/wp-content/uploads/2024/03/kak-otuchit-sobaku-pisat-doma-10-samyh-chastyh-prichin-nepristojnogo-povedeniya-0.jpeg,0937.jpg,F:\NTSE\lab01\dataset\dog\0937.jpg,../lab01/dataset/dog/0937.jpg,dog
2026-10-05T22:13:02+03:00,https://static.tildacdn.com/tild6530-3763-4333-b437-386261363165/___12.png,0938.jpg,F:\NTSE\lab01\dataset\dog\0938.jpg,../lab01/dataset/dog/0938.jpg,dog
2026-10-05T22:13:08+03:00,https://resizer.mail.ru/p/02e260be-ec91-5de6-add9-81a6c3b1d106/AQAOnJL6raWCvOUe86lWqobJnm-_MymGB2FHQyyhIEWeGafPmQfSxaRm8s8K364Cxv60ziwRo7HcL84z6P-4zjAIqbM.jpg,0939.jpg,F:\NTSE\lab01\dataset\dog\0939.jpg,../lab01/dataset/dog/0939.jpg,dog
2026-10-05T22:13:09+03:00,https://cdn.profile.ru/wp-content/uploads/2022/11/sobaka-na-zimnej-progulke.jpg,0940.jpg,F:\NTSE\lab01\dataset\dog\0940.jpg,../lab01/dataset/dog/0940.jpg,dog
2026-10-05T22:13:10+03:00,https://senatinform.ru/upload/sprint.editor/21d/ftwp3a6tbc1s76yvv2s8m462i3636sf6.jpg,0941.jpg,F:\NTSE\lab01\dataset\dog\0941.jpg,../lab01/dataset/dog/0941.jpg,dog
2026-10-05T22:13:13+03:00,https://i.iheart.com/v3/re/assets.getty/5f90a5db85fe21e085ff2911,0942.jpg,F:\NTSE\lab01\dataset\dog\0942.jpg,../lab01/dataset/dog/0942.jpg,dog
2026-10-05T22:13:15+03:00,https://a.storyblok.com/f/152976/1254x836/6cadff64d0/english-bulldog.jpg,0943.jpg,F:\NTSE\lab01\dataset\dog\0943.jpg,../lab01/dataset/dog/0943.jpg,dog
2026-10-05T22:14:24+03:00,https://i.ytimg.com/vi/jiLcGZcVWR0/maxresdefault.jpg,0944.jpg,F:\NTSE\lab01\dataset\dog\0944.jpg,../lab01/dataset/dog/0944.jpg,dog
2026-10-05T22:14:26+03:00,https://i.pinimg.com/originals/4a/97/dc/4a97dceb755491eed4fd4afabe2dd796.jpg,0945.jpg,F:\NTSE\lab01\dataset\dog\0945.jpg,../lab01/dataset/dog/0945.jpg,dog
2026-10-05T22:14:26+03:00,https://i.ytimg.com/vi/j9Cl9dKjEn0/maxresdefault.jpg,0946.jpg,F:\NTSE\lab01\dataset\dog\0946.jpg,../lab01/dataset/dog/0946.jpg,dog
2026-10-05T22:14:27+03:00,https://moya-planeta.ru/upload/images/xl/1c/22/1c22a318b7db1a12508671bf931184c649bfe6a8.jpg,0947.jpg,F:\NTSE\lab01\dataset\dog\0947.jpg,../lab01/dataset/dog/0947.jpg,dog
2026-10-05T22:15:53+03:00,https://i.pinimg.com/originals/ae/9b/c7/ae9bc7ddebdc35fad2d00e2774810021.jpg?nii=t,0948.jpg,F:\NTSE\lab01\dataset\dog\0948.jpg,../lab01/dataset/dog/0948.jpg,dog
2026-10-05T22:15:54+03:00,https://i.pinimg.com/originals/18/2d/94/182d9449c975b1c4947685074f5b12f5.jpg?nii=t,0949.jpg,F:\NTSE\lab01\dataset\dog\0949.jpg,../lab01/dataset/dog/0949.jpg,dog
2026-10-05T22:15:59+03:00,https://i2-prod.walesonline.co.uk/article33912838.ece/ALTERNATES/s1200f/0_Cute-puppy-dog-border-collie-sitting-playing-with-funny-face-on-couch-at-home-indoors-Pet-dog-resting-on-cozy-sofa-Pet.jpg,0950.jpg,F:\NTSE\lab01\dataset\dog\0950.jpg,../lab01/dataset/dog/0950.jpg,dog
2026-10-05T22:16:02+03:00,https://consumer-cms.petfinder.com/sites/default/files/images/content/Leonberger%204.jpg,0951.jpg,F:\NTSE\lab01\dataset\dog\0951.jpg,../lab01/dataset/dog/0951.jpg,dog
2026-10-05T22:16:04+03:00,https://www.kozoo.eu/wp-content/uploads/2025/11/xchiot-broholmer.jpg.pagespeed.ic.ry3PDjHW7C.jpg,0952.jpg,F:\NTSE\lab01\dataset\dog\0952.jpg,../lab01/dataset/dog/0952.jpg,dog
2026-10-05T22:16:05+03:00,https://resizer.mail.ru/p/55e718a3-7c6a-5c66-89dc-ea4667b3301f/AQAO2Zk3-C0_g89k-iIx0meqVdT7Tt2wJJOh6wVCeUz1rcztG1Asic7ULgVH7rE9kN590vIUzRoEwMZacbNBR5bKbrA.jpg,0953.jpg,F:\NTSE\lab01\dataset\dog\0953.jpg,../lab01/dataset/dog/0953.jpg,dog
2026-10-05T22:16:06+03:00,https://i.ytimg.com/vi/PfZ1r1Obs1E/maxresdefault.jpg,0954.jpg,F:\NTSE\lab01\dataset\dog\0954.jpg,../lab01/dataset/dog/0954.jpg,dog
2026-10-05T22:17:27+03:00,https://7themes.su/_ph/32/130412110.jpg,0955.jpg,F:\NTSE\lab01\dataset\dog\0955.jpg,../lab01/dataset/dog/0955.jpg,dog
2026-10-05T22:17:29+03:00,https://resizer.mail.ru/p/e61bc349-b4df-5116-8137-229e722eb365/AQAO_Cp5REQxY4KUvFGTOLQmWAIbhtFx4oO7zQTNlAbYvRpxsrcKBlV9Wooq772ahhGC03hhceqZjX5p7Idf9OxrPW0.jpg,0956.jpg,F:\NTSE\lab01\dataset\dog\0956.jpg,../lab01/dataset/dog/0956.jpg,dog
2026-10-05T22:17:30+03:00,https://i2-prod.mirror.co.uk/article27422718.ece/ALTERNATES/s1200f/0_Banner-two-smiling-dogs-with-happy-expression-and-closed-eyes-Isolated-on-blue-colored-background.jpg,0957.jpg,F:\NTSE\lab01\dataset\dog\0957.jpg,../lab01/dataset/dog/0957.jpg,dog
2026-10-05T22:17:31+03:00,https://s0.rbk.ru/v6_top_pics/media/img/8/46/347294889651468.webp,0958.jpg,F:\NTSE\lab01\dataset\dog\0958.jpg,../lab01/dataset/dog/0958.jpg,dog
2026-10-05T22:17:36+03:00,https://i.ytimg.com/vi/jNw0I9oOryk/maxresdefault.jpg?sqp=-oaymwEmCIAKENAF8quKqQMa8AEB-AH-CYAC0AWKAgwIABABGF0gZSg_MA8=&rs=AOn4CLCww6ejqW92_qKJBLIbsMLviy0YJw,0959.jpg,F:\NTSE\lab01\dataset\dog\0959.jpg,../lab01/dataset/dog/0959.jpg,dog
2026-10-05T22:17:37+03:00,https://i.ytimg.com/vi/lMPwdHjW7MI/maxresdefault.jpg,0960.jpg,F:\NTSE\lab01\dataset\dog\0960.jpg,../lab01/dataset/dog/0960.jpg,dog
2026-10-05T22:17:38+03:00,https://storage-api.petstory.ru/resize/0x0x70/f0/97/15/f0971523d55744f7861684839f51ea3d.jpeg,0961.jpg,F:\NTSE\lab01\dataset\dog\0961.jpg,../lab01/dataset/dog/0961.jpg,dog
2026-10-05T22:17:39+03:00,https://io.sb.by/storage01/iblock/2d9/2d9bca940f6ea01edd8d0db7ec06ece7/3dc801b0c19785f9cde0a68c48e4d069.jpg,0962.jpg,F:\NTSE\lab01\dataset\dog\0962.jpg,../lab01/dataset/dog/0962.jpg,dog
2026-10-05T22:17:40+03:00,https://yamal-media.ru/images/insecure/rs:fill-down:1920:1080/aHR0cHM6Ly9zdG9yYWdlLnlhbmRleGNsb3VkLm5ldC95bS1zaXRlcy1zdGF0aWMvM2YyYzQwMTYtZDhlLndlYnA.webp,0963.jpg,F:\NTSE\lab01\dataset\dog\0963.jpg,../lab01/dataset/dog/0963.jpg,dog
2026-10-05T22:17:41+03:00,"https://media.cnn.com/api/v1/images/stellar/prod/180316113418-travel-with-a-dog-3.jpg?q=x_0,y_239,h_2593,w_4608,c_crop/h_833,w_1480",0964.jpg,F:\NTSE\lab01\dataset\dog\0964.jpg,../lab01/dataset/dog/0964.jpg,dog
2026-10-05T22:17:42+03:00,https://s0.rbk.ru/v6_top_pics/media/img/9/48/347401360472489.jpeg,0965.jpg,F:\NTSE\lab01\dataset\dog\0965.jpg,../lab01/dataset/dog/0965.jpg,dog
2026-10-05T22:17:44+03:00,https://st.focusedcollection.com/18590116/i/1800/focused_225326270-stock-photo-close-cairn-terrier-puppy.jpg,0966.jpg,F:\NTSE\lab01\dataset\dog\0966.jpg,../lab01/dataset/dog/0966.jpg,dog
2026-10-05T22:17:51+03:00,https://static.vecteezy.com/system/resources/thumbnails/030/191/045/small_2x/happy-dog-isolated-background-with-copy-space-generative-ai-photo.jpg,0967.jpg,F:\NTSE\lab01\dataset\dog\0967.jpg,../lab01/dataset/dog/0967.jpg,dog
2026-10-05T22:17:52+03:00,https://images.oxu.az/2025/11/29/f6DPjH7qiliGNBVGHSTPVE2LKXkR16mIW2dP7Fcl:1200.jpg,0968.jpg,F:\NTSE\lab01\dataset\dog\0968.jpg,../lab01/dataset/dog/0968.jpg,dog
2026-10-05T22:17:53+03:00,https://fs.znanio.ru/d5af0e/20/fb/197a5675c6af74eafd11c4c62faa9cd13f.jpg,0969.jpg,F:\NTSE\lab01\dataset\dog\0969.jpg,../lab01/dataset/dog/0969.jpg,dog
2026-10-05T22:17:54+03:00,https://i.pinimg.com/originals/ba/a7/fc/baa7fca84e718ee795412271f2b2b8ae.jpg,0970.jpg,F:\NTSE\lab01\dataset\dog\0970.jpg,../lab01/dataset/dog/0970.jpg,dog
2026-10-05T22:17:55+03:00,https://paradepets.com/.image/NTowMDAwMDAwMDAwMzUwNjc5/golden-retriever-lying-in-the-grass-and-howling.jpg?profile=share16-9,0971.jpg,F:\NTSE\lab01\dataset\dog\0971.jpg,../lab01/dataset/dog/0971.jpg,dog
2026-10-05T22:17:56+03:00,https://i.pinimg.com/originals/79/ea/6c/79ea6cc4b34d722bef5cdbd56c2cde13.jpg?nii=t,0972.jpg,F:\NTSE\lab01\dataset\dog\0972.jpg,../lab01/dataset/dog/0972.jpg,dog
2026-10-05T22:17:58+03:00,https://i2.wp.com/animalsbreeds.com/wp-content/uploads/2014/07/Pug-9.jpg,0973.jpg,F:\NTSE\lab01\dataset\dog\0973.jpg,../lab01/dataset/dog/0973.jpg,dog
2026-10-05T22:18:03+03:00,https://icdn.lenta.ru/images/2025/03/13/18/20250313183009583/owl_wide_1200_b2e7e5a745ab78b3473bdb3f83f15da0.jpg,0974.jpg,F:\NTSE\lab01\dataset\dog\0974.jpg,../lab01/dataset/dog/0974.jpg,dog
2026-10-05T22:18:04+03:00,https://iheartdogs.com/wp-content/uploads/2024/07/pexels-neil-75310460-8809855-1-1-scaled.jpg,0975.jpg,F:\NTSE\lab01\dataset\dog\0975.jpg,../lab01/dataset/dog/0975.jpg,dog
2026-10-05T22:18:05+03:00,https://i.ytimg.com/vi/_vpNUAF3uGI/maxresdefault.jpg,0976.jpg,F:\NTSE\lab01\dataset\dog\0976.jpg,../lab01/dataset/dog/0976.jpg,dog
2026-10-05T22:18:06+03:00,https://i.ytimg.com/vi/n-GUhhMZ0O4/maxresdefault.jpg,0977.jpg,F:\NTSE\lab01\dataset\dog\0977.jpg,../lab01/dataset/dog/0977.jpg,dog
2026-10-05T22:18:07+03:00,https://i.ytimg.com/vi/dVxOMCX2oTI/maxresdefault.jpg,0978.jpg,F:\NTSE\lab01\dataset\dog\0978.jpg,../lab01/dataset/dog/0978.jpg,dog
2026-10-05T22:18:08+03:00,https://i.pinimg.com/originals/96/0f/fe/960ffe8229ffd2402ee0c19129dde860.jpg,0979.jpg,F:\NTSE\lab01\dataset\dog\0979.jpg,../lab01/dataset/dog/0979.jpg,dog
2026-10-05T22:19:32+03:00,https://i.ytimg.com/vi/rnsPyFEkspQ/maxresdefault.jpg,0980.jpg,F:\NTSE\lab01\dataset\dog\0980.jpg,../lab01/dataset/dog/0980.jpg,dog
2026-10-05T22:19:38+03:00,https://egida.by/_pu/7/98922506.jpg,0981.jpg,F:\NTSE\lab01\dataset\dog\0981.jpg,../lab01/dataset/dog/0981.jpg,dog
2026-10-05T22:19:39+03:00,https://i.pinimg.com/originals/e3/3c/e2/e33ce2bf25036986bc78257def32c367.png,0982.jpg,F:\NTSE\lab01\dataset\dog\0982.jpg,../lab01/dataset/dog/0982.jpg,dog
2026-10-05T22:20:59+03:00,https://i.ytimg.com/vi/_qHtoozsxUo/maxresdefault.jpg,0983.jpg,F:\NTSE\lab01\dataset\dog\0983.jpg,../lab01/dataset/dog/0983.jpg,dog
2026-10-05T22:21:22+03:00,https://www.lonetreevet.com/blog/wp-content/uploads/2021/04/iStock-1223237047-1-2000x1333.jpg,0984.jpg,F:\NTSE\lab01\dataset\dog\0984.jpg,../lab01/dataset/dog/0984.jpg,dog
2026-10-05T22:21:23+03:00,https://yac-wh-sb-prod-s3-media-04001.storage.yandexcloud.net/db_connection/1/layer_item/1/articles/1270/wysiwig-img/332-2-1ca-weaning-puppy-stage-behaviour.jpg,0985.jpg,F:\NTSE\lab01\dataset\dog\0985.jpg,../lab01/dataset/dog/0985.jpg,dog
2026-10-05T22:21:24+03:00,https://www.proplan.ru/sites/default/files/breeders/%D0%B3%D0%B5%D0%BD%D0%B5%D1%82%D0%B8%D0%BA%D0%B0%2010-min.jpg,0986.jpg,F:\NTSE\lab01\dataset\dog\0986.jpg,../lab01/dataset/dog/0986.jpg,dog
2026-10-05T22:22:44+03:00,https://i2-prod.liverpoolecho.co.uk/article30943095.ece/ALTERNATES/s1200e/0_Group-of-happy-dogs-sitting-on-the-road.jpg,0987.jpg,F:\NTSE\lab01\dataset\dog\0987.jpg,../lab01/dataset/dog/0987.jpg,dog
2026-10-05T22:22:45+03:00,https://i.ytimg.com/vi/M-oKZloowdo/maxresdefault.jpg,0988.jpg,F:\NTSE\lab01\dataset\dog\0988.jpg,../lab01/dataset/dog/0988.jpg,dog
2026-10-05T22:22:51+03:00,https://i.pinimg.com/originals/87/ce/cc/87cecc87ab2671cc31023c8fc8fd47b1.png,0989.jpg,F:\NTSE\lab01\dataset\dog\0989.jpg,../lab01/dataset/dog/0989.jpg,dog
2026-10-05T22:22:54+03:00,https://highlandcanine.com/wp-content/uploads/2013/12/aggressive-dog-ready-to-bite.jpg,0990.jpg,F:\NTSE\lab01\dataset\dog\0990.jpg,../lab01/dataset/dog/0990.jpg,dog
2026-10-05T22:22:55+03:00,https://i.pinimg.com/originals/07/70/1d/07701da84675406bc601809835d8c67a.jpg?nii=t,0991.jpg,F:\NTSE\lab01\dataset\dog\0991.jpg,../lab01/dataset/dog/0991.jpg,dog
2026-10-05T22:23:01+03:00,https://i.pinimg.com/originals/60/07/a1/6007a15290cd285a1d979c9b42083dbb.jpg,0992.jpg,F:\NTSE\lab01\dataset\dog\0992.jpg,../lab01/dataset/dog/0992.jpg,dog
2026-10-05T22:23:04+03:00,https://besttopets.com/wp-content/uploads/2023/05/Mini-Goldendoodle-13.jpg,0993.jpg,F:\NTSE\lab01\dataset\dog\0993.jpg,../lab01/dataset/dog/0993.jpg,dog
2026-10-05T22:23:06+03:00,https://assets.newsweek.com/wp-content/uploads/2025/08/2652857-german-shepherd-smiling.jpg?w=1600&quality=80&webp=1,0994.jpg,F:\NTSE\lab01\dataset\dog\0994.jpg,../lab01/dataset/dog/0994.jpg,dog
2026-10-05T22:23:07+03:00,https://storage-api.petstory.ru/resize/1600x1200x80/1a/25/8a/1a258a5def1b49f895738766bb693eff.jpeg,0995.jpg,F:\NTSE\lab01\dataset\dog\0995.jpg,../lab01/dataset/dog/0995.jpg,dog
2026-10-05T22:23:08+03:00,https://s0.rbk.ru/v6_top_pics/media/img/9/76/347237052665769.webp,0996.jpg,F:\NTSE\lab01\dataset\dog\0996.jpg,../lab01/dataset/dog/0996.jpg,dog
2026-10-05T22:23:09+03:00,https://img.gazeta.ru/files3/674/20154674/shutterstock_1746076073-pic4_zoom-1500x1500-34193.jpg,0997.jpg,F:\NTSE\lab01\dataset\dog\0997.jpg,../lab01/dataset/dog/0997.jpg,dog
2026-10-05T22:23:10+03:00,https://i.ytimg.com/vi/IdUmZT3xZwg/maxresdefault.jpg,0998.jpg,F:\NTSE\lab01\dataset\dog\0998.jpg,../lab01/dataset/dog/0998.jpg,dog
2026-10-05T22:23:12+03:00,https://www.shutterstock.com/shutterstock/photos/1809325642/display_1500/stock-photo-happy-english-cocker-spaniel-puppy-portrait-with-blooming-flowers-in-the-background-1809325642.jpg,0999.jpg,F:\NTSE\lab01\dataset\dog\0999.jpg,../lab01/dataset/dog/0999.jpg,dog
2026-10-05T22:23:13+03:00,https://i.pinimg.com/originals/2d/45/59/2d4559dc85e4e7eeb48d75917b618314.jpg,1000.jpg,F:\NTSE\lab01\dataset\dog\1000.jpg,../lab01/dataset/dog/1000.jpg,dog
2026-10-05T22:23:14+03:00,https://i.ytimg.com/vi/gdzIMmfVaXc/maxresdefault.jpg?sqp=-oaymwEmCIAKENAF8quKqQMa8AEB-AH-CYAC0AWKAgwIABABGHIgUig5MA8=&rs=AOn4CLBsChGb0qWRrGIruPopEp2oWQ8i9w,1001.jpg,F:\NTSE\lab01\dataset\dog\1001.jpg,../lab01/dataset/dog/1001.jpg,dog
2026-10-05T22:23:15+03:00,https://i.pinimg.com/originals/e7/24/08/e724082077102bec817c71ea5535b579.jpg,1002.jpg,F:\NTSE\lab01\dataset\dog\1002.jpg,../lab01/dataset/dog/1002.jpg,dog
2026-10-05T22:23:17+03:00,https://www.shutterstock.com/shutterstock/photos/1906879324/display_1500/stock-photo-cute-beagle-puppy-eating-at-home-adorable-pet-1906879324.jpg,1003.jpg,F:\NTSE\lab01\dataset\dog\1003.jpg,../lab01/dataset/dog/1003.jpg,dog
2026-10-05T22:23:19+03:00,https://resizer.mail.ru/p/13b3fb19-9bb0-5efa-b356-8d468911b8ea/AQAOPaPJT72hxDAt1BSPh08OiSo3FQvor7RHUUvYOJ1RlnAb-XtPeKKz31tU797FCD7Fit272lkxwBjdGBIdj5WK85M.jpg,1004.jpg,F:\NTSE\lab01\dataset\dog\1004.jpg,../lab01/dataset/dog/1004.jpg,dog
2026-10-05T22:23:20+03:00,https://yac-wh-sb-prod-s3-media-04001.storage.yandexcloud.net/db_connection/1/layer_item/1/articles/18349/wysiwig-img/%D1%81%D1%82%D0%BE%D0%BA_27159226_m%20copy.webp,1005.jpg,F:\NTSE\lab01\dataset\dog\1005.jpg,../lab01/dataset/dog/1005.jpg,dog
2026-10-05T22:23:21+03:00,https://i.ytimg.com/vi/IRB1hmsRFxg/maxresdefault.jpg?sqp=-oaymwEmCIAKENAF8quKqQMa8AEB-AH-CYAC0AWKAgwIABABGGUgTShFMA8=&rs=AOn4CLCDg8oPhTz_L_sAItmjRmacdeluCw,1006.jpg,F:\NTSE\lab01\dataset\dog\1006.jpg,../lab01/dataset/dog/1006.jpg,dog
2026-10-05T22:23:35+03:00,https://cdn.lifehacker.ru/wp-content/uploads/2019/08/aport_1600778453.jpg,1007.jpg,F:\NTSE\lab01\dataset\dog\1007.jpg,../lab01/dataset/dog/1007.jpg,dog
2026-10-05T22:23:36+03:00,https://i.ytimg.com/vi/uVrdxCw2u6U/maxresdefault.jpg?sqp=-oaymwEmCIAKENAF8quKqQMa8AEB-AH-CYAC0AWKAgwIABABGHIgXSg-MA8=&rs=AOn4CLDug7MmValEKTj9Mtr6fL4QC8qsug,1008.jpg,F:\NTSE\lab01\dataset\dog\1008.jpg,../lab01/dataset/dog/1008.jpg,dog
2026-10-05T22:23:36+03:00,https://i.ytimg.com/vi/tbLOU-kQjPY/maxresdefault.jpg,1009.jpg,F:\NTSE\lab01\dataset\dog\1009.jpg,../lab01/dataset/dog/1009.jpg,dog
2026-10-05T22:23:37+03:00,https://i.ytimg.com/vi/evZcU3JsbDI/maxresdefault.jpg?sqp=-oaymwEmCIAKENAF8quKqQMa8AEB-AHUBoAC4AOKAgwIABABGGUgZShlMA8=&rs=AOn4CLCe29IzS1-5L8EOLr9uD3EmzZjOXQ,1010.jpg,F:\NTSE\lab01\dataset\dog\1010.jpg,../lab01/dataset/dog/1010.jpg,dog
2026-10-05T22:23:39+03:00,https://www.shutterstock.com/shutterstock/photos/491656978/display_1500/stock-photo-cute-havanese-puppy-dog-is-sitting-frontal-and-looking-at-camera-isolated-on-white-background-491656978.jpg,1011.jpg,F:\NTSE\lab01\dataset\dog\1011.jpg,../lab01/dataset/dog/1011.jpg,dog
2026-10-05T22:23:40+03:00,https://cdn.shopify.com/s/files/1/0086/0795/7054/files/Signs_Your_Dog_Needs_Immediate_Dental_Care.jpg?v=1766408163,1012.jpg,F:\NTSE\lab01\dataset\dog\1012.jpg,../lab01/dataset/dog/1012.jpg,dog
2026-10-05T22:23:42+03:00,https://static.vecteezy.com/system/resources/previews/019/763/919/large_2x/cute-puppy-dog-border-collie-with-funny-face-waving-paw-isolated-on-pink-background-cute-pet-dog-pet-animal-life-concept-photo.jpg,1013.jpg,F:\NTSE\lab01\dataset\dog\1013.jpg,../lab01/dataset/dog/1013.jpg,dog
2026-10-05T22:25:02+03:00,https://i.pinimg.com/originals/51/ea/6d/51ea6d9f53e6c0db558f43bd20b26825.jpg,1014.jpg,F:\NTSE\lab01\dataset\dog\1014.jpg,../lab01/dataset/dog/1014.jpg,dog
2026-10-05T22:25:04+03:00,https://resizer.mail.ru/p/b7519627-d0db-5395-a699-d92eaeb8bb57/AQAOHqTZfxXGi8iR2geHE7kXo0GwkWHYlUUymQ3vdhYA0LDYGKdHwyx2UiJOv6xw5gqEmEzSWGffWCUFv-IB1fSdJNQ.jpg,1015.jpg,F:\NTSE\lab01\dataset\dog\1015.jpg,../lab01/dataset/dog/1015.jpg,dog
2026-10-05T22:25:07+03:00,https://huskypuppiemag.com/wp-content/uploads/2024/11/American-Husky-and-Alaskan-Husky.jpg,1016.jpg,F:\NTSE\lab01\dataset\dog\1016.jpg,../lab01/dataset/dog/1016.jpg,dog
2026-10-05T22:25:12+03:00,https://i.ytimg.com/vi/BC-0CeIN2f0/maxresdefault.jpg,1017.jpg,F:\NTSE\lab01\dataset\dog\1017.jpg,../lab01/dataset/dog/1017.jpg,dog
2026-10-05T22:25:17+03:00,http://www.gaidardb.ru/img/705/2.jpg,1018.jpg,F:\NTSE\lab01\dataset\dog\1018.jpg,../lab01/dataset/dog/1018.jpg,dog
2026-10-05T22:25:19+03:00,https://i.pinimg.com/originals/2f/52/da/2f52da3e81a1bf9f8511ae6ff9946fe2.png?nii=t,1019.jpg,F:\NTSE\lab01\dataset\dog\1019.jpg,../lab01/dataset/dog/1019.jpg,dog
2026-10-05T22:25:23+03:00,https://i.pinimg.com/originals/35/6c/26/356c260615f159904c46d8c5e8b412ce.jpg,1020.jpg,F:\NTSE\lab01\dataset\dog\1020.jpg,../lab01/dataset/dog/1020.jpg,dog
2026-10-05T22:25:24+03:00,https://www.purina.ru/sites/default/files/2025-09/sa62_1.jpg,1021.jpg,F:\NTSE\lab01\dataset\dog\1021.jpg,../lab01/dataset/dog/1021.jpg,dog
2026-10-05T22:25:26+03:00,https://aif-s3.aif.ru/images/044/555/84caf11528c9cd5be9d7ae1a2cd533ea.webp,1022.jpg,F:\NTSE\lab01\dataset\dog\1022.jpg,../lab01/dataset/dog/1022.jpg,dog
2026-10-05T22:25:27+03:00,https://i.pinimg.com/736x/88/4d/eb/884deb5f53957844c59ea5f5aac80c6d.jpg,1023.jpg,F:\NTSE\lab01\dataset\dog\1023.jpg,../lab01/dataset/dog/1023.jpg,dog
2026-10-05T22:25:28+03:00,https://i.pinimg.com/originals/d4/c3/17/d4c31755eee95c2d7b2b132ee1d3f906.jpg,1024.jpg,F:\NTSE\lab01\dataset\dog\1024.jpg,../lab01/dataset/dog/1024.jpg,dog
2026-10-05T22:25:29+03:00,https://i.ytimg.com/vi/WPUs5i3PCPs/maxresdefault.jpg,1025.jpg,F:\NTSE\lab01\dataset\dog\1025.jpg,../lab01/dataset/dog/1025.jpg,dog
2026-10-05T22:25:35+03:00,https://img.asmedia.epimg.net/resizer/v2/NFYAF3GLDNGUDPAX3YZJUJ6HQU.jpg?auth=4e1df174c25e370fede4749e53bd0f8a3ccecffcdf9112b0052a70e6a8933119&width=1472&height=828&smart=true,1026.jpg,F:\NTSE\lab01\dataset\dog\1026.jpg,../lab01/dataset/dog/1026.jpg,dog
2026-10-05T22:26:57+03:00,https://www.toledoblade.com/image/2023/11/24/1140x_a10-7_cTC/1410263769.jpg,1027.jpg,F:\NTSE\lab01\dataset\dog\1027.jpg,../lab01/dataset/dog/1027.jpg,dog
2026-10-05T22:28:18+03:00,https://i.ytimg.com/vi/fOjXeFsRcS4/maxresdefault.jpg?sqp=-oaymwEmCIAKENAF8quKqQMa8AEB-AG2CIAC0AWKAgwIABABGHIgVCgzMA8=&rs=AOn4CLAQpgdbmC3vgS7hiPRaOhaCDQnHOA,1028.jpg,F:\NTSE\lab01\dataset\dog\1028.jpg,../lab01/dataset/dog/1028.jpg,dog
2026-10-05T22:28:25+03:00,https://a.storyblok.com/f/152976/1647x637/5e0022cea2/istock-182214502.jpg/m/2100x780/filters:format(jpeg):quality(75),1029.jpg,F:\NTSE\lab01\dataset\dog\1029.jpg,../lab01/dataset/dog/1029.jpg,dog
2026-10-05T22:29:46+03:00,https://i.pinimg.com/736x/e3/15/94/e315947722dc9e07c057b97633e48fa0.jpg,1030.jpg,F:\NTSE\lab01\dataset\dog\1030.jpg,../lab01/dataset/dog/1030.jpg,dog
2026-10-05T22:29:47+03:00,https://i.ytimg.com/vi/c1sdMuVmYJk/hq720.jpg,1031.jpg,F:\NTSE\lab01\dataset\dog\1031.jpg,../lab01/dataset/dog/1031.jpg,dog
2026-10-05T22:29:52+03:00,https://i.pinimg.com/originals/b1/b9/5e/b1b95ecc535324585a70486f524658eb.jpg,1032.jpg,F:\NTSE\lab01\dataset\dog\1032.jpg,../lab01/dataset/dog/1032.jpg,dog
2026-10-05T22:29:53+03:00,https://image-eo.winudf.com/v2/image/Y29tLnRvcmR1c2dhbWVzLnB1enpsZXMucHVwcGllc19zY3JlZW5fMF8xNTM3OTA1MDQwXzAwMg/screen-0.jpg?fakeurl=1&type=.jpg,1033.jpg,F:\NTSE\lab01\dataset\dog\1033.jpg,../lab01/dataset/dog/1033.jpg,dog
2026-10-05T22:31:15+03:00,https://s0.rbk.ru/v6_top_pics/media/img/9/98/346974390031989.webp,1034.jpg,F:\NTSE\lab01\dataset\dog\1034.jpg,../lab01/dataset/dog/1034.jpg,dog
2026-10-05T22:31:17+03:00,https://www.monmouth.edu/magazine/wp-content/uploads/sites/7/2017/11/dog.jpg,1035.jpg,F:\NTSE\lab01\dataset\dog\1035.jpg,../lab01/dataset/dog/1035.jpg,dog
2026-10-05T22:31:18+03:00,https://i.pinimg.com/originals/3a/e5/48/3ae548239043762a8a66fc9ec3ab7fd2.jpg,1036.jpg,F:\NTSE\lab01\dataset\dog\1036.jpg,../lab01/dataset/dog/1036.jpg,dog
2026-10-05T22:31:41+03:00,https://image.winudf.com/v2/image1/Y29tLkZ1dHVyZXlvdWFwcHNEZXYxOTcub2ZmbGluZXdhbGxwYXBlcl9zY3JlZW5fNV8xNjgwNzk3NTU5XzAyNg/screen-5.jpg?fakeurl=1&type=.jpg,1037.jpg,F:\NTSE\lab01\dataset\dog\1037.jpg,../lab01/dataset/dog/1037.jpg,dog
2026-10-05T22:31:42+03:00,https://i2-prod.mirror.co.uk/article36814431.ece/ALTERNATES/s1200e/0_The-5-types-of-people-who-should-never-own-a-dog-according-to-trainer.jpg,1038.jpg,F:\NTSE\lab01\dataset\dog\1038.jpg,../lab01/dataset/dog/1038.jpg,dog
2026-10-05T22:31:43+03:00,https://i.ytimg.com/vi/fOWSsognOuk/maxresdefault.jpg,1039.jpg,F:\NTSE\lab01\dataset\dog\1039.jpg,../lab01/dataset/dog/1039.jpg,dog
2026-10-05T22:31:44+03:00,https://i.pinimg.com/originals/2f/70/17/2f7017a62db92a135671e08467f0d98a.jpg?nii=t,1040.jpg,F:\NTSE\lab01\dataset\dog\1040.jpg,../lab01/dataset/dog/1040.jpg,dog
2026-10-05T22:31:45+03:00,https://i2-prod.mirror.co.uk/article26710549.ece/ALTERNATES/s1200e/0_Portrait-of-a-ginger-dog-by-a-pink-bowl-with-natural-food-Dog-food-concept.jpg,1041.jpg,F:\NTSE\lab01\dataset\dog\1041.jpg,../lab01/dataset/dog/1041.jpg,dog
2026-10-05T22:31:46+03:00,https://www.vezercare.com/wp-content/uploads/2024/05/best-tar-shampoo-for-dogs.png,1042.jpg,F:\NTSE\lab01\dataset\dog\1042.jpg,../lab01/dataset/dog/1042.jpg,dog
2026-10-05T22:31:47+03:00,https://i.pinimg.com/originals/a5/40/02/a5400209b06c9ea0e7692b697924b471.jpg,1043.jpg,F:\NTSE\lab01\dataset\dog\1043.jpg,../lab01/dataset/dog/1043.jpg,dog
2026-10-05T22:31:48+03:00,https://i.pinimg.com/originals/47/44/d0/4744d01ef6b887b8939506d8bc03e013.jpg?nii=t,1044.jpg,F:\NTSE\lab01\dataset\dog\1044.jpg,../lab01/dataset/dog/1044.jpg,dog
2026-10-05T22:31:57+03:00,https://www.sheknows.com/wp-content/uploads/2023/06/cute-small-dog-breeds.jpg?resize=768,1045.jpg,F:\NTSE\lab01\dataset\dog\1045.jpg,../lab01/dataset/dog/1045.jpg,dog
2026-10-05T22:31:58+03:00,https://i.ytimg.com/vi/QHUihpcEZR4/maxresdefault.jpg,1046.jpg,F:\NTSE\lab01\dataset\dog\1046.jpg,../lab01/dataset/dog/1046.jpg,dog
2026-10-05T22:31:58+03:00,https://i.ytimg.com/vi/-15MU56lfRI/maxresdefault.jpg,1047.jpg,F:\NTSE\lab01\dataset\dog\1047.jpg,../lab01/dataset/dog/1047.jpg,dog
2026-10-05T22:32:00+03:00,https://img.goodfon.ru/wallpaper/nbig/3/51/bernskii-zennenkhund-sobaka-mordashka-vzgliad-priroda-poza-s.webp,1048.jpg,F:\NTSE\lab01\dataset\dog\1048.jpg,../lab01/dataset/dog/1048.jpg,dog
2026-10-05T22:32:00+03:00,https://i.ytimg.com/vi/HPsr4WA3m7U/maxresdefault.jpg,1049.jpg,F:\NTSE\lab01\dataset\dog\1049.jpg,../lab01/dataset/dog/1049.jpg,dog
2026-10-05T22:32:01+03:00,https://i.ytimg.com/vi/ab5o-T4OJKY/maxresdefault.jpg,1050.jpg,F:\NTSE\lab01\dataset\dog\1050.jpg,../lab01/dataset/dog/1050.jpg,dog
2026-10-05T22:32:03+03:00,https://s.hdnux.com/photos/01/23/72/75/21999441/4/rawImage.jpg,1051.jpg,F:\NTSE\lab01\dataset\dog\1051.jpg,../lab01/dataset/dog/1051.jpg,dog
2026-10-05T22:32:04+03:00,https://avatars.dzeninfra.ru/get-zen_doc/271828/pub_6a9d5d0567a00542d2d87fd6_6a9e4d0d3a82be06c6a1032e/scale_1200,1052.jpg,F:\NTSE\lab01\dataset\dog\1052.jpg,../lab01/dataset/dog/1052.jpg,dog
2026-10-05T22:32:06+03:00,https://img.7ya.ru/fresh/2021/8/26/1629966201962.jpg,1053.jpg,F:\NTSE\lab01\dataset\dog\1053.jpg,../lab01/dataset/dog/1053.jpg,dog
2026-10-05T22:32:07+03:00,https://i.pinimg.com/originals/3b/47/d0/3b47d0944c838a7d2fcfb37914d0c413.jpg?nii=t,1054.jpg,F:\NTSE\lab01\dataset\dog\1054.jpg,../lab01/dataset/dog/1054.jpg,dog
2026-10-05T22:32:08+03:00,https://static.78.ru/images/uploads/media/2025/12/23/1766486679403.jpg,1055.jpg,F:\NTSE\lab01\dataset\dog\1055.jpg,../lab01/dataset/dog/1055.jpg,dog
2026-10-05T22:32:10+03:00,https://hauever.pl/wp-content/uploads/2021/05/whippet-charty-rasy-psow-szybkie-psy-wesoly-pies.jpg,1056.jpg,F:\NTSE\lab01\dataset\dog\1056.jpg,../lab01/dataset/dog/1056.jpg,dog
2026-10-05T22:32:10+03:00,https://i.ytimg.com/vi/JBbc0uvjiUk/maxresdefault.jpg,1057.jpg,F:\NTSE\lab01\dataset\dog\1057.jpg,../lab01/dataset/dog/1057.jpg,dog
2026-10-05T22:32:11+03:00,https://i.pinimg.com/736x/4b/1a/0f/4b1a0f6ecdbb00fa10c8213058a021cb.jpg,1058.jpg,F:\NTSE\lab01\dataset\dog\1058.jpg,../lab01/dataset/dog/1058.jpg,dog
2026-10-05T22:34:54+03:00,https://www.shutterstock.com/shutterstock/photos/1427122454/display_1500/stock-photo-portrait-of-a-young-and-happy-shi-tzu-dog-puppy-on-a-white-background-animal-themes-1427122454.jpg,1059.jpg,F:\NTSE\lab01\dataset\dog\1059.jpg,../lab01/dataset/dog/1059.jpg,dog
2026-10-05T22:36:14+03:00,https://i.pinimg.com/originals/6f/2d/2b/6f2d2b93d70f4b2e2be9b58fd3ffac90.png,1060.jpg,F:\NTSE\lab01\dataset\dog\1060.jpg,../lab01/dataset/dog/1060.jpg,dog
2026-10-05T22:36:15+03:00,https://thumbs.dreamstime.com/z/profile-golden-retriever-dog-23053593.jpg,1061.jpg,F:\NTSE\lab01\dataset\dog\1061.jpg,../lab01/dataset/dog/1061.jpg,dog
2026-10-05T22:36:38+03:00,https://www.ellevetsciences.com/wp-content/uploads/2023/06/ev_blog_havanese.jpg,1062.jpg,F:\NTSE\lab01\dataset\dog\1062.jpg,../lab01/dataset/dog/1062.jpg,dog
2026-10-05T22:36:39+03:00,https://i.pinimg.com/originals/21/8f/71/218f7113e2c933916d1afebd57b0acb2.jpg,1063.jpg,F:\NTSE\lab01\dataset\dog\1063.jpg,../lab01/dataset/dog/1063.jpg,dog
2026-10-05T22:37:59+03:00,https://aif-s3.aif.ru/images/029/049/d651a239ddf4ac7ac42ed825109142ba.jpg,1064.jpg,F:\NTSE\lab01\dataset\dog\1064.jpg,../lab01/dataset/dog/1064.jpg,dog
2026-10-05T22:38:01+03:00,https://images.prismic.io/wisdom/aORPoZ5xUNkB1okg_AdobeStock_687844621.jpeg,1065.jpg,F:\NTSE\lab01\dataset\dog\1065.jpg,../lab01/dataset/dog/1065.jpg,dog
2026-10-05T22:38:07+03:00,https://www.pupvine.com/wp-content/uploads/2023/01/How-To-Teach-A-Dog-To-Shake-A-Beginners-Training-Guide.jpg,1066.jpg,F:\NTSE\lab01\dataset\dog\1066.jpg,../lab01/dataset/dog/1066.jpg,dog
2026-10-05T22:38:08+03:00,https://i.pinimg.com/originals/4b/a0/31/4ba0312264e3ab707b747b051fde7a1d.jpg,1067.jpg,F:\NTSE\lab01\dataset\dog\1067.jpg,../lab01/dataset/dog/1067.jpg,dog
2026-10-05T22:38:14+03:00,https://images-bonnier.imgix.net/files/ill/production/Labrador-retriever.jpg?auto=format,1068.jpg,F:\NTSE\lab01\dataset\dog\1068.jpg,../lab01/dataset/dog/1068.jpg,dog
2026-10-05T22:38:15+03:00,https://i.ytimg.com/vi/oULoa3IgouQ/maxresdefault.jpg,1069.jpg,F:\NTSE\lab01\dataset\dog\1069.jpg,../lab01/dataset/dog/1069.jpg,dog
2026-10-05T22:38:16+03:00,https://i.pinimg.com/originals/58/3b/de/583bde2314bae272a5ca8bf80b6407cb.jpg,1070.jpg,F:\NTSE\lab01\dataset\dog\1070.jpg,../lab01/dataset/dog/1070.jpg,dog
2026-10-05T22:39:48+03:00,https://i.ytimg.com/vi/5k9KFM5stIA/maxresdefault.jpg,1071.jpg,F:\NTSE\lab01\dataset\dog\1071.jpg,../lab01/dataset/dog/1071.jpg,dog
2026-10-05T22:39:49+03:00,https://i.ytimg.com/vi/YWlLkLa9XDU/maxresdefault.jpg,1072.jpg,F:\NTSE\lab01\dataset\dog\1072.jpg,../lab01/dataset/dog/1072.jpg,dog
2026-10-05T22:39:50+03:00,https://i.pinimg.com/originals/76/96/d8/7696d88661a43d8a8da0d92b955e93f3.jpg,1073.jpg,F:\NTSE\lab01\dataset\dog\1073.jpg,../lab01/dataset/dog/1073.jpg,dog
2026-10-05T22:39:51+03:00,https://thumbs.dreamstime.com/z/playfull-small-dog-green-natural-grass-happy-paw-moments-series-photos-79869826.jpg,1074.jpg,F:\NTSE\lab01\dataset\dog\1074.jpg,../lab01/dataset/dog/1074.jpg,dog
2026-10-05T22:41:12+03:00,https://thumbs.dreamstime.com/z/white-dog-dogo-argentino-also-known-as-argentine-mastiff-white-dog-dogo-argentino-also-known-as-argentine-mastiff-170388416.jpg,1075.jpg,F:\NTSE\lab01\dataset\dog\1075.jpg,../lab01/dataset/dog/1075.jpg,dog
2026-10-05T22:41:14+03:00,https://i.pinimg.com/originals/19/73/41/197341c7a345b626c33be1dd4d3c2801.jpg,1076.jpg,F:\NTSE\lab01\dataset\dog\1076.jpg,../lab01/dataset/dog/1076.jpg,dog
2026-10-05T22:42:36+03:00,https://i.iheart.com/v3/re/assets.getty/61519f8dbc5f38e9293a93e9,1077.jpg,F:\NTSE\lab01\dataset\dog\1077.jpg,../lab01/dataset/dog/1077.jpg,dog
2026-10-05T22:42:37+03:00,https://img.goodfon.ru/wallpaper/nbig/6/8c/sobaka-sherst-iork-terer-iork.webp,1078.jpg,F:\NTSE\lab01\dataset\dog\1078.jpg,../lab01/dataset/dog/1078.jpg,dog
2026-10-05T22:42:41+03:00,"https://images.prismic.io/doge/9297cce9-c296-4173-95a1-7170b61af19b_2.jpg?auto=compress,format",1079.jpg,F:\NTSE\lab01\dataset\dog\1079.jpg,../lab01/dataset/dog/1079.jpg,dog
2026-10-05T22:42:46+03:00,https://resizer.mail.ru/p/15d75c51-c0f1-5afd-8994-beb532ae2b07/AQAO7hVtadXVo_f8g3quahV62kHnsQotLfBek_Wp8xk4h0sVxnCxphpPaR4e6dQXLf9OyP1OhOMDIww2UiIhZGgvipE.jpg,1080.jpg,F:\NTSE\lab01\dataset\dog\1080.jpg,../lab01/dataset/dog/1080.jpg,dog
2026-10-05T22:42:52+03:00,https://static.independent.co.uk/2022/02/11/11/iStock-1041987488.jpg,1081.jpg,F:\NTSE\lab01\dataset\dog\1081.jpg,../lab01/dataset/dog/1081.jpg,dog
2026-10-05T22:42:54+03:00,https://www.integrityinc.org/wp-content/uploads/2021/05/pexels-jonathan-meyer-7523831_bb2a207f549a9d73ed8fe8954e2a56b7_2000.jpg,1082.jpg,F:\NTSE\lab01\dataset\dog\1082.jpg,../lab01/dataset/dog/1082.jpg,dog
2026-10-05T22:44:16+03:00,https://www.shutterstock.com/shutterstock/photos/2074624555/display_1500/stock-photo-two-great-dane-dogs-wearing-yellow-plaid-scarf-and-bow-tie-with-a-dark-green-background-2074624555.jpg,1083.jpg,F:\NTSE\lab01\dataset\dog\1083.jpg,../lab01/dataset/dog/1083.jpg,dog
2026-10-05T22:44:39+03:00,https://iheartdogs.com/wp-content/uploads/2025/05/oliver-bichard-uEZ3sYLgx6E-unsplash-e1746480322415.jpg,1084.jpg,F:\NTSE\lab01\dataset\dog\1084.jpg,../lab01/dataset/dog/1084.jpg,dog
2026-10-05T22:46:00+03:00,https://tf-prod-bunny-pullzone-1.gooddog.com/images/lekd55909ft7ukfabptakvwhr659/dogue-de-bordeaux.jpg,1085.jpg,F:\NTSE\lab01\dataset\dog\1085.jpg,../lab01/dataset/dog/1085.jpg,dog
2026-10-05T22:46:02+03:00,https://i.ytimg.com/vi/4epKCrvoxMw/maxresdefault.jpg,1086.jpg,F:\NTSE\lab01\dataset\dog\1086.jpg,../lab01/dataset/dog/1086.jpg,dog
2026-10-05T22:47:23+03:00,https://i.pinimg.com/originals/2f/e6/f2/2fe6f2a67ef84a3d84dc1f3f6e27df22.png,1087.jpg,F:\NTSE\lab01\dataset\dog\1087.jpg,../lab01/dataset/dog/1087.jpg,dog
2026-10-05T22:47:24+03:00,https://i.ytimg.com/vi/MQR6pk58bn8/maxresdefault.jpg?sqp=-oaymwEmCIAKENAF8quKqQMa8AEB-AH-CYAC0AWKAgwIABABGGUgZChZMA8=&rs=AOn4CLAULygT7Fbn-eNuo_S2ikqwdsl50Q,1088.jpg,F:\NTSE\lab01\dataset\dog\1088.jpg,../lab01/dataset/dog/1088.jpg,dog
2026-10-05T22:48:44+03:00,https://i00.eu/img/403/1600x1600/1cg4rhdp/448290.jpg,1089.jpg,F:\NTSE\lab01\dataset\dog\1089.jpg,../lab01/dataset/dog/1089.jpg,dog
2026-10-05T22:49:07+03:00,https://www.bluebuffalo.com/globalassets/bff-articles/dog-articles/dog-leash-training/articleimage-leashtraining-header.jpg,1090.jpg,F:\NTSE\lab01\dataset\dog\1090.jpg,../lab01/dataset/dog/1090.jpg,dog
2026-10-05T22:50:27+03:00,https://i.ytimg.com/vi/_nFxFWtXw6U/maxresdefault.jpg,1091.jpg,F:\NTSE\lab01\dataset\dog\1091.jpg,../lab01/dataset/dog/1091.jpg,dog
2026-10-05T22:52:02+03:00,https://www.shkolazhizni.ru/img/content/i206/206870_or.jpg,1092.jpg,F:\NTSE\lab01\dataset\dog\1092.jpg,../lab01/dataset/dog/1092.jpg,dog
2026-10-05T22:52:03+03:00,https://cdn.mos.cms.futurecdn.net/tckBEBRtTgvCYnG44YczFd-1280-80.jpg,1093.jpg,F:\NTSE\lab01\dataset\dog\1093.jpg,../lab01/dataset/dog/1093.jpg,dog
2026-10-05T22:52:05+03:00,https://i.pinimg.com/originals/ab/93/ac/ab93acda0846682a502a19896bb59a3e.jpg,1094.jpg,F:\NTSE\lab01\dataset\dog\1094.jpg,../lab01/dataset/dog/1094.jpg,dog
2026-10-05T22:52:15+03:00,https://cdn.lifegate.it/TpJdLaHk6oJfefql46gjHl8hfWc=/1140x/smart/https://www.lifegate.it/app/uploads/2020/06/dalmata-in-stazione-1.jpg,1095.jpg,F:\NTSE\lab01\dataset\dog\1095.jpg,../lab01/dataset/dog/1095.jpg,dog
2026-10-05T22:52:37+03:00,https://www.animalsaroundtheglobe.com/wp-content/uploads/2024/07/Depositphotos_196392180_XL-1200x796.jpg,1096.jpg,F:\NTSE\lab01\dataset\dog\1096.jpg,../lab01/dataset/dog/1096.jpg,dog
2026-10-05T22:52:40+03:00,https://www.yourtango.com/sites/default/files/image_blog/2025-06/types-of-dogs-and-the-special-kind-of-love-they-bring-into-their-persons-life-the-protector.png,1097.jpg,F:\NTSE\lab01\dataset\dog\1097.jpg,../lab01/dataset/dog/1097.jpg,dog
2026-10-05T22:52:41+03:00,https://i.ytimg.com/vi/ji8BFnXGqHM/maxresdefault.jpg?sqp=-oaymwEmCIAKENAF8quKqQMa8AEB-AH-CYAC0AWKAgwIABABGDUgZSgPMA8=&rs=AOn4CLDjjkvBPpICjE9-Qh85JPPmgx8bZw,1098.jpg,F:\NTSE\lab01\dataset\dog\1098.jpg,../lab01/dataset/dog/1098.jpg,dog
2026-10-05T22:52:44+03:00,https://highlandcanine.com/wp-content/uploads/2023/10/confident-dog.jpg,1099.jpg,F:\NTSE\lab01\dataset\dog\1099.jpg,../lab01/dataset/dog/1099.jpg,dog
2026-10-05T22:54:05+03:00,https://www.shutterstock.com/shutterstock/photos/379588795/display_1500/stock-photo-dogo-argentino-puppy-379588795.jpg,1100.jpg,F:\NTSE\lab01\dataset\dog\1100.jpg,../lab01/dataset/dog/1100.jpg,dog
2026-10-05T22:54:07+03:00,https://yt3.googleusercontent.com/DRY-Ei21K_VINi_mF4_Yd9ETrl2QYm6X5LQTyILhZG3r2tSBKi925A__3K7aAXVGB1Pyrtda7A=s900-c-k-c0x00ffffff-no-rj,1101.jpg,F:\NTSE\lab01\dataset\dog\1101.jpg,../lab01/dataset/dog/1101.jpg,dog
2026-10-05T22:54:08+03:00,https://storage.yandexcloud.net/yac-wh-sb-prod-s3-media-03005/uploads/article/321/bd465fadb34e59dbee7ba45383667726.jpg,1102.jpg,F:\NTSE\lab01\dataset\dog\1102.jpg,../lab01/dataset/dog/1102.jpg,dog
2026-10-05T22:54:14+03:00,https://photobooth.cdn.sports.ru/preset/post/0/f5/df284395244ff924cd0c985f0dec3.jpeg?f=webp&q=90&s=2x&w=730,1103.jpg,F:\NTSE\lab01\dataset\dog\1103.jpg,../lab01/dataset/dog/1103.jpg,dog
2026-10-05T22:54:15+03:00,https://i.pinimg.com/originals/76/3c/85/763c85ea117a593607ac9630eb5f281d.jpg,1104.jpg,F:\NTSE\lab01\dataset\dog\1104.jpg,../lab01/dataset/dog/1104.jpg,dog
2026-10-05T22:55:36+03:00,https://i.pinimg.com/originals/31/7f/7f/317f7f6998860840145156e73545fa2c.jpg,1105.jpg,F:\NTSE\lab01\dataset\dog\1105.jpg,../lab01/dataset/dog/1105.jpg,dog
2026-10-05T22:55:37+03:00,https://i.dailymail.co.uk/1s/2023/11/25/12/75469143-0-image-m-76_1700914829674.jpg,1106.jpg,F:\NTSE\lab01\dataset\dog\1106.jpg,../lab01/dataset/dog/1106.jpg,dog
